onset	duration	trial_type	stim_id	condition	identity	corr_resp	block	fix_duration	subj_id	resp_key	rt
8.366	1.5	compared	mst_197_A_l3.png	compared	A	none	4	2.35999166875942	102	NA	NaN
11.241	1.5	compared	mst_197_B_l3.png	compared	B	2	4	1.36356956584971	102	NA	NaN
14.133	1.5	filler	mst_183_A_foil.png	filler	F	none	4	1.38541332053395	102	NA	NaN
16.591	1.5	repeat	mst_282_A_l4.png	repeat	A	none	4	0.949199556460979	102	NA	NaN
19.575	1.5	repeat	mst_282_A_l4.png	repeat	A	1	4	1.47117235494377	102	1	0.698620614595711
23.458	1.5	filler	mst_182_A_foil.png	filler	F	none	4	2.37375078500494	102	NA	NaN
26.925	1.5	compared	mst_047_A_l2.png	compared	A	none	4	1.95987652782498	102	NA	NaN
29.425	1.5	compared	mst_047_B_l2.png	compared	B	2	4	0.98863336469051	102	1	1.17177593056113
31.967	1.5	filler	mst_096_A_foil.png	filler	F	none	4	1.02938000355046	102	NA	NaN
35.358	1.5	compared	mst_172_A_l3.png	compared	A	none	4	1.87978395964005	102	NA	NaN
38.25	1.5	compared	mst_172_B_l3.png	compared	B	2	4	1.38192899387103	102	2	0.654897972010076
41.258	1.5	repeat	mst_275_A_l4.png	repeat	A	none	4	1.50176863312152	102	NA	NaN
43.667	1.5	repeat	mst_275_A_l4.png	repeat	A	1	4	0.900803994878812	102	1	0.885340631008148
46.608	1.5	compared	mst_232_A_l3.png	compared	A	none	4	1.43226353025597	102	NA	NaN
49.433	1.5	compared	mst_232_B_l3.png	compared	B	2	4	1.3143827929223	102	2	0.75769595336169
52.633	1.5	repeat	mst_316_A_l4.png	repeat	A	none	4	1.68992328579218	102	NA	NaN
54.717	1.5	repeat	mst_316_A_l4.png	repeat	A	1	4	0.576235895504031	102	1	0.73149065580219
58.625	1.5	filler	mst_215_A_foil.png	filler	F	none	4	2.39758998456115	102	NA	NaN
60.733	1.5	filler	mst_082_A_foil.png	filler	F	none	4	0.59965831811468	102	NA	NaN
63.717	1.5	filler	mst_184_A_foil.png	filler	F	none	4	1.47456126383598	102	NA	NaN
67.042	1.5	compared	mst_040_A_l2.png	compared	A	none	4	1.81764160840951	102	NA	NaN
69.167	1.5	compared	mst_040_B_l2.png	compared	B	2	4	0.613265495571589	102	2	0.8086560331285
72.283	1.5	filler	mst_009_A_foil.png	filler	F	none	4	1.6057409736418	102	NA	NaN
74.958	1.5	compared	mst_078_A_l2.png	compared	A	none	4	1.16650006703662	102	NA	NaN
78.392	1.5	compared	mst_078_B_l2.png	compared	B	2	4	1.92165648031265	102	2	0.791820184327662
81.192	1.5	filler	mst_196_A_foil.png	filler	F	none	4	1.2870600696436	102	NA	NaN
85.075	1.5	compared	mst_022_A_l2.png	compared	A	none	4	2.37759586463964	102	NA	NaN
87.658	1.5	compared	mst_022_B_l2.png	compared	B	2	4	1.07631096094971	102	2	0.797294516116381
90.2	1.5	filler	mst_218_A_foil.png	filler	F	none	4	1.03622074451245	102	NA	NaN
92.367	1.5	compared	mst_139_A_l3.png	compared	A	none	4	0.658611726124033	102	NA	NaN
94.709	1.5	compared	mst_139_B_l3.png	compared	B	2	4	0.831648544661224	102	2	0.821394352242351
97.225	1.5	filler	mst_116_A_foil.png	filler	F	none	4	1.00815634962619	102	NA	NaN
100.025	1.5	compared	mst_043_A_l2.png	compared	A	none	4	1.28829369914366	102	NA	NaN
103.175	1.5	compared	mst_043_B_l2.png	compared	B	2	4	1.63807149663077	102	NA	NaN
106.709	1.5	repeat	mst_268_A_l4.png	repeat	A	none	4	2.02218765960779	102	NA	NaN
109.784	1.5	repeat	mst_268_A_l4.png	repeat	A	1	4	1.56793009517456	102	1	1.02659306954592
112.359	1.5	compared	mst_190_A_l3.png	compared	A	none	4	1.06745529441467	102	NA	NaN
115.667	1.5	compared	mst_190_B_l3.png	compared	B	2	4	1.79887187216584	102	2	0.772392225451767
118.842	1.5	repeat	mst_302_A_l4.png	repeat	A	none	4	1.66673871361198	102	NA	NaN
122.525	1.5	repeat	mst_302_A_l4.png	repeat	A	1	4	2.17757133887683	102	1	1.17319476325065
125.242	1.5	repeat	mst_242_A_l4.png	repeat	A	none	4	1.20727543221977	102	NA	NaN
127.775	1.5	repeat	mst_242_A_l4.png	repeat	A	1	4	1.02747142218255	102	1	1.06128670088947
131.542	1.5	filler	mst_217_A_foil.png	filler	F	none	4	2.25385042738509	102	NA	NaN
134.159	1.5	compared	mst_076_A_l2.png	compared	A	none	4	1.10413531975704	102	NA	NaN
136.659	1.5	compared	mst_076_B_l2.png	compared	B	2	4	0.989848755032968	102	2	0.815973560325801
139.092	1.5	repeat	mst_272_A_l4.png	repeat	A	none	4	0.923229947733695	102	NA	NaN
143.017	1.5	repeat	mst_272_A_l4.png	repeat	A	1	4	2.41773199178447	102	1	1.02273845672607
145.3	1.5	filler	mst_188_A_foil.png	filler	F	none	4	0.771057827601993	102	NA	NaN
148.884	1.5	repeat	mst_266_A_l4.png	repeat	A	none	4	2.07699882994663	102	NA	NaN
152.634	1.5	repeat	mst_266_A_l4.png	repeat	A	1	4	2.24403949525884	102	2	0.801248339936137
155.717	1.5	compared	mst_191_A_l3.png	compared	A	none	4	1.5716084384779	102	NA	NaN
157.759	1.5	compared	mst_191_B_l3.png	compared	B	2	4	0.53499015827324	102	2	0.895336285233498
160.259	1.5	repeat	mst_263_A_l4.png	repeat	A	none	4	0.990434475705647	102	NA	NaN
162.725	1.5	repeat	mst_263_A_l4.png	repeat	A	1	4	0.959947681098726	102	1	1.03469462879002
166.625	1.5	compared	mst_131_A_l3.png	compared	A	none	4	2.38835493173915	102	NA	NaN
169.75	1.5	compared	mst_131_B_l3.png	compared	B	2	4	1.61846595298039	102	2	0.734791422262788
173.667	1.5	filler	mst_136_A_foil.png	filler	F	none	4	2.40839148895719	102	NA	NaN
177.142	1.5	compared	mst_016_A_l2.png	compared	A	none	4	1.96554858592378	102	NA	NaN
180.284	1.5	compared	mst_016_B_l2.png	compared	B	2	4	1.63504744258854	102	2	0.916667371988297
184.276	1.5	filler	mst_226_A_foil.png	filler	F	none	4	2.48062384278351	102	NA	NaN
187.534	1.5	compared	mst_064_A_l2.png	compared	A	none	4	1.74686699457539	102	NA	NaN
191.442	1.5	compared	mst_064_B_l2.png	compared	B	2	4	2.39744090149282	102	2	1.01941414736211
200.084	1.5	filler	mst_061_A_foil.png	filler	F	none	4	1.1206319537808	102	NA	NaN
203.267	1.5	filler	mst_229_A_foil.png	filler	F	none	4	1.6764864573866	102	NA	NaN
206.176	1.5	filler	mst_164_A_foil.png	filler	F	none	4	1.39801531813803	102	NA	NaN
209.459	1.5	filler	mst_021_A_foil.png	filler	F	none	4	1.77527829381001	102	NA	NaN
211.967	1.5	compared	mst_213_A_l3.png	compared	A	none	4	0.997798028568657	102	NA	NaN
214.384	1.5	compared	mst_213_B_l3.png	compared	B	2	4	0.908346326512414	102	2	0.839022035710514
218.326	1.5	repeat	mst_297_A_l4.png	repeat	A	none	4	2.43281735018034	102	NA	NaN
222.334	1.5	repeat	mst_297_A_l4.png	repeat	A	1	4	2.49661739596612	102	1	0.820185158401728
224.926	1.5	filler	mst_087_A_foil.png	filler	F	none	4	1.08331645962801	102	NA	NaN
227.601	1.5	compared	mst_229_A_l3.png	compared	A	none	4	1.16672902682706	102	NA	NaN
231.284	1.5	compared	mst_229_B_l3.png	compared	B	2	4	2.17621335091326	102	2	1.10733884759247
234.742	1.5	filler	mst_149_A_foil.png	filler	F	none	4	1.94815096017316	102	NA	NaN
238.609	1.5	compared	mst_075_A_l2.png	compared	A	none	4	2.35775807584566	102	NA	NaN
241.026	1.5	compared	mst_075_B_l2.png	compared	B	2	4	0.904577448977437	102	2	0.750819589942694
244.417	1.5	repeat	mst_312_A_l4.png	repeat	A	none	4	1.8837980736753	102	NA	NaN
247.901	1.5	repeat	mst_312_A_l4.png	repeat	A	1	4	1.97577384121895	102	1	1.01285538263619
251.259	1.5	filler	mst_104_A_foil.png	filler	F	none	4	1.84713559768763	102	NA	NaN
254.992	1.5	compared	mst_211_A_l3.png	compared	A	none	4	2.22468012439564	102	NA	NaN
257.767	1.5	compared	mst_211_B_l3.png	compared	B	2	4	1.26216742842837	102	2	1.01338582113385
260.842	1.5	filler	mst_108_A_foil.png	filler	F	none	4	1.56289620778831	102	NA	NaN
263.676	1.5	compared	mst_209_A_l3.png	compared	A	none	4	1.32242439582061	102	NA	NaN
267.284	1.5	compared	mst_209_B_l3.png	compared	B	2	4	2.09703294537	102	2	0.714846801944077
270.851	1.5	filler	mst_142_A_foil.png	filler	F	none	4	2.06064989493756	102	NA	NaN
272.934	1.5	compared	mst_033_A_l2.png	compared	A	none	4	0.576154620368702	102	NA	NaN
276.134	1.5	compared	mst_033_B_l2.png	compared	B	2	4	1.68724751003799	102	2	1.26101574953645
279.859	1.5	filler	mst_133_A_foil.png	filler	F	none	4	2.21873280761724	102	NA	NaN
283.643	1.5	compared	mst_046_A_l2.png	compared	A	none	4	2.27664759493176	102	NA	NaN
287.459	1.5	compared	mst_046_B_l2.png	compared	B	2	4	2.30997477877299	102	2	0.885118069127202
290.818	1.5	repeat	mst_317_A_l4.png	repeat	A	none	4	1.84579354730756	102	NA	NaN
294.076	1.5	repeat	mst_317_A_l4.png	repeat	A	1	4	1.74905825055893	102	1	0.725566007196903
297.426	1.5	compared	mst_103_A_l2.png	compared	A	none	4	1.84115138165722	102	NA	NaN
300.143	1.5	compared	mst_103_B_l2.png	compared	B	2	4	1.20415340852233	102	2	0.849982121028006
303.484	1.5	filler	mst_201_A_foil.png	filler	F	none	4	1.83501955096612	102	NA	NaN
307.334	1.5	repeat	mst_259_A_l4.png	repeat	A	none	4	2.33837409403132	102	NA	NaN
310.426	1.5	repeat	mst_259_A_l4.png	repeat	A	1	4	1.58170366995944	102	1	0.789815720170736
312.926	1.5	compared	mst_063_A_l2.png	compared	A	none	4	0.988807568570769	102	NA	NaN
315.109	1.5	compared	mst_063_B_l2.png	compared	B	2	4	0.674545996575174	102	2	0.750637310557067
318.193	1.5	repeat	mst_292_A_l4.png	repeat	A	none	4	1.57409618458368	102	NA	NaN
320.51	1.5	repeat	mst_292_A_l4.png	repeat	A	1	4	0.810391440209235	102	1	0.726633162237704
323.743	1.5	compared	mst_222_A_l3.png	compared	A	none	4	1.72707148720587	102	NA	NaN
325.759	1.5	compared	mst_222_B_l3.png	compared	B	2	4	0.503813641338304	102	2	0.735691447742283
329.018	1.5	repeat	mst_296_A_l4.png	repeat	A	none	4	1.75089850219667	102	NA	NaN
332.335	1.5	repeat	mst_296_A_l4.png	repeat	A	1	4	1.81072543305572	102	2	1.06177146732807
336.134	1.5	filler	mst_051_A_foil.png	filler	F	none	4	2.29302649724918	102	NA	NaN
338.226	1.5	filler	mst_237_A_foil.png	filler	F	none	4	0.58066698269493	102	NA	NaN
341.984	1.5	compared	mst_104_A_l2.png	compared	A	none	4	2.24779768687384	102	NA	NaN
345.293	1.5	compared	mst_104_B_l2.png	compared	B	2	4	1.80177137747008	102	2	0.785651138983667
347.976	1.5	filler	mst_015_A_foil.png	filler	F	none	4	1.17755471866829	102	NA	NaN
351.843	1.5	compared	mst_128_A_l3.png	compared	A	none	4	2.35971697883632	102	NA	NaN
354.435	1.5	compared	mst_128_B_l3.png	compared	B	2	4	1.08221397935027	102	2	0.781087333336473
357.51	1.5	repeat	mst_286_A_l4.png	repeat	A	none	4	1.56880280547408	102	NA	NaN
361.001	1.5	repeat	mst_286_A_l4.png	repeat	A	1	4	1.9847615737795	102	1	1.00254642032087
363.126	1.5	repeat	mst_244_A_l4.png	repeat	A	none	4	0.614165680813426	102	NA	NaN
365.843	1.5	repeat	mst_244_A_l4.png	repeat	A	1	4	1.21140885814796	102	1	1.0760204307735
369.043	1.5	filler	mst_103_A_foil.png	filler	F	none	4	1.68698376093932	102	NA	NaN
371.226	1.5	compared	mst_151_A_l3.png	compared	A	none	4	0.677532607536224	102	NA	NaN
374.21	1.5	compared	mst_151_B_l3.png	compared	B	2	4	1.47373809590456	102	2	0.958383677527308
377.393	1.5	filler	mst_153_A_foil.png	filler	F	none	4	1.67736369437476	102	NA	NaN
380.893	1.5	compared	mst_226_A_l3.png	compared	A	none	4	1.9946916642821	102	NA	NaN
383.935	1.5	compared	mst_226_B_l3.png	compared	B	2	4	1.53392961047556	102	2	0.997552676126361
386.951	1.5	repeat	mst_274_A_l4.png	repeat	A	none	4	1.50401989716747	102	NA	NaN
390.568	1.5	repeat	mst_274_A_l4.png	repeat	A	1	4	2.10757620132223	102	1	0.641355629079044
393.151	1.5	repeat	mst_295_A_l4.png	repeat	A	none	4	1.07206723523961	102	NA	NaN
395.893	1.5	repeat	mst_295_A_l4.png	repeat	A	1	4	1.23647509874606	102	2	0.987438630312681
399.885	1.5	repeat	mst_261_A_l4.png	repeat	A	none	4	2.47916486471677	102	NA	NaN
402.36	1.5	repeat	mst_261_A_l4.png	repeat	A	1	4	0.966991576323314	102	1	0.955819060094655
405.06	1.5	compared	mst_106_A_l2.png	compared	A	none	4	1.19330865558878	102	NA	NaN
408.651	1.5	compared	mst_106_B_l2.png	compared	B	2	4	2.08545177243635	102	2	0.741219809278846
