onset	duration	trial_type	stim_onset_tr	fix_onset_tr	response_time	stim_file	condition	identity	goal	corr_resp	resp_key
7.50524171604775	1.5	novel	5.00349447736517	4.01463680202141	NaN	mst_041_A_l2.png	novel	A	A-B	none	NA
9.63847959204577	1.5	novel	6.42565306136385	6.00899180335303	NaN	mst_143_A_l3.png	novel	A	A-N	none	NA
12.4551064890111	1.5	novel	8.30340432600739	7.43118858205465	0.762007108074613	mst_041_B_l2.png	novel	B	A-B	2	1
14.7383973880205	1.5	novel	9.82559825868035	9.30896532201829	NaN	mst_116_A_l2.png	novel	A	A-A	none	NA
18.5799427430611	1.5	novel	12.3866284953741	10.8311372327153	NaN	mst_117_A_l2.png	novel	A	A-B	none	NA
21.9632850440685	1.5	novel	14.642190029379	13.392213203401	0.370814988971688	mst_116_A_l2.png	novel	A	A-A	1	1
25.3799586660462	1.5	novel	16.9199724440308	15.6477437673602	0.605140672065318	mst_117_B_l2.png	novel	B	A-B	2	2
27.8215318460716	1.5	compared	18.5476878973811	17.9254773840463	NaN	mst_074_A_l2.png	compared	A	A-B	none	NA
29.8798493579961	1.5	novel	19.9198995719974	19.5532418346653	NaN	mst_205_A_l3.png	novel	A	A-A	none	NA
33.0048033751082	1.5	compared	22.0032022500721	20.9254464500118	0.851293431944214	mst_074_B_l2.png	compared	B	A-B	2	2
35.221374015091	1.5	novel	23.4809160100607	23.0087397987178	0.910724463989027	mst_205_A_l3.png	novel	A	A-A	1	1
37.3714049760019	1.5	novel	24.9142699840013	24.4865258127296	NaN	mst_233_A_l3.png	novel	A	A-A	none	NA
40.8548307491001	1.5	compared	27.2365538327334	25.9198055713593	NaN	mst_162_A_l3.png	compared	A	A-B	none	NA
44.4046302720672	1.5	novel	29.6030868480448	28.2419994073765	0.824468062957749	mst_233_A_l3.png	novel	A	A-A	1	1
48.2129022410372	1.5	compared	32.1419348273581	30.608662872032	0.891194907017052	mst_162_B_l3.png	compared	B	A-B	2	2
52.0294678620994	1.5	novel	34.6863119080663	33.1474727333989	NaN	mst_009_A_l2.png	novel	A	A-B	none	NA
54.9545124541037	1.5	compared	36.6363416360691	35.6918889746691	NaN	mst_237_A_l3.png	compared	A	A-A	none	NA
58.4877536260756	1.5	novel	38.9918357507171	37.6418554793733	1.15034849301446	mst_009_B_l2.png	novel	B	A-B	2	2
61.8710495440755	1.5	compared	41.247366362717	39.9973800326698	0.521060731960461	mst_237_A_l3.png	compared	A	A-A	1	1
64.4710824550129	1.5	novel	42.9807216366753	42.2528975380119	NaN	mst_095_A_l2.png	novel	A	A-N	none	NA
68.4293714520754	1.5	compared	45.6195809680503	43.9862074673486	NaN	mst_234_A_l3.png	compared	A	A-B	none	NA
70.6292478000978	1.5	compared	47.0861652000652	46.6250544040619	NaN	mst_086_A_l2.png	compared	A	A-B	none	NA
73.470948296017	1.5	compared	48.9806321973447	48.0917118380312	0.688198504038155	mst_234_B_l3.png	compared	B	A-B	2	2
75.7707628720673	1.5	compared	50.5138419147115	49.9861249340077	1.09533574001398	mst_086_B_l2.png	compared	B	A-B	2	1
79.0124578820542	1.5	novel	52.6749719213694	51.5194424260408	NaN	mst_058_A_l2.png	novel	A	A-A	none	NA
82.7290667931084	1.5	novel	55.1527111954056	53.6805632334047	NaN	mst_059_A_l2.png	novel	A	A-N	none	NA
84.8456987510435	1.5	novel	56.5637991673624	56.158267646019	0.635423260042444	mst_058_A_l2.png	novel	A	A-A	1	1
87.1957010210026	1.5	novel	58.1304673473351	57.5693375980482	NaN	mst_022_A_l2.png	novel	A	A-N	none	NA
90.7041246000445	1.5	novel	60.4694164000296	59.1359684159979	NaN	mst_219_A_l3.png	novel	A	A-B	none	NA
93.745577447	1.5	compared	62.4970516313333	61.4748364000116	NaN	mst_196_A_l3.png	compared	A	A-B	none	NA
96.1205444060033	1.5	novel	64.0803629373356	63.5025922267232	0.961268162005581	mst_219_B_l3.png	novel	B	A-B	2	1
99.4788264920935	1.5	compared	66.3192176613957	65.0859267933605	0.552565748104826	mst_196_B_l3.png	compared	B	A-B	2	2
103.203775187023	1.5	novel	68.8025167913487	67.3247512813347	NaN	mst_081_A_l2.png	novel	A	A-N	none	NA
105.703736121068	1.5	compared	70.4691574140452	69.8080467960487	NaN	mst_118_A_l2.png	compared	A	A-N	none	NA
109.162078968016	1.5	novel	72.774719312011	71.4746938720345	NaN	mst_145_A_l3.png	novel	A	A-B	none	NA
112.778560780105	1.5	novel	75.1857071867368	73.7802554260318	NaN	mst_107_A_l2.png	novel	A	A-N	none	NA
115.595284357085	1.5	novel	77.0635229047233	76.1912960300688	0.900819501024671	mst_145_B_l3.png	novel	B	A-B	2	2
118.103555925074	1.5	novel	78.7357039500494	78.0690390826979	NaN	mst_084_A_l2.png	novel	A	A-N	none	NA
120.453594458057	1.5	compared	80.3023963053711	79.7412524753405	NaN	mst_019_A_l2.png	compared	A	A-N	none	NA
124.036798506044	1.5	compared	82.6911990040292	81.3078877440033	NaN	mst_099_A_l2.png	compared	A	A-N	none	NA
127.053410565015	1.5	novel	84.7022737100099	83.696744520062	NaN	mst_188_A_l3.png	novel	A	A-A	none	NA
130.920030144043	1.5	compared	87.2800200960288	85.7078221360377	NaN	mst_230_A_l3.png	compared	A	A-N	none	NA
133.670033824048	1.5	novel	89.1133558826987	88.2855588440628	0.933064018026926	mst_188_A_l3.png	novel	A	A-A	1	1
137.378258196055	1.5	novel	91.5855054640366	90.1188667893875	NaN	mst_120_A_l2.png	novel	A	A-N	none	NA
140.436563577037	1.5	compared	93.6243757180249	92.5910493227032	NaN	mst_080_A_l2.png	compared	A	A-A	none	NA
143.119895353098	1.5	compared	95.4132635687323	94.62991349337	NaN	mst_132_A_l3.png	compared	A	A-B	none	NA
145.486516906996	1.5	compared	96.9910112713308	96.4187705453951	0.801584572065622	mst_080_A_l2.png	compared	A	A-A	1	1
147.919777830015	1.5	compared	98.61318522001	97.9965504966676	0.921317641041242	mst_132_B_l3.png	compared	B	A-B	2	1
151.119724041084	1.5	compared	100.746482694056	99.6187235726975	NaN	mst_213_A_l3.png	compared	A	A-N	none	NA
153.73640178307	1.5	compared	102.490934522046	101.752053725378	NaN	mst_093_A_l2.png	compared	A	A-N	none	NA
156.453024671064	1.5	compared	104.302016447376	103.496450311349	NaN	mst_185_A_l3.png	compared	A	A-A	none	NA
158.602950480068	1.5	compared	105.735300320045	105.307534648726	NaN	mst_210_A_l3.png	compared	A	A-B	none	NA
161.627904642024	1.5	compared	107.751936428016	106.740856168016	0.55119063903112	mst_185_A_l3.png	compared	A	A-A	1	2
164.502863419009	1.5	compared	109.668575612673	108.757507071365	0.875238770036958	mst_210_B_l3.png	compared	B	A-B	2	2
168.477896837052	1.5	novel	112.318597891368	110.674109859392	NaN	mst_122_A_l3.png	novel	A	A-A	none	NA
172.269389282097	1.5	novel	114.846259521398	113.324079614055	NaN	mst_013_A_l2.png	novel	A	A-B	none	NA
176.119359187083	1.5	novel	117.412906124722	115.851824118678	0.679744319990277	mst_122_A_l3.png	novel	A	A-A	1	1
178.177663350012	1.5	novel	118.785108900008	118.418446948053	0.637434828095138	mst_013_B_l2.png	novel	B	A-B	2	1
180.494249760057	1.5	novel	120.329499840038	119.790663691393	NaN	mst_083_A_l2.png	novel	A	A-N	none	NA
182.794260745053	1.5	compared	121.862840496702	121.335098898038	NaN	mst_046_A_l2.png	compared	A	A-A	none	NA
185.619234066107	1.5	novel	123.746156044072	122.868382799362	NaN	mst_177_A_l3.png	novel	A	A-B	none	NA
189.144172032014	1.5	compared	126.09611468801	124.751686866706	0.585942756035365	mst_046_A_l2.png	compared	A	A-A	1	1
192.027461324004	1.5	novel	128.018307549336	127.101658342018	0.802643676055595	mst_177_B_l3.png	novel	B	A-B	2	2
195.835736013018	1.5	novel	130.557157342012	129.023869261378	NaN	mst_021_A_l2.png	novel	A	A-A	none	NA
198.810707288096	1.5	novel	132.540471525397	131.562706737391	NaN	mst_133_A_l3.png	novel	A	A-B	none	NA
202.560702884104	1.5	novel	135.040468589403	133.54602421339	0.455419250996783	mst_021_A_l2.png	novel	A	A-A	1	1
206.085585747031	1.5	novel	137.39039049802	136.045986767393	0.802512609981932	mst_133_B_l3.png	novel	B	A-B	2	2
208.318898858037	1.5	compared	138.879265905358	138.395971270666	NaN	mst_128_A_l3.png	compared	A	A-A	none	NA
211.868834063062	1.5	novel	141.245889375374	139.884863688067	NaN	mst_170_A_l3.png	novel	A	A-B	none	NA
214.31882674701	1.5	compared	142.87921783134	142.251428313398	0.703269761055708	mst_128_A_l3.png	compared	A	A-A	1	1
217.043764154078	1.5	novel	144.695842769385	143.884740864703	0.38933596201241	mst_170_B_l3.png	novel	B	A-B	2	1
219.452111670049	1.5	compared	146.301407780033	145.701379788031	0.818971463944763	mst_127_A_l3.png	compared	A	A-N	none	2
221.810354588088	1.5	compared	147.873569725392	147.306913573372	NaN	mst_089_A_l2.png	compared	A	A-A	none	NA
225.385327693075	1.5	novel	150.256885128717	148.879109002727	NaN	mst_222_A_l3.png	novel	A	A-A	none	NA
229.268636027002	1.5	compared	152.845757351335	151.262446103385	0.645463816006668	mst_089_A_l2.png	compared	A	A-A	1	1
232.768543273094	1.5	novel	155.179028848729	153.851292356694	0.628557423944585	mst_222_A_l3.png	novel	A	A-A	1	1
236.010186354048	1.5	compared	157.340124236032	156.184557773406	NaN	mst_033_A_l2.png	compared	A	A-N	none	NA
239.826756920083	1.5	novel	159.884504613389	158.345633718728	NaN	mst_184_A_l3.png	novel	A	A-N	none	NA
242.960095847026	1.5	compared	161.97339723135	160.890071735407	NaN	mst_186_A_l3.png	compared	A	A-A	none	NA
246.176701199031	1.5	compared	164.117800799354	162.978900560721	NaN	mst_209_A_l3.png	compared	A	A-B	none	NA
249.301732550026	1.5	compared	166.201155033351	165.123322160061	1.23390304297209	mst_186_A_l3.png	compared	A	A-A	1	1
252.718191349064	1.5	compared	168.478794232709	167.206625231386	0.470366273075342	mst_209_B_l3.png	compared	B	A-B	2	2
255.568185559008	1.5	novel	170.378790372672	169.484369350675	NaN	mst_152_A_l3.png	novel	A	A-A	none	NA
257.926512934035	1.5	compared	171.95100862269	171.38436524407	NaN	mst_061_A_l2.png	compared	A	A-A	none	NA
260.001459314022	1.5	novel	173.334306209348	172.956540068068	0.724636509083211	mst_152_A_l3.png	novel	A	A-A	1	1
263.901383406017	1.5	compared	175.934255604011	174.339840821999	0.928775912034325	mst_061_A_l2.png	compared	A	A-A	1	1
266.893072549021	1.5	compared	177.928715032681	176.939810721359	NaN	mst_224_A_l3.png	compared	A	A-N	none	NA
270.826340373023	1.5	compared	180.550893582016	178.934231068008	NaN	mst_010_A_l2.png	compared	A	A-N	none	NA
273.576259226073	1.5	novel	182.384172817382	181.556406526671	NaN	mst_235_A_l3.png	novel	A	A-B	none	NA
277.434488936095	1.5	compared	184.956325957396	183.389710004674	NaN	mst_030_A_l2.png	compared	A	A-A	none	NA
280.142830087105	1.5	novel	186.761886724737	185.961896575366	0.704271327937022	mst_235_B_l3.png	novel	B	A-B	2	2
283.326135679032	1.5	compared	188.884090452688	187.767430898733	0.463960989029147	mst_030_A_l2.png	compared	A	A-A	1	1
285.359421472065	1.5	compared	190.23961431471	189.889653649336	NaN	mst_077_A_l2.png	compared	A	A-B	none	NA
287.576052343007	1.5	compared	191.717368228671	191.245203028666	NaN	mst_020_A_l2.png	compared	A	A-B	none	NA
290.551022815052	1.5	compared	193.700681876702	192.722907041355	0.81908031005878	mst_077_B_l2.png	compared	B	A-B	2	2
293.475989166996	1.5	compared	195.650659444664	194.706215190701	1.18811281910166	mst_020_B_l2.png	compared	B	A-B	2	1
296.150934887002	1.5	novel	197.433956591335	196.65618363667	NaN	mst_141_A_l3.png	novel	A	A-A	none	NA
299.859246958047	1.5	compared	199.906164638698	198.439497321378	NaN	mst_192_A_l3.png	compared	A	A-A	none	NA
303.509162337054	1.5	novel	202.339441558036	200.911704503388	0.495939493994229	mst_141_A_l3.png	novel	A	A-A	1	1
306.675785664003	1.5	compared	204.450523776002	203.344979259341	0.652316150022671	mst_192_A_l3.png	compared	A	A-A	1	1
