base_id,bin,pix_corr
mst_001,l1,-0.011909
mst_002,l1,0.641444
mst_003,l1,0.541073
mst_004,l1,0.185859
mst_005,l1,0.513240
mst_006,l1,0.602871
mst_007,l1,0.417356
mst_008,l1,0.656194
mst_009,l1,0.668913
mst_010,l1,0.351651
mst_011,l1,0.508262
mst_012,l1,0.810093
mst_013,l1,0.688802
mst_014,l1,-0.063769
mst_015,l1,0.506627
mst_016,l1,0.585725
mst_017,l1,0.616244
mst_018,l1,0.364123
mst_019,l1,0.566449
mst_020,l1,0.753024
mst_021,l1,0.718353
mst_022,l1,0.523449
mst_023,l1,0.554930
mst_024,l1,0.694807
mst_025,l1,0.584386
mst_026,l1,0.542282
mst_027,l1,0.854080
mst_028,l1,0.254063
mst_029,l1,0.484846
mst_030,l1,0.845233
mst_031,l1,0.762041
mst_032,l1,0.774663
mst_033,l1,0.564385
mst_034,l1,0.341748
mst_035,l1,0.525380
mst_036,l1,0.783446
mst_037,l1,0.645424
mst_038,l1,0.707141
mst_039,l1,0.468030
mst_040,l1,0.343240
mst_041,l1,0.039582
mst_042,l1,0.881558
mst_043,l1,0.636719
mst_044,l1,0.405415
mst_045,l1,0.393100
mst_046,l1,0.934310
mst_047,l1,0.480266
mst_048,l1,0.835477
mst_049,l1,0.303743
mst_050,l1,0.666785
mst_051,l1,0.486560
mst_052,l1,0.574366
mst_053,l1,0.852722
mst_054,l1,0.823230
mst_055,l1,0.740227
mst_056,l1,0.763038
mst_057,l1,0.429534
mst_058,l1,0.878874
mst_059,l1,0.687353
mst_060,l1,0.696672
mst_061,l1,0.444657
mst_062,l1,0.296640
mst_063,l1,0.721999
mst_064,l1,0.423784
mst_065,l1,0.770919
mst_066,l1,0.630656
mst_067,l1,0.381089
mst_068,l1,0.104442
mst_069,l1,0.450857
mst_070,l1,0.762524
mst_071,l1,0.173394
mst_072,l1,0.683547
mst_073,l1,0.675164
mst_074,l1,0.812064
mst_075,l1,0.843169
mst_076,l1,0.707673
mst_077,l1,0.013519
mst_078,l1,0.296230
mst_079,l1,0.532749
mst_080,l1,0.471871
mst_081,l1,0.414160
mst_082,l1,0.756737
mst_083,l1,0.709481
mst_084,l1,0.830030
mst_085,l1,0.411780
mst_086,l1,0.956251
mst_087,l1,0.705219
mst_088,l1,0.165351
mst_089,l1,0.771487
mst_090,l1,0.602735
mst_091,l1,0.523708
mst_092,l1,0.617703
mst_093,l1,0.618358
mst_094,l1,0.712461
mst_095,l1,0.632148
mst_096,l1,0.703985
mst_097,l1,0.308437
mst_098,l1,0.691689
mst_099,l1,0.855199
mst_100,l1,0.335143
mst_101,l1,0.744152
mst_102,l1,0.607283
mst_103,l1,0.065060
mst_104,l1,0.740550
mst_105,l1,0.664936
mst_106,l1,0.695618
mst_107,l1,0.541160
mst_108,l1,0.755812
mst_109,l1,0.904770
mst_110,l1,0.908090
mst_111,l1,0.436618
mst_112,l1,0.685792
mst_113,l1,0.277546
mst_114,l1,0.363649
mst_115,l1,0.322940
mst_116,l1,0.671565
mst_117,l1,0.537229
mst_118,l1,0.631204
mst_119,l1,0.233405
mst_120,l1,0.054338
mst_121,l1,0.190291
mst_122,l1,0.717470
mst_123,l1,0.857256
mst_124,l1,0.517159
mst_125,l1,0.256208
mst_126,l1,0.558935
mst_127,l1,0.633694
mst_128,l1,0.791849
mst_129,l1,0.217658
mst_130,l1,0.668926
mst_131,l1,0.681027
mst_132,l1,0.618643
mst_133,l1,0.901401
mst_134,l1,0.849191
mst_135,l1,0.573739
mst_136,l1,0.457583
mst_137,l1,0.568822
mst_138,l1,0.212892
mst_139,l1,0.899799
mst_140,l1,0.183467
mst_141,l1,0.600890
mst_142,l1,0.538342
mst_143,l1,0.603453
mst_144,l1,0.814007
mst_145,l1,0.737956
mst_146,l1,0.134585
mst_147,l1,0.356585
mst_148,l1,0.279090
mst_149,l1,0.455644
mst_150,l1,0.474827
mst_151,l1,0.585285
mst_152,l1,0.165393
mst_153,l1,0.893462
mst_154,l1,0.108865
mst_155,l1,0.585929
mst_156,l1,0.303744
mst_157,l1,0.603633
mst_158,l1,0.636227
mst_159,l1,0.739195
mst_160,l1,0.311966
mst_161,l1,0.886448
mst_162,l1,0.475255
mst_163,l1,0.426816
mst_164,l1,0.001581
mst_165,l1,0.416346
mst_166,l1,0.843030
mst_167,l1,0.014520
mst_168,l1,0.246754
mst_169,l1,0.711418
mst_170,l1,0.736802
mst_171,l1,0.521652
mst_172,l1,0.523602
mst_173,l1,0.551240
mst_174,l1,0.519492
mst_175,l1,0.676855
mst_176,l1,0.461110
mst_177,l1,0.642537
mst_178,l1,0.694912
mst_179,l1,0.822228
mst_180,l1,0.783805
mst_181,l2,0.739590
mst_182,l2,0.260763
mst_183,l2,0.361698
mst_184,l2,0.609680
mst_185,l2,0.324813
mst_186,l2,0.626430
mst_187,l2,0.580179
mst_188,l2,0.573906
mst_189,l2,0.687254
mst_190,l2,0.891970
mst_191,l2,0.707846
mst_192,l2,0.643028
mst_193,l2,0.326954
mst_194,l2,0.522133
mst_195,l2,0.697098
mst_196,l2,0.236777
mst_197,l2,0.342578
mst_198,l2,0.710611
mst_199,l2,0.774235
mst_200,l2,0.181157
mst_201,l2,0.832001
mst_202,l2,0.356543
mst_203,l2,0.568228
mst_204,l2,0.472000
mst_205,l2,0.160927
mst_206,l2,0.242186
mst_207,l2,0.866888
mst_208,l2,0.589671
mst_209,l2,0.543155
mst_210,l2,-0.077393
mst_211,l2,0.333291
mst_212,l2,0.766318
mst_213,l2,0.393543
mst_214,l2,0.791373
mst_215,l2,0.658247
mst_216,l2,0.322463
mst_217,l2,0.312352
mst_218,l2,0.634638
mst_219,l2,0.022333
mst_220,l2,0.827869
mst_221,l2,0.438460
mst_222,l2,0.461461
mst_223,l2,0.351807
mst_224,l2,0.406516
mst_225,l2,0.277969
mst_226,l2,0.456688
mst_227,l2,0.349085
mst_228,l2,0.210826
mst_229,l2,0.649622
mst_230,l2,0.462003
mst_231,l2,0.780681
mst_232,l2,0.383827
mst_233,l2,0.301934
mst_234,l2,0.408763
mst_235,l2,0.628439
mst_236,l2,0.560951
mst_237,l2,0.663594
mst_238,l2,0.567381
mst_239,l2,0.588533
mst_240,l2,0.554415
mst_241,l2,0.110685
mst_242,l2,0.491742
mst_243,l2,0.444201
mst_244,l2,0.761194
mst_245,l2,0.761681
mst_246,l2,0.214648
mst_247,l2,0.256958
mst_248,l2,0.679778
mst_249,l2,0.666904
mst_250,l2,0.730822
mst_251,l2,0.432593
mst_252,l2,0.853033
mst_253,l2,0.074459
mst_254,l2,0.568810
mst_255,l2,0.214797
mst_256,l2,0.714049
mst_257,l2,0.459904
mst_258,l2,0.412758
mst_259,l2,0.732828
mst_260,l2,0.262124
mst_261,l2,0.478448
mst_262,l2,0.428921
mst_263,l2,0.105061
mst_264,l2,0.454459
mst_265,l2,0.625159
mst_266,l2,0.028401
mst_267,l2,0.896168
mst_268,l2,0.569845
mst_269,l2,0.530221
mst_270,l2,0.345293
mst_271,l2,0.717874
mst_272,l2,0.215211
mst_273,l2,0.480342
mst_274,l2,0.697087
mst_275,l2,0.726742
mst_276,l2,0.747074
mst_277,l2,0.607294
mst_278,l2,0.511316
mst_279,l2,0.913720
mst_280,l2,0.190760
mst_281,l2,0.619221
mst_282,l2,0.555168
mst_283,l2,0.702393
mst_284,l2,0.473594
mst_285,l2,0.799192
mst_286,l2,0.348875
mst_287,l2,0.566431
mst_288,l2,0.284063
mst_289,l2,0.946209
mst_290,l2,0.378917
mst_291,l2,0.462406
mst_292,l2,0.605491
mst_293,l2,0.252837
mst_294,l2,0.416110
mst_295,l2,0.236794
mst_296,l2,0.881492
mst_297,l2,0.596127
mst_298,l2,0.578489
mst_299,l2,0.415087
mst_300,l2,0.397031
mst_301,l2,0.309039
mst_302,l2,0.661514
mst_303,l2,0.203540
mst_304,l2,0.339394
mst_305,l2,0.803482
mst_306,l2,0.785021
mst_307,l2,0.291241
mst_308,l2,0.518888
mst_309,l2,0.548201
mst_310,l2,0.911350
mst_311,l2,0.608862
mst_312,l2,0.227194
mst_313,l2,0.502076
mst_314,l2,0.207436
mst_315,l2,0.431583
mst_316,l2,0.309772
mst_317,l2,0.579634
mst_318,l2,0.479420
mst_319,l2,0.627789
mst_320,l2,0.513947
mst_321,l2,0.721802
mst_322,l2,0.352797
mst_323,l2,0.464390
mst_324,l2,0.100305
mst_325,l2,0.562193
mst_326,l2,0.259961
mst_327,l2,0.843500
mst_328,l2,0.579978
mst_329,l2,0.205975
mst_330,l2,0.348704
mst_331,l2,-0.036373
mst_332,l2,0.259385
mst_333,l2,0.239960
mst_334,l2,0.102311
mst_335,l2,0.523201
mst_336,l2,0.418183
mst_337,l2,0.390262
mst_338,l2,0.376311
mst_339,l2,0.704278
mst_340,l2,0.604076
mst_341,l2,0.668534
mst_342,l2,0.467600
mst_343,l2,0.204970
mst_344,l2,0.543648
mst_345,l2,0.473343
mst_346,l2,0.801810
mst_347,l2,0.686121
mst_348,l2,0.893725
mst_349,l2,0.003007
mst_350,l2,0.653795
mst_351,l2,0.082889
mst_352,l2,0.509415
mst_353,l2,0.500302
mst_354,l2,0.707192
mst_355,l2,0.234998
mst_356,l2,0.653680
mst_357,l2,0.479497
mst_358,l2,0.518993
mst_359,l2,0.812699
mst_360,l2,0.566112
