eye,onset,offset,duration,start_x,start_y,end_x,end_y,trial_id,task,stim_id
L,2989630,2989670,41,941.1,491.8,927.2,426.2,1,1_back,mst_120_A_l1.png
L,2991188,2991215,28,929.7,455.7,940.2,535.3,2,1_back,mst_063_A_l1.png
L,2992067,2992090,24,940.5,512.7,955.6,584.9,2,1_back,mst_063_A_l1.png
L,2993511,2993531,21,937.8,589.9,926.7,545.2,3,1_back,mst_075_A_l1.png
L,2994605,2995040,436,949.9,565.6,961.6,528.7,3,1_back,mst_075_A_l1.png
L,2996277,2996293,17,958.4,531.3,957.7,496.2,4,1_back,mst_021_A_l1.png
L,2996750,2996766,17,972.3,522.7,970,495.8,4,1_back,mst_021_A_l1.png
L,2998024,2998029,6,965.3,501.7,961.1,511.5,5,1_back,mst_021_B_l1.png
L,2999124,2999159,36,977.1,544.2,1084.7,571,5,1_back,mst_021_B_l1.png
L,2999295,2999316,22,1100.4,575.8,1125.6,622.6,5,1_back,mst_021_B_l1.png
L,2999508,2999517,10,1124.1,607.9,1116.4,591.2,5,1_back,mst_021_B_l1.png
L,2999942,2999974,33,1111.3,574.8,951.8,542.4,5,1_back,mst_021_B_l1.png
L,3001245,3001259,15,950.5,544.4,957.1,505.8,6,1_back,mst_275_A_l2.png
L,3001553,3001566,14,970.2,508.7,978.6,483.7,6,1_back,mst_275_A_l2.png
L,3002909,3002922,14,984.3,467.9,947.1,482.4,7,1_back,mst_003_A_l1.png
L,3003195,3003202,8,948.7,502.7,958.1,514.6,7,1_back,mst_003_A_l1.png
L,3003692,3003827,136,959.1,516.4,979.6,458.1,7,1_back,mst_003_A_l1.png
L,3004014,3004026,13,1007.2,489.9,1034.9,483.6,7,1_back,mst_003_A_l1.png
L,3004956,3004965,10,991.1,484.2,976.7,502.9,8,1_back,mst_238_A_l2.png
L,3005872,3005892,21,960.2,529.4,962.7,573.4,8,1_back,mst_238_A_l2.png
L,3006129,3006148,20,965.6,573.9,957.5,622.5,8,1_back,mst_238_A_l2.png
L,3006533,3006562,30,954.5,608,962.8,500.9,8,1_back,mst_238_A_l2.png
L,3007161,3007174,14,948,511.6,948.8,532.6,9,1_back,mst_023_A_l1.png
L,3008124,3008362,239,932.4,527.9,943,524.3,9,1_back,mst_023_A_l1.png
L,3008715,3008733,19,946.6,534.6,890.3,523,9,1_back,mst_023_A_l1.png
L,3009088,3009113,26,878.3,527.1,983.8,538.9,9,1_back,mst_023_A_l1.png
L,3009343,3009361,19,989.6,543.9,1033,519.3,10,1_back,mst_223_A_foil.png
L,3009538,3009550,13,1024.8,529.1,992.1,537.4,10,1_back,mst_223_A_foil.png
L,3010391,3010411,21,955.4,503.8,950.7,555.4,10,1_back,mst_223_A_foil.png
L,3010754,3010759,6,967.4,563.2,970.7,551.6,10,1_back,mst_223_A_foil.png
L,3011274,3011292,19,961.8,547.6,992.7,498.4,10,1_back,mst_223_A_foil.png
L,3011818,3011835,18,972.8,526.2,978.5,557.4,11,1_back,mst_223_A_foil.png
L,3012702,3012713,12,963.3,552.2,991.2,564.5,11,1_back,mst_223_A_foil.png
L,3013898,3013909,12,974.5,561.7,963.8,541.3,12,1_back,mst_305_A_l2.png
L,3014884,3014897,14,965.9,554.4,1006.3,546.8,12,1_back,mst_305_A_l2.png
L,3014929,3015448,520,1008.9,548.5,976.2,490.4,12,1_back,mst_305_A_l2.png
L,3015664,3015683,20,969.9,507.6,968.3,563,12,1_back,mst_305_A_l2.png
L,3017119,3017144,26,956.6,563.2,1032.2,521.4,13,1_back,mst_305_B_l2.png
L,3018276,3018291,16,1017.6,555.8,961.8,559,14,1_back,mst_280_A_l2.png
L,3019298,3019306,9,947.7,564.4,927.8,568.8,14,1_back,mst_280_A_l2.png
L,3019518,3019529,12,927.4,585.4,905.4,589.7,14,1_back,mst_280_A_l2.png
L,3019855,3019876,22,898,587.3,974,563.5,14,1_back,mst_280_A_l2.png
L,3020990,3020996,7,969.3,558.3,955,561.4,15,1_back,mst_280_B_l2.png
L,3022236,3022246,11,938.9,556.1,967.4,557.6,15,1_back,mst_280_B_l2.png
L,3022465,3022479,15,976.2,554.4,1019.1,542.2,15,1_back,mst_280_B_l2.png
L,3023127,3023133,7,956.6,524.2,960.9,530.2,16,1_back,mst_400_A_foil.png
L,3023914,3024315,402,966.1,552.4,978.2,487.4,16,1_back,mst_400_A_foil.png
L,3025245,3025250,6,977.5,531.1,981,539.5,17,1_back,mst_400_A_foil.png
L,3026559,3027656,1098,983.9,542.4,956.4,586.9,18,1_back,mst_338_A_l2.png
L,3028388,3028433,46,945.4,551.4,973.3,686.4,18,1_back,mst_338_A_l2.png
L,3028747,3028754,8,976.7,728.3,964.4,739.6,18,1_back,mst_338_A_l2.png
L,3029361,3029379,19,956.9,743.4,995.4,718.6,18,1_back,mst_338_A_l2.png
L,3029817,3029855,39,963.3,712.8,953.7,544,19,1_back,mst_332_A_l2.png
L,3030772,3030785,14,948.6,535.6,911.4,548.7,19,1_back,mst_332_A_l2.png
L,3031355,3031369,15,905.7,574.7,941.1,564.3,19,1_back,mst_332_A_l2.png
L,3032144,3032149,6,995.7,540.4,987.5,546.6,20,1_back,mst_306_A_l2.png
L,3033100,3033111,12,987.7,534.2,959.2,523.2,20,1_back,mst_306_A_l2.png
L,3033469,3033485,17,939.6,515.9,992,510.9,20,1_back,mst_306_A_l2.png
L,3035588,3035602,15,952.5,556.4,985.6,522.3,21,1_back,mst_306_B_l2.png
L,3035941,3036416,476,981.9,527.3,910.6,501,22,1_back,mst_237_A_l2.png
L,3036499,3036514,16,913.7,496.2,952.5,529.9,22,1_back,mst_237_A_l2.png
L,3037102,3037112,11,952.7,553.6,956.5,534.6,22,1_back,mst_237_A_l2.png
L,3037282,3037834,553,972.5,525.5,960.9,572.9,22,1_back,mst_237_A_l2.png
L,3038599,3038615,17,966.8,524.5,987.7,548.8,23,1_back,mst_237_B_l2.png
L,3039842,3039862,21,955.5,555.5,1033.1,528.9,23,1_back,mst_237_B_l2.png
L,3040324,3040340,17,1038.8,551.4,980.9,551.2,23,1_back,mst_237_B_l2.png
L,3040499,3041229,731,956.6,551.5,953.2,557.4,24,1_back,mst_317_A_l2.png
L,3041845,3041854,10,967.5,549.8,989.1,542.5,24,1_back,mst_317_A_l2.png
L,3042620,3042631,12,960.4,542.9,995.3,547.6,24,1_back,mst_317_A_l2.png
L,3044379,3045450,1072,969.3,575.6,959.5,567.5,26,1_back,mst_201_A_l2.png
L,3045834,3045839,6,987.7,542,988.9,550.8,26,1_back,mst_201_A_l2.png
L,3047913,3047930,18,992,449.6,969.8,479.4,27,1_back,mst_201_B_l2.png
L,3048061,3048068,8,966.4,505.4,976.9,514.5,27,1_back,mst_201_B_l2.png
L,3048810,3048838,29,970.8,537.4,1027.9,598.3,27,1_back,mst_201_B_l2.png
L,3049430,3049450,21,1026.9,610.3,1042.5,559,27,1_back,mst_201_B_l2.png
L,3049775,3049794,20,1035.3,555.2,1023.6,594.3,27,1_back,mst_201_B_l2.png
L,3050096,3050114,19,1001.5,587.5,962.7,557.9,28,1_back,mst_275_B_l2.png
L,3050334,3051114,781,945.1,538.2,939.9,559.1,28,1_back,mst_275_B_l2.png
L,3052221,3052243,23,977.1,457.4,990.4,516.5,29,1_back,mst_194_A_foil.png
L,3053465,3054428,964,985.4,557.8,958.1,603.4,29,1_back,mst_194_A_foil.png
L,3054565,3054576,12,921,501.8,929.8,521.9,30,1_back,mst_194_A_foil.png
L,3054957,3054974,18,947.4,513,963.5,507.1,30,1_back,mst_194_A_foil.png
L,3055186,3055191,6,952.4,510.9,960.8,524.8,30,1_back,mst_194_A_foil.png
L,3056373,3056398,26,955.4,598.1,1047.9,561.6,30,1_back,mst_194_A_foil.png
L,3056947,3056964,18,1015.1,589.7,985.6,555.4,31,1_back,mst_148_A_l1.png
L,3057031,3058210,1180,918,545.4,862,525.8,31,1_back,mst_148_A_l1.png
L,3058745,3058762,18,872.3,562.5,901.6,527.1,31,1_back,mst_148_A_l1.png
L,3059271,3059290,20,905,531.5,957,543.8,32,1_back,mst_148_B_l1.png
L,3060468,3060497,30,958.4,591,1019.3,683.7,32,1_back,mst_148_B_l1.png
L,3060814,3060848,35,1014.6,692,997.4,512.1,32,1_back,mst_148_B_l1.png
L,3061251,3062966,1716,960.9,498.8,954.5,504.7,33,1_back,mst_653_A_foil.png
L,3064002,3064937,936,960.9,498.8,954.5,504.7,34,1_back,mst_653_A_foil.png
L,3065401,3067590,2190,946.8,598.3,945.7,508.7,35,1_back,mst_304_A_l2.png
L,3068461,3068477,17,958.3,541.1,1010.8,552.9,36,1_back,mst_304_B_l2.png
L,3069477,3069498,22,978.3,569.7,935.1,609.7,36,1_back,mst_304_B_l2.png
L,3069787,3069804,18,920.8,623.8,862.3,607,36,1_back,mst_304_B_l2.png
L,3070061,3070109,49,860.7,593.6,984.6,491.7,36,1_back,mst_304_B_l2.png
L,3070597,3070626,30,990.8,485.9,1020.8,584.4,37,1_back,mst_052_A_foil.png
L,3070765,3071169,405,1024.8,597.2,957,489.4,37,1_back,mst_052_A_foil.png
L,3071288,3071305,18,965,522.4,969.4,562.6,37,1_back,mst_052_A_foil.png
L,3071813,3071831,19,970.3,557.6,992.1,508.6,37,1_back,mst_052_A_foil.png
L,3072571,3072576,6,982.4,548.7,978.1,540.8,37,1_back,mst_052_A_foil.png
L,3072712,3073115,404,945.1,515.1,974.7,510.4,38,1_back,mst_052_A_foil.png
L,3073202,3073213,12,983.4,517,959.7,536.1,38,1_back,mst_052_A_foil.png
L,3074157,3074175,19,958,540.4,982.5,514.1,38,1_back,mst_052_A_foil.png
L,3075232,3077087,1856,988.7,529.6,983.8,567.9,39,1_back,mst_069_A_l1.png
L,3077122,3077167,46,865.3,623.5,856.5,608.2,39,1_back,mst_069_A_l1.png
L,3077291,3077324,34,864.7,597.2,876.2,646.6,39,1_back,mst_069_A_l1.png
L,3077597,3077624,28,870.7,668.9,914,611.3,39,1_back,mst_069_A_l1.png
L,3077843,3077863,21,914.2,623.6,960.1,585.3,40,1_back,mst_294_A_l2.png
L,3077976,3077981,6,972.4,560.1,972.1,546.8,40,1_back,mst_294_A_l2.png
L,3078023,3079987,1965,969.9,558.8,961.7,488.7,41,1_back,mst_215_A_l2.png
L,3080025,3080036,12,955.3,504,955.9,485.5,41,1_back,mst_215_A_l2.png
L,3080300,3080311,12,959.8,472.4,975.7,493.4,41,1_back,mst_215_A_l2.png
L,3080386,3080393,8,975.4,524.7,964.7,533.9,41,1_back,mst_215_A_l2.png
L,3080956,3080981,26,970.7,579.3,1044.4,619.7,41,1_back,mst_215_A_l2.png
L,3081310,3081328,19,1036.6,609.7,1000,566.9,41,1_back,mst_215_A_l2.png
L,3081583,3081604,22,994.7,583.6,965.4,533.8,41,1_back,mst_215_A_l2.png
L,3083176,3083211,36,952.3,599.7,948.9,646.4,42,1_back,mst_215_B_l2.png
L,3083773,3083795,23,951,669.4,1035.7,616.9,42,1_back,mst_215_B_l2.png
L,3084156,3084201,46,1041.1,617.8,957.2,492.4,42,1_back,mst_215_B_l2.png
L,3084548,3084583,36,955.9,482.5,960.2,539.6,43,1_back,mst_331_A_l2.png
L,3085373,3085398,26,965.9,543.3,966,475.5,43,1_back,mst_331_A_l2.png
L,3085610,3086523,914,964.5,498.7,996,462.9,43,1_back,mst_331_A_l2.png
L,3086832,3086872,41,981.8,475.3,968,517.6,44,1_back,mst_180_A_l1.png
L,3087001,3087021,21,956.3,517.7,957.4,517.1,44,1_back,mst_180_A_l1.png
L,3087066,3087082,17,956,508.4,979.4,512.9,44,1_back,mst_180_A_l1.png
L,3087702,3087720,19,994.3,539.7,1030,545.8,44,1_back,mst_180_A_l1.png
L,3089386,3089392,7,988.6,538.7,989.5,552,45,1_back,mst_180_B_l1.png
L,3089945,3089954,10,975.1,543.2,1005.6,549.2,45,1_back,mst_180_B_l1.png
L,3090505,3090524,20,1046.1,554.9,956.4,551.7,45,1_back,mst_180_B_l1.png
L,3090700,3091855,1156,926.4,555.8,944.4,520.4,46,1_back,mst_314_A_l2.png
L,3092249,3092290,42,974.2,547.4,966.4,451,46,1_back,mst_314_A_l2.png
L,3092929,3092948,20,973.5,455.9,952.3,515.3,46,1_back,mst_314_A_l2.png
L,3093570,3093575,6,971.7,532.9,970.6,543.1,47,1_back,mst_314_B_l2.png
L,3093729,3094610,882,930.1,549,930.1,549,47,1_back,mst_314_B_l2.png
L,3095048,3095786,739,1022.9,575.2,1004.4,635.8,48,1_back,mst_084_A_l1.png
L,3095943,3095953,11,1023.8,584,991.2,591.5,48,1_back,mst_084_A_l1.png
L,3096331,3096351,21,993.4,588.3,960.6,534.5,48,1_back,mst_084_A_l1.png
L,3097025,3097038,14,980.5,562.3,941,586.1,48,1_back,mst_084_A_l1.png
L,3097457,3097476,20,938.7,604.7,1021,592.2,48,1_back,mst_084_A_l1.png
L,3097713,3097727,15,1030,574.1,1079.2,564.1,48,1_back,mst_084_A_l1.png
L,3097965,3097972,8,1049.8,566,1067.7,578.1,48,1_back,mst_084_A_l1.png
L,3098178,3099117,940,1063.9,589.9,983.2,546.1,49,1_back,mst_084_B_l1.png
L,3099454,3099474,21,1002.9,565.9,907.5,567.3,49,1_back,mst_084_B_l1.png
L,3099688,3101162,1475,884.2,565.1,859,563,50,1_back,mst_249_A_l2.png
L,3101774,3102443,670,867,495.4,869.1,494.3,51,1_back,mst_317_B_l2.png
L,3102737,3102751,15,954.5,548.4,959.1,536.1,51,1_back,mst_317_B_l2.png
L,3103743,3103762,20,980,595.2,920.1,594.9,51,1_back,mst_317_B_l2.png
L,3104109,3104133,25,899.3,609.5,982,548.2,51,1_back,mst_317_B_l2.png
L,3105990,3105995,6,986,541.4,972.1,543,52,1_back,mst_748_A_foil.png
L,3106462,3106943,482,985,534.3,960.4,514.6,53,1_back,mst_748_A_foil.png
L,3108775,3111248,2474,991.9,562,940.6,524.3,55,1_back,mst_009_B_l1.png
L,3112772,3112797,26,989.3,557.8,1015.9,486.1,55,1_back,mst_009_B_l1.png
L,3113286,3114371,1086,933.6,564,916.4,587.2,56,1_back,mst_168_A_l1.png
L,3114628,3114635,8,1019.9,506.5,1039.8,527.8,56,1_back,mst_168_A_l1.png
L,3114983,3114989,7,1012,570.4,999.5,577.7,56,1_back,mst_168_A_l1.png
L,3116751,3116783,33,1007,582.4,1146.1,594.8,57,1_back,mst_168_B_l1.png
L,3117101,3117144,44,1117.7,606.5,1093,495.6,57,1_back,mst_168_B_l1.png
L,3117391,3117414,24,1084.4,487.5,976,502.9,57,1_back,mst_168_B_l1.png
L,3117672,3117680,9,964,509.6,940,505.9,57,1_back,mst_168_B_l1.png
L,3117875,3118578,704,924,509.3,949.7,542.5,58,1_back,mst_014_A_l1.png
L,3118603,3120112,1510,1059,465.7,1061.4,474.4,59,1_back,mst_014_B_l1.png
L,3120160,3120663,504,1047.3,489.9,1005.3,605.7,59,1_back,mst_014_B_l1.png
L,3121008,3121050,43,969.1,508.9,892.6,442.9,59,1_back,mst_014_B_l1.png
L,3121639,3121693,55,905.9,465.4,1034,618.8,59,1_back,mst_014_B_l1.png
L,3122067,3123730,1664,1039.5,689.4,1035.6,727.4,60,1_back,mst_248_A_l2.png
L,3124757,3124762,6,972.6,467.2,984.2,470.2,61,1_back,mst_248_B_l2.png
L,3125100,3125122,23,948.6,492.3,954.5,471.8,61,1_back,mst_248_B_l2.png
L,3125751,3125767,17,988.3,500.7,943.4,499.1,61,1_back,mst_248_B_l2.png
L,3125907,3129501,3595,916.7,495.1,904.3,493.1,63,1_back,mst_579_A_foil.png
L,3129708,3129727,20,949.8,545.9,1026.3,542.7,63,1_back,mst_579_A_foil.png
L,3130495,3130512,18,1029.3,549,1086.3,536.8,63,1_back,mst_579_A_foil.png
L,3131235,3131258,24,1051.7,549.3,942.4,531,64,1_back,mst_077_A_l1.png
L,3131462,3131472,11,934.3,537,958,551.1,64,1_back,mst_077_A_l1.png
L,3132322,3132354,33,951.7,553.7,931.7,467.9,64,1_back,mst_077_A_l1.png
L,3132549,3133403,855,936.6,477.6,898.6,405.1,64,1_back,mst_077_A_l1.png
L,3133428,3133463,36,911.4,408.2,948.7,436.6,64,1_back,mst_077_A_l1.png
L,3133779,3133813,35,959,464.5,971.2,482.5,65,1_back,mst_687_A_foil.png
L,3134036,3135161,1126,967.1,487.3,889.3,468.1,65,1_back,mst_687_A_foil.png
L,3135298,3137263,1966,967.1,487.3,889.3,468.1,66,1_back,mst_687_A_foil.png
L,3137343,3137375,33,988.3,507.7,899,454.9,66,1_back,mst_687_A_foil.png
L,3137577,3139480,1904,886.8,476.8,1000.8,575.1,67,1_back,mst_114_A_l1.png
L,3139575,3146844,7270,999.4,583.7,945.9,373.1,70,1_back,mst_106_A_l1.png
L,3146911,3146923,13,948.2,372.4,971.9,402.9,70,1_back,mst_106_A_l1.png
L,3147770,3147790,21,1012.7,556.4,1089.7,539,71,1_back,mst_106_B_l1.png
L,3148012,3148037,26,1080.5,544.1,1007.1,490.8,71,1_back,mst_106_B_l1.png
L,3149170,3149189,20,950.7,516.9,951.1,469.9,71,1_back,mst_106_B_l1.png
L,3149292,3151268,1977,933.5,458.5,1108.1,520.5,72,1_back,mst_238_A_foil.png
L,3151404,3151428,25,1076.2,496.3,1076.4,499.1,73,1_back,mst_238_A_foil.png
L,3151507,3151511,5,1060.7,499.6,1049.5,486.4,73,1_back,mst_238_A_foil.png
L,3151699,3151762,64,949.5,467.7,940.7,480,73,1_back,mst_238_A_foil.png
L,3151806,3151988,183,921.9,482.8,949.2,499.5,73,1_back,mst_238_A_foil.png
L,3152048,3152292,245,958.4,486.7,958.1,530.3,73,1_back,mst_238_A_foil.png
L,3152321,3152478,158,959.7,559.9,958.9,560.7,73,1_back,mst_238_A_foil.png
L,3153063,3153111,49,1026.1,540.5,931.6,646.4,73,1_back,mst_238_A_foil.png
L,3153265,3153277,13,912.3,655.7,901,621.7,73,1_back,mst_238_A_foil.png
L,3153303,3153604,302,1068.1,555.5,1077.7,557.3,73,1_back,mst_238_A_foil.png
L,3153756,3153771,16,1075.9,531.4,1088.8,496.2,74,1_back,mst_002_A_l1.png
L,3153916,3153952,37,1083.6,471,1018.5,505.8,74,1_back,mst_002_A_l1.png
L,3154085,3156049,1965,998.6,559.8,977.9,588.7,75,1_back,mst_223_A_l2.png
L,3156074,3156096,23,972,582.6,1007.2,529.2,75,1_back,mst_223_A_l2.png
L,3156366,3156388,23,999.3,579.3,1033.2,515.8,75,1_back,mst_223_A_l2.png
L,3156770,3156817,48,1021,519.7,1042.9,623.3,75,1_back,mst_223_A_l2.png
L,3156913,3157516,604,1043.5,644.5,931.4,497.6,75,1_back,mst_223_A_l2.png
L,3157681,3159776,2096,931.4,514.1,937,506.1,76,1_back,mst_223_B_l2.png
L,3160008,3160053,46,999.8,507.7,1078.9,586.9,76,1_back,mst_223_B_l2.png
L,3160434,3160460,27,1102.3,612.4,1012.3,570.5,77,1_back,mst_249_B_l2.png
L,3160745,3160783,39,998.1,608.9,999.2,545.9,77,1_back,mst_249_B_l2.png
L,3161370,3161388,19,986.4,552.1,921.7,567.7,77,1_back,mst_249_B_l2.png
L,3161644,3161658,15,932.7,592.7,983.7,591.3,77,1_back,mst_249_B_l2.png
L,3161919,3163264,1346,994.3,599.7,949,544.9,78,1_back,mst_726_A_foil.png
L,3163303,3163324,22,939.9,421.4,963.5,436,78,1_back,mst_726_A_foil.png
L,3163478,3163488,11,995.1,477.9,991,454.5,78,1_back,mst_726_A_foil.png
L,3163712,3165650,1939,961.3,386.1,969.9,434.9,79,1_back,mst_726_A_foil.png
L,3166225,3167671,1447,993.4,466.8,1048.4,527.1,80,1_back,mst_024_A_l1.png
L,3167830,3167844,15,1057.6,525.7,1056.2,520.5,80,1_back,mst_024_A_l1.png
L,3167903,3167909,7,1059.5,509.3,1079.2,519.7,80,1_back,mst_024_A_l1.png
L,3168362,3168369,8,1060.2,573.9,1044.2,577.6,80,1_back,mst_024_A_l1.png
L,3168403,3171021,2619,971.1,470.7,994,483.2,81,1_back,mst_426_A_foil.png
L,3171477,3171497,21,1022.2,503.9,991.2,551.3,82,1_back,mst_426_A_foil.png
L,3171822,3174888,3067,996.6,544.9,980.3,521.5,83,1_back,mst_020_A_l1.png
L,3174975,3175076,102,970.9,522,1016.4,569,83,1_back,mst_020_A_l1.png
L,3175194,3175198,5,1019.2,563.1,1022,575.1,83,1_back,mst_020_A_l1.png
L,3175437,3175452,16,1025.3,594.5,987.7,623.8,83,1_back,mst_020_A_l1.png
L,3175868,3175887,20,972.8,620.2,1023.4,582.1,83,1_back,mst_020_A_l1.png
L,3176240,3176689,450,1010.7,581.6,1010.5,523,84,1_back,mst_300_A_foil.png
L,3176864,3176881,18,1023.4,543.3,969.5,533.6,84,1_back,mst_300_A_foil.png
L,3177526,3178327,802,956.6,525.1,987,475.7,84,1_back,mst_300_A_foil.png
L,3178504,3178543,40,990.9,476,938,498.4,85,1_back,mst_300_A_foil.png
L,3178740,3178756,17,933,514.1,973.8,537.4,85,1_back,mst_300_A_foil.png
L,3178859,3179967,1109,947.9,539.4,1029.1,469.9,85,1_back,mst_300_A_foil.png
L,3180394,3180420,27,1039.3,474,918.3,547.7,85,1_back,mst_300_A_foil.png
L,3180560,3181433,874,906.2,537.4,904.1,539.1,86,1_back,mst_023_B_l1.png
L,3181531,3181779,249,950.8,513.2,964.7,537.2,86,1_back,mst_023_B_l1.png
L,3182180,3183621,1442,969.2,537.7,946.5,487.2,87,1_back,mst_153_A_l1.png
L,3183647,3183929,283,937.2,482.9,949.1,490.5,87,1_back,mst_153_A_l1.png
L,3184070,3186600,2531,937.2,482.9,949.1,490.5,88,1_back,mst_153_B_l1.png
L,3186831,3186878,48,993.6,588.3,969.7,441.9,88,1_back,mst_153_B_l1.png
L,3187093,3187121,29,966.7,448.5,971.6,522.2,88,1_back,mst_153_B_l1.png
L,3187761,3187775,15,972.4,512.5,955.5,549.7,89,1_back,mst_167_A_l1.png
L,3189200,3190373,1174,1000.3,577.9,954.2,524.4,90,1_back,mst_167_B_l1.png
L,3191425,3191447,23,1013.9,575.1,943.4,553.4,90,1_back,mst_167_B_l1.png
L,3191717,3192418,702,910.5,523.4,957.1,510.6,91,1_back,mst_051_A_foil.png
L,3192611,3192689,79,971.2,531,936.6,518.7,91,1_back,mst_051_A_foil.png
L,3192754,3196108,3355,923.2,530.5,923.2,530.5,92,1_back,mst_051_A_foil.png
L,3196236,3196243,8,980.6,496.8,971.6,508.7,92,1_back,mst_051_A_foil.png
L,3196449,3196465,17,974.4,515.7,941.3,542.1,92,1_back,mst_051_A_foil.png
L,3197624,3197639,16,991.7,503.1,1038.9,510.9,93,1_back,mst_024_B_l1.png
L,3198030,3200052,2023,1114.5,526.5,994.7,478,94,1_back,mst_570_A_foil.png
L,3200231,3202845,2615,1013.9,526.8,955.4,555.9,95,1_back,mst_570_A_foil.png
L,3203235,3203267,33,1041,589,1054.3,444.8,95,1_back,mst_570_A_foil.png
L,3203971,3203992,22,1059.6,499.2,986.6,530.8,96,1_back,mst_286_A_l2.png
L,3204387,3204427,41,956.1,547.3,1008,522.7,96,1_back,mst_286_A_l2.png
L,3204853,3204867,15,1009.6,528.6,969,557.3,96,1_back,mst_286_A_l2.png
L,3205432,3205447,16,961.4,552.8,1007.2,525,96,1_back,mst_286_A_l2.png
L,3205765,3206028,264,998.4,534.1,991.1,507.5,97,1_back,mst_042_A_l1.png
L,3206788,3207755,968,983.3,529.8,960,436.1,97,1_back,mst_042_A_l1.png
L,3207859,3207873,15,991.5,404.8,994.3,395.5,98,1_back,mst_316_A_l2.png
L,3207926,3207933,8,993.1,404,973.8,409.6,98,1_back,mst_316_A_l2.png
L,3208153,3208178,26,977.7,421.8,967.8,491.6,98,1_back,mst_316_A_l2.png
L,3209185,3209190,6,1006.3,524.7,1005.7,507.5,98,1_back,mst_316_A_l2.png
L,3209302,3209722,421,1012.2,539.7,1016.6,504,98,1_back,mst_316_A_l2.png
L,3209830,3209838,9,1019.6,517.8,997.2,521,98,1_back,mst_316_A_l2.png
L,3210009,3211453,1445,973.3,520.6,950.8,493.6,99,1_back,mst_042_B_l1.png
L,3211553,3211576,24,968.6,533,1088.8,554.2,99,1_back,mst_042_B_l1.png
L,3211890,3211918,29,1112.3,558.4,1045.3,493.7,99,1_back,mst_042_B_l1.png
L,3212526,3212537,12,1034.4,517.2,1006.3,501.6,100,1_back,mst_003_B_l1.png
L,3212737,3212754,18,1001.8,519.8,972.7,557.9,100,1_back,mst_003_B_l1.png
L,3213367,3213465,99,953.3,556.1,905.5,524.7,100,1_back,mst_003_B_l1.png
L,3213525,3215171,1647,907.5,552.4,968.5,508.2,101,1_back,mst_701_A_foil.png
L,3215855,3215874,20,979,560.3,911.8,561.2,101,1_back,mst_701_A_foil.png
L,3216250,3216272,23,922.4,564,992.4,504.7,101,1_back,mst_701_A_foil.png
L,3216681,3217957,1277,974,506.2,978.8,542.5,102,1_back,mst_701_A_foil.png
L,3218423,3218442,20,1029.1,525.2,953.2,509.1,102,1_back,mst_701_A_foil.png
L,3218955,3218977,23,939.9,518.4,1002.1,474.5,102,1_back,mst_701_A_foil.png
L,3219040,3219571,532,1014.7,469.2,959.4,494.8,103,1_back,mst_068_A_l1.png
L,3219880,3219921,42,964.2,511.1,977.3,592.8,103,1_back,mst_068_A_l1.png
L,3220091,3220114,24,971.8,593.7,922.6,647.6,103,1_back,mst_068_A_l1.png
L,3220487,3220503,17,953.6,590.9,950.4,576.9,103,1_back,mst_068_A_l1.png
L,3220539,3222342,1804,960.4,582.2,950.4,460.5,104,1_back,mst_532_A_foil.png
L,3222387,3222482,96,952.7,462.1,949.7,472.9,104,1_back,mst_532_A_foil.png
L,3222506,3222593,88,952.7,462.1,949.7,472.9,104,1_back,mst_532_A_foil.png
L,3222626,3223121,496,958.4,526.3,960.7,488.8,104,1_back,mst_532_A_foil.png
L,3224215,3224231,17,990.4,535.3,994.1,491.7,105,1_back,mst_532_A_foil.png
L,3225219,3225228,10,974.8,507.9,952.4,497.4,105,1_back,mst_532_A_foil.png
L,3225874,3225892,19,928.2,486.3,982.4,470.9,106,1_back,mst_446_A_foil.png
L,3226590,3226601,12,947.1,501.1,918.1,510.9,106,1_back,mst_446_A_foil.png
L,3226667,3228552,1886,902.4,505.9,961.7,525.1,107,1_back,mst_446_A_foil.png
L,3229049,3230790,1742,975.7,541.1,955,527.7,108,1_back,mst_034_A_l1.png
L,3230815,3230835,21,956.5,526.7,957.4,522.5,108,1_back,mst_034_A_l1.png
L,3231159,3231193,35,965.6,554.6,906.3,578.8,108,1_back,mst_034_A_l1.png
L,3231464,3231506,43,885.9,611.3,1030.5,570.6,108,1_back,mst_034_A_l1.png
L,3231878,3231897,20,1034.7,573.3,950.2,589.6,108,1_back,mst_034_A_l1.png
L,3232324,3232338,15,941.7,575.2,984,563.1,109,1_back,mst_034_B_l1.png
L,3232432,3233270,839,982.9,569.1,920.8,543.2,109,1_back,mst_034_B_l1.png
L,3233303,3233384,82,930,537.4,911.6,566.4,109,1_back,mst_034_B_l1.png
L,3233669,3233694,26,927.6,605.6,1037.6,551.1,109,1_back,mst_034_B_l1.png
L,3233840,3236990,3151,1031,566.1,1006.5,634.1,111,1_back,mst_165_A_l1.png
L,3237486,3237512,27,977.9,570.9,879.8,650,111,1_back,mst_165_A_l1.png
L,3237652,3239858,2207,889.2,648.5,968.3,553.2,112,1_back,mst_311_A_l2.png
L,3239989,3240006,18,978.1,582.6,929.4,563,112,1_back,mst_311_A_l2.png
L,3240193,3240202,10,920,564.5,918.5,546.5,112,1_back,mst_311_A_l2.png
L,3240224,3243991,3768,916.6,515.8,995.6,608.4,114,1_back,mst_151_A_foil.png
L,3244365,3244405,41,1038.9,670.3,899.5,494.3,114,1_back,mst_151_A_foil.png
L,3244555,3246916,2362,892.7,536.9,880.5,485.2,115,1_back,mst_064_A_foil.png
L,3247019,3247025,7,937.8,437,948.2,452,115,1_back,mst_064_A_foil.png
L,3249033,3249055,23,1003.2,539.7,1059.2,502.2,116,1_back,mst_064_A_foil.png
L,3249281,3250328,1048,1054.1,485.2,1109.6,814.9,117,1_back,mst_151_A_l1.png
L,3251021,3251062,42,992.6,575.1,1027.9,522.8,117,1_back,mst_151_A_l1.png
L,3252334,3252365,32,984,542.7,985.6,538.6,118,1_back,mst_711_A_foil.png
L,3252514,3252632,119,986.5,527.8,928,538.1,118,1_back,mst_711_A_foil.png
L,3252746,3255314,2569,915.8,566.6,954.3,510.2,119,1_back,mst_711_A_foil.png
L,3255619,3255697,79,959.5,511.7,960.3,500.2,119,1_back,mst_711_A_foil.png
L,3255721,3255757,37,959.3,486.2,966.2,501,119,1_back,mst_711_A_foil.png
L,3255870,3255920,51,980.6,513.5,1109.4,584.8,119,1_back,mst_711_A_foil.png
L,3256108,3256126,19,1098,609,1137.3,651,119,1_back,mst_711_A_foil.png
L,3256334,3256353,20,1098,609,1137.3,651,119,1_back,mst_711_A_foil.png
L,3256390,3261373,4984,1099.7,731,943.6,543.7,122,1_back,mst_004_A_l1.png
L,3262161,3263373,1213,996.2,587.5,949.9,655.2,123,1_back,mst_004_B_l1.png
L,3263922,3263957,36,980.3,597,962.8,556.2,123,1_back,mst_004_B_l1.png
L,3264000,3264012,13,960.4,552,960.5,549.4,123,1_back,mst_004_B_l1.png
L,3264213,3264295,83,962.2,557.9,957.6,554.9,123,1_back,mst_004_B_l1.png
L,3264339,3264395,57,957.8,560.3,956.9,566,123,1_back,mst_004_B_l1.png
L,3264423,3264553,131,956.3,569.9,948.9,557.6,123,1_back,mst_004_B_l1.png
L,3264676,3264826,151,954.7,554.7,855.5,501.3,123,1_back,mst_004_B_l1.png
L,3264888,3271476,6589,846.7,498.5,830.4,503.8,126,1_back,mst_184_A_l2.png
L,3271527,3271540,14,952.9,530,947.6,502.2,126,1_back,mst_184_A_l2.png
L,3271574,3271603,30,944.5,506.5,949.8,523,126,1_back,mst_184_A_l2.png
L,3272067,3272098,32,975.9,594.1,1027.3,497.8,126,1_back,mst_184_A_l2.png
L,3272756,3272774,19,1008.8,533.6,964.3,567.8,127,1_back,mst_184_B_l2.png
L,3273112,3273118,7,952.1,572.7,966.5,570,127,1_back,mst_184_B_l2.png
L,3273331,3273913,583,942.3,562.3,901.8,673.7,127,1_back,mst_184_B_l2.png
L,3274157,3274168,12,989,498.5,987.1,471,127,1_back,mst_184_B_l2.png
L,3274482,3274493,12,1007.1,472.9,1034.8,472.6,127,1_back,mst_184_B_l2.png
L,3274833,3274857,25,1033.3,493.8,986.3,557.7,128,1_back,mst_330_A_foil.png
L,3275060,3275067,8,975.5,552.2,964.6,563.6,128,1_back,mst_330_A_foil.png
L,3275657,3275676,20,945.6,561.4,944.1,491.9,128,1_back,mst_330_A_foil.png
L,3276219,3276302,84,1024.4,480.1,1183.8,610,128,1_back,mst_330_A_foil.png
L,3276330,3276336,7,1244.2,609.6,1267,605.6,128,1_back,mst_330_A_foil.png
L,3276412,3276477,66,1275.8,536.3,1083.1,419.9,128,1_back,mst_330_A_foil.png
L,3278218,3278267,50,968,543.3,1052.6,699.7,129,1_back,mst_330_A_foil.png
L,3278506,3282110,3605,1015.7,707.4,951.9,562.4,131,1_back,mst_154_A_foil.png
L,3282260,3282277,18,978.5,607.2,1007.5,560,131,1_back,mst_154_A_foil.png
L,3283235,3283282,48,1005.8,589.5,1030.6,509.4,131,1_back,mst_154_A_foil.png
L,3283696,3283717,22,1018.9,498.9,1079.8,453.7,131,1_back,mst_154_A_foil.png
L,3283977,3283992,16,1050.6,481.9,1010.2,482.9,132,1_back,mst_103_A_foil.png
L,3284088,3287197,3110,959.4,507.8,978,514.9,133,1_back,mst_103_A_foil.png
L,3287258,3287266,9,991,509.1,982.5,490.1,133,1_back,mst_103_A_foil.png
L,3287321,3287330,10,982.6,485.2,995.1,510.4,133,1_back,mst_103_A_foil.png
L,3287647,3287657,11,993,550.2,1022.8,545.2,133,1_back,mst_103_A_foil.png
L,3288473,3290035,1563,954.7,552.4,987.7,519.9,134,1_back,mst_151_B_l1.png
L,3290173,3296191,6019,924.8,587.3,931.1,581,137,1_back,mst_278_A_l2.png
L,3296232,3296258,27,925.2,555.8,1018.4,531,137,1_back,mst_278_A_l2.png
L,3296511,3296528,18,1013.3,575.5,1042.5,539.9,137,1_back,mst_278_A_l2.png
L,3296954,3296976,23,1035.6,555,943.6,596.7,137,1_back,mst_278_A_l2.png
L,3297208,3297236,29,927,605.2,1025.3,528.4,137,1_back,mst_278_A_l2.png
L,3297492,3297502,11,993.6,545.9,955.9,535.2,138,1_back,mst_278_B_l2.png
L,3297669,3303091,5423,998.2,396.1,1011.7,420.4,140,1_back,mst_359_B_l2.png
L,3303181,3303238,58,984.3,405.3,1005.4,428,140,1_back,mst_359_B_l2.png
L,3303447,3303653,207,1024.6,430.7,1217,410.5,140,1_back,mst_359_B_l2.png
L,3303683,3303699,17,1179,454.5,1110,485.8,140,1_back,mst_359_B_l2.png
L,3304143,3304150,8,1032.2,562,1013.1,572.9,141,1_back,mst_165_B_l1.png
L,3304818,3304838,21,1010.2,578.1,1039.3,537.4,141,1_back,mst_165_B_l1.png
L,3305197,3305244,48,1009.4,549.1,902.1,616.7,141,1_back,mst_165_B_l1.png
L,3305431,3307611,2181,898.6,634.6,977.6,513.2,142,1_back,mst_311_B_l2.png
L,3307703,3307710,8,973.7,514.5,973.6,517.2,142,1_back,mst_311_B_l2.png
L,3307800,3307817,18,969.4,507.9,976.6,519.6,142,1_back,mst_311_B_l2.png
L,3307935,3309530,1596,969.4,507.9,976.6,519.6,143,1_back,mst_666_A_foil.png
L,3309651,3309667,17,989.6,506.3,1030.4,518.5,143,1_back,mst_666_A_foil.png
L,3309753,3311608,1856,1028.6,529.5,939,457.8,144,1_back,mst_666_A_foil.png
L,3311825,3311864,40,959.6,506.9,949.1,575.6,144,1_back,mst_666_A_foil.png
L,3312178,3312222,45,952.5,627.5,1148.7,530,144,1_back,mst_666_A_foil.png
L,3312374,3312417,44,1162.1,535.5,874.1,665.3,144,1_back,mst_666_A_foil.png
L,3312846,3312893,48,816.8,671.4,990.5,576.2,144,1_back,mst_666_A_foil.png
L,3313227,3313240,14,994.2,575.8,950.9,576.2,145,1_back,mst_094_A_l1.png
L,3314283,3314318,36,945.1,576.1,886.6,618.1,145,1_back,mst_094_A_l1.png
L,3314498,3315245,748,867.7,634.2,963.1,572,145,1_back,mst_094_A_l1.png
L,3316218,3316358,141,966.4,588,910.7,581.7,146,1_back,mst_094_B_l1.png
L,3316391,3316785,395,907,573.3,911.1,598.8,146,1_back,mst_094_B_l1.png
L,3317040,3317069,30,926.1,628.9,1075.3,615.3,146,1_back,mst_094_B_l1.png
L,3317867,3317895,29,1063.2,604.1,903.4,584.4,147,1_back,mst_100_B_l1.png
L,3318099,3318117,19,912.8,596,957.3,564.1,147,1_back,mst_100_B_l1.png
L,3318244,3320228,1985,944.4,569.6,905.7,577.6,147,1_back,mst_100_B_l1.png
L,3320484,3320513,30,921.9,459.6,950.1,527,148,1_back,mst_633_A_foil.png
L,3321219,3321261,43,962.2,546.5,979.6,628,148,1_back,mst_633_A_foil.png
L,3321558,3321586,29,989.6,667,967.1,530.9,148,1_back,mst_633_A_foil.png
L,3323665,3325599,1935,948.6,557.2,962.8,553.3,150,1_back,mst_132_A_foil.png
L,3325835,3325882,48,957.4,560.5,986.9,632,150,1_back,mst_132_A_foil.png
L,3326038,3327732,1695,926.7,523.1,980.4,551.3,151,1_back,mst_132_A_foil.png
L,3327949,3328005,57,1003.4,571.8,1038.7,737.3,151,1_back,mst_132_A_foil.png
L,3328373,3328419,47,1025.2,729.6,960.5,531.3,151,1_back,mst_132_A_foil.png
L,3329107,3329116,10,950.8,525.3,966.1,544,152,1_back,mst_068_B_l1.png
L,3329311,3332057,2747,938.9,557.1,939.5,543.1,153,1_back,mst_327_A_foil.png
L,3332106,3332114,9,949.6,529.9,954.5,548.8,153,1_back,mst_327_A_foil.png
L,3332343,3332357,15,959.3,574.5,959.9,548.4,153,1_back,mst_327_A_foil.png
L,3332556,3332565,10,956.5,560.5,952.3,544,153,1_back,mst_327_A_foil.png
L,3332610,3334832,2223,940.2,577.5,940.2,577.5,154,1_back,mst_327_A_foil.png
L,3335216,3335231,16,965.6,511.1,962.6,520.1,154,1_back,mst_327_A_foil.png
L,3335341,3335363,23,963.7,529.2,1038.8,474.4,154,1_back,mst_327_A_foil.png
L,3335547,3335555,9,1059,485.7,1061.5,467.1,154,1_back,mst_327_A_foil.png
L,3335623,3336196,574,1009.8,504.2,966.7,481.5,155,1_back,mst_075_B_l1.png
L,3336257,3336279,23,973.3,511.4,976.4,570.7,155,1_back,mst_075_B_l1.png
L,3337289,3337321,33,981.9,590.5,1112.8,553.3,155,1_back,mst_075_B_l1.png
L,3337532,3337558,27,1106.4,570.8,987.7,601.7,155,1_back,mst_075_B_l1.png
L,3337904,3337925,22,966.3,583.9,963.3,587.3,155,1_back,mst_075_B_l1.png
L,3337988,3338321,334,956.1,592.4,945.6,549.4,156,1_back,mst_259_A_foil.png
L,3338373,3338381,9,940.8,543.5,956,561.5,156,1_back,mst_259_A_foil.png
L,3338435,3338442,8,941.8,545.8,955.1,566,156,1_back,mst_259_A_foil.png
L,3338529,3338543,15,961,570.7,962.9,564,156,1_back,mst_259_A_foil.png
L,3338757,3338824,68,958.7,564.3,956.4,574,156,1_back,mst_259_A_foil.png
L,3338889,3338995,107,945.3,566,939.7,565.2,156,1_back,mst_259_A_foil.png
L,3339079,3339160,82,924.5,544.4,933.7,541.8,156,1_back,mst_259_A_foil.png
L,3339586,3339768,183,912.8,542.7,965.7,536.2,156,1_back,mst_259_A_foil.png
L,3339838,3339874,37,960.2,533.9,935.3,532.7,156,1_back,mst_259_A_foil.png
L,3340540,3340559,20,939.1,542.6,940.5,576,157,1_back,mst_259_A_foil.png
L,3340648,3342205,1558,916,586.4,1007.3,557.3,157,1_back,mst_259_A_foil.png
L,3342289,3342341,53,1040.5,522.2,981.9,543.7,157,1_back,mst_259_A_foil.png
L,3342904,3342923,20,979.2,537.8,979.7,569.8,158,1_back,mst_238_B_l2.png
L,3343219,3343248,30,948.4,557.3,974.2,555.2,158,1_back,mst_238_B_l2.png
L,3343352,3343394,43,984.6,569.5,965.1,553.2,158,1_back,mst_238_B_l2.png
L,3343557,3343572,16,939.5,553.8,942.5,568.2,158,1_back,mst_238_B_l2.png
L,3343646,3344552,907,924.4,583.1,916.2,491.3,158,1_back,mst_238_B_l2.png
L,3344576,3347304,2729,922.2,494.2,950,520.8,160,1_back,mst_486_A_foil.png
L,3347522,3347527,6,970.5,463.8,978.9,482.7,160,1_back,mst_486_A_foil.png
L,3348461,3348477,17,1000.1,555.6,957,583,160,1_back,mst_486_A_foil.png
L,3348603,3351743,3141,1000.1,555.6,957,583,162,1_back,mst_452_A_foil.png
L,3351956,3351985,30,995.7,610.2,1009.5,522.1,162,1_back,mst_452_A_foil.png
L,3352517,3352565,49,993.5,542.3,987.8,543.1,162,1_back,mst_452_A_foil.png
L,3352608,3352790,183,986.5,547.4,914.9,408.3,162,1_back,mst_452_A_foil.png
L,3353029,3354765,1737,915.4,410.7,948.9,484.1,163,1_back,mst_247_B_l2.png
L,3354927,3354948,22,966.4,516.1,986.5,461.7,163,1_back,mst_247_B_l2.png
L,3355162,3358827,3666,968.2,505.2,961,528.6,165,1_back,mst_338_B_l2.png
L,3359027,3359057,31,993.2,599.1,1034.3,757.2,165,1_back,mst_338_B_l2.png
L,3359512,3359562,51,1028.9,725.8,1022.9,529.5,165,1_back,mst_338_B_l2.png
L,3359877,3359937,61,1010.7,527.4,983.5,711.8,165,1_back,mst_338_B_l2.png
L,3360131,3360151,21,980.1,704.4,989.4,754.8,165,1_back,mst_338_B_l2.png
L,3360465,3360523,59,978.1,738.2,973.3,572.4,166,1_back,mst_077_B_l1.png
L,3361731,3361964,234,967.5,584.7,910.5,535.8,166,1_back,mst_077_B_l1.png
L,3362153,3368498,6346,897.9,541.6,950.4,496.3,169,1_back,mst_331_B_l2.png
L,3368587,3368596,10,970.2,463.2,983.5,491.1,169,1_back,mst_331_B_l2.png
L,3369113,3369136,24,1021.9,527.9,1040,475,169,1_back,mst_331_B_l2.png
L,3369343,3369362,20,1033.1,499.9,1029.8,457.1,169,1_back,mst_331_B_l2.png
L,3369534,3369541,8,1021.1,409,1022.9,393.1,170,1_back,mst_287_A_l2.png
L,3369658,3369662,5,1034.6,403.6,1035.4,415.1,170,1_back,mst_287_A_l2.png
L,3370679,3370727,49,1003.5,491.7,1043.8,587.7,170,1_back,mst_287_A_l2.png
L,3370822,3373002,2181,1043.9,615,973.2,547,171,1_back,mst_287_B_l2.png
L,3373645,3373669,25,1036.8,539.2,1098.5,466.9,171,1_back,mst_287_B_l2.png
L,3373935,3373952,18,1088,483.4,1048.8,451.9,171,1_back,mst_287_B_l2.png
L,3374162,3376741,2580,1010.2,446.9,962.4,497.7,172,1_back,mst_085_A_l1.png
L,3376997,3377024,28,904.6,648,994.9,547.2,173,1_back,mst_085_B_l1.png
L,3377275,3377293,19,996.9,602.3,1025.1,542.8,173,1_back,mst_085_B_l1.png
L,3377903,3377946,44,1023.2,530.2,921.8,635.4,173,1_back,mst_085_B_l1.png
L,3378177,3378222,46,900,669.6,1049.9,577.8,173,1_back,mst_085_B_l1.png
L,3378377,3378422,46,1055.2,558.4,830.7,674.6,173,1_back,mst_085_B_l1.png
L,3378687,3378738,52,794,692.6,1025.2,565.2,173,1_back,mst_085_B_l1.png
L,3379229,3381280,2052,1024.6,560.6,1010.4,523.3,175,1_back,mst_299_A_l2.png
L,3381312,3381417,106,998.4,544.6,950,543.4,175,1_back,mst_299_A_l2.png
L,3381459,3381469,11,930.9,525.6,928.4,538.1,175,1_back,mst_299_A_l2.png
L,3381512,3381563,52,950.6,538.1,973.3,541.4,175,1_back,mst_299_A_l2.png
L,3382398,3383496,1099,1026.4,532.2,820.5,916.2,176,1_back,mst_299_B_l2.png
L,3383742,3383754,13,962.1,489.1,998.5,506.3,176,1_back,mst_299_B_l2.png
L,3384051,3384058,8,1007.7,552.8,990,562.3,176,1_back,mst_299_B_l2.png
L,3384967,3384984,18,991.7,560.1,1064.2,530.2,176,1_back,mst_299_B_l2.png
L,3385133,3389527,4395,1079.7,533.3,969.2,610.7,178,1_back,mst_295_A_l2.png
L,3389831,3389878,48,1000.5,652.2,1006.8,515.9,178,1_back,mst_295_A_l2.png
L,3390477,3390520,44,1008,530.3,1013.6,633.6,179,1_back,mst_295_B_l2.png
L,3390744,3390768,25,990.4,653.7,997.6,576.5,179,1_back,mst_295_B_l2.png
L,3391484,3391495,12,975.1,585.7,1004,596.6,179,1_back,mst_295_B_l2.png
L,3392115,3393911,1797,1012.5,607.5,953.9,538.4,180,1_back,mst_002_B_l1.png
L,3394095,3394138,44,975.7,554.5,1055.5,596,180,1_back,mst_002_B_l1.png
L,3394290,3394322,33,1050,579.7,1105.5,704.8,180,1_back,mst_002_B_l1.png
L,3394420,3395530,1111,1077.1,737.5,1074.9,733.8,180,1_back,mst_002_B_l1.png
L,3531836,3532155,320,888.8,504.6,872,523.4,1,2_back,mst_367_A_foil.png
L,3532397,3532429,33,905.3,487.8,923.3,455,1,2_back,mst_367_A_foil.png
L,3532855,3532892,38,953,474.1,951.1,568.7,1,2_back,mst_367_A_foil.png
L,3533210,3533232,23,952.9,577.2,871.5,535.5,1,2_back,mst_367_A_foil.png
L,3533490,3533516,27,874.8,540.7,945.1,479.8,1,2_back,mst_367_A_foil.png
L,3533714,3533724,11,947.3,490.2,959.1,471.5,2,2_back,mst_355_A_foil.png
L,3534000,3534015,16,961.3,473.1,926.1,498.3,2,2_back,mst_355_A_foil.png
L,3534478,3534509,32,928.7,476.8,1017.7,578.7,2,2_back,mst_355_A_foil.png
L,3534766,3534781,16,1005.3,580,1057.2,595.3,2,2_back,mst_355_A_foil.png
L,3535276,3535300,25,1041.4,571.4,997.5,494.2,2,2_back,mst_355_A_foil.png
L,3535938,3535960,23,996.6,476.5,927.2,509.7,3,2_back,mst_069_A_l1.png
L,3536537,3536579,43,938.8,495.8,813.7,583.5,3,2_back,mst_069_A_l1.png
L,3536720,3537005,286,795.9,610.6,796.6,595,3,2_back,mst_069_A_l1.png
L,3537358,3537390,33,871.8,596,963.9,482.3,3,2_back,mst_069_A_l1.png
L,3537636,3537646,11,967.3,484.7,992.7,469.4,3,2_back,mst_069_A_l1.png
L,3537953,3537986,34,999.3,464,942,505.4,4,2_back,mst_278_A_l2.png
L,3538789,3539070,282,925,497.4,907.6,518.8,4,2_back,mst_278_A_l2.png
L,3539175,3539206,32,979.6,577.9,1015,459.3,4,2_back,mst_278_A_l2.png
L,3540021,3540055,35,1006.3,459.4,952.7,525.6,5,2_back,mst_012_A_l1.png
L,3540919,3541226,308,940.2,540.1,895.2,489.5,5,2_back,mst_012_A_l1.png
L,3541391,3541397,7,916.7,530.5,923.5,520,5,2_back,mst_012_A_l1.png
L,3542222,3542229,8,933.7,506,923.7,517.8,6,2_back,mst_068_A_l1.png
L,3543254,3543277,24,933.5,531.6,886.8,596.4,6,2_back,mst_068_A_l1.png
L,3543912,3543930,19,887.8,587.9,955.9,561.2,6,2_back,mst_068_A_l1.png
L,3544829,3544847,19,938.5,564,919,532.6,7,2_back,mst_012_A_l1.png
L,3545706,3545732,27,926.9,537.2,1048.9,510.8,7,2_back,mst_012_A_l1.png
L,3545956,3545986,31,1034,509.4,856,440.8,7,2_back,mst_012_A_l1.png
L,3546315,3546338,24,860.9,439.1,909.1,482,7,2_back,mst_012_A_l1.png
L,3546580,3546859,280,905.8,487.1,916.5,451.3,8,2_back,mst_068_A_l1.png
L,3546986,3547009,24,918.8,480.8,931.1,537.2,8,2_back,mst_068_A_l1.png
L,3548063,3548099,37,935.1,509,955.6,580,8,2_back,mst_068_A_l1.png
L,3548383,3548400,18,951.3,605.2,889.2,608.8,8,2_back,mst_068_A_l1.png
L,3548725,3548758,34,883.8,603.7,969.5,489.6,8,2_back,mst_068_A_l1.png
L,3548885,3549162,278,963,495.2,956.5,516,9,2_back,mst_247_A_l2.png
L,3549348,3549370,23,979.2,470,937.4,515.1,9,2_back,mst_247_A_l2.png
L,3550313,3550337,25,931.6,484.2,939.3,422.9,9,2_back,mst_247_A_l2.png
L,3551094,3551125,32,965.8,463.7,926.3,575.1,9,2_back,mst_247_A_l2.png
L,3551452,3551466,15,919.2,558.9,958.1,544.1,9,2_back,mst_247_A_l2.png
L,3552876,3553263,388,966.7,559.5,981.3,520.6,10,2_back,mst_042_A_l1.png
L,3553572,3553603,32,984,550.3,979.7,476.7,10,2_back,mst_042_A_l1.png
L,3554016,3554024,9,971.4,497.7,972.6,514.5,11,2_back,mst_248_A_l2.png
L,3555035,3555403,369,967.3,534.1,977.7,507.1,11,2_back,mst_248_A_l2.png
L,3556299,3556318,20,946.5,501.7,951,552.8,12,2_back,mst_042_B_l1.png
L,3557069,3557109,41,948.6,560.8,1096.2,594.2,12,2_back,mst_042_B_l1.png
L,3557384,3557424,41,1116.7,593.2,896.2,565.5,12,2_back,mst_042_B_l1.png
L,3557678,3557922,245,875.7,589.8,934.1,490.8,12,2_back,mst_042_B_l1.png
L,3558339,3558355,17,937,508.5,955.8,554.9,13,2_back,mst_248_B_l2.png
L,3559124,3559144,21,951.7,534.4,955.8,486.7,13,2_back,mst_248_B_l2.png
L,3560452,3560474,23,952.5,496,953.1,552.6,14,2_back,mst_077_A_l1.png
L,3561218,3561237,20,955.9,532.4,906.8,494.3,14,2_back,mst_077_A_l1.png
L,3562115,3562136,22,894.4,485,983.2,481.6,14,2_back,mst_077_A_l1.png
L,3562541,3562560,20,980.9,505.9,944.3,495.2,15,2_back,mst_300_A_l2.png
L,3563760,3563780,21,957.9,501.3,1012,513.4,15,2_back,mst_300_A_l2.png
L,3564369,3564393,25,995,514.8,930.4,475.4,15,2_back,mst_300_A_l2.png
L,3564691,3564708,18,935.1,481.7,955.1,522.5,16,2_back,mst_316_A_l2.png
L,3565871,3566204,334,961.8,555.1,966.8,505.2,16,2_back,mst_316_A_l2.png
L,3567017,3567024,8,960.8,517.1,946.8,524.7,17,2_back,mst_275_A_l2.png
L,3567585,3567608,24,954.9,531,945.6,462.9,17,2_back,mst_275_A_l2.png
L,3568169,3568179,11,955.6,480.3,979.7,462.8,17,2_back,mst_275_A_l2.png
L,3569880,3569906,27,956.8,486,928.4,554.5,18,2_back,mst_298_A_l2.png
L,3570228,3570240,13,949.6,569.7,961.1,592.6,18,2_back,mst_298_A_l2.png
L,3570704,3571050,347,957.1,610.2,924.5,484.6,18,2_back,mst_298_A_l2.png
L,3571429,3571441,13,934.6,506.4,962.9,520,19,2_back,mst_275_A_l2.png
L,3572314,3572624,311,973.7,532,961.3,521,19,2_back,mst_275_A_l2.png
L,3573357,3573369,13,964.1,504,966.2,529.6,20,2_back,mst_298_A_l2.png
L,3573553,3573560,8,962.3,535.3,955.5,548.8,20,2_back,mst_298_A_l2.png
L,3574183,3574200,18,942.5,531.6,917.7,569,20,2_back,mst_298_A_l2.png
L,3574860,3574880,21,925,578.1,989.5,601.2,20,2_back,mst_298_A_l2.png
L,3575094,3575518,425,974.1,603.1,955.5,625.5,21,2_back,mst_294_A_l2.png
L,3575601,3575617,17,959.7,501.3,954.7,543.7,21,2_back,mst_294_A_l2.png
L,3576148,3576156,9,945.9,543.7,927.7,550.3,21,2_back,mst_294_A_l2.png
L,3576629,3576646,18,950.4,528.8,1000.2,555,21,2_back,mst_294_A_l2.png
L,3577328,3577338,11,1026.9,580.6,1001.6,593.1,21,2_back,mst_294_A_l2.png
L,3578107,3578136,30,975.6,605.8,961.6,512.4,22,2_back,mst_338_A_l2.png
L,3578947,3578990,44,954.4,527.4,973.1,623.3,22,2_back,mst_338_A_l2.png
L,3579185,3579213,29,977.5,650.3,973.6,740.1,22,2_back,mst_338_A_l2.png
L,3579373,3579983,611,965.7,722.8,955,711.1,22,2_back,mst_338_A_l2.png
L,3580429,3580441,13,974.1,568.2,955.4,546.9,23,2_back,mst_294_B_l2.png
L,3581145,3581179,35,956,532.1,943.8,577.5,23,2_back,mst_294_B_l2.png
L,3581581,3581609,29,948.9,600.1,1108.2,584.9,23,2_back,mst_294_B_l2.png
L,3581934,3581959,26,1091.9,590.4,960.9,606.2,23,2_back,mst_294_B_l2.png
L,3582493,3582514,22,960.1,597.8,906.3,575.2,24,2_back,mst_338_A_l2.png
L,3582754,3582766,13,921.7,575.4,947,551,24,2_back,mst_338_A_l2.png
L,3583576,3583616,41,944.2,545.3,957.8,656.3,24,2_back,mst_338_A_l2.png
L,3583818,3583841,24,962.4,684.4,963,759.3,24,2_back,mst_338_A_l2.png
L,3584221,3584267,47,966.6,762.9,944.2,543,24,2_back,mst_338_A_l2.png
L,3584556,3584570,15,957.8,530,999.1,525.7,24,2_back,mst_338_A_l2.png
L,3584843,3585117,275,984,542.9,969.7,593.7,25,2_back,mst_067_A_l1.png
L,3586193,3586687,495,973.1,581.9,1045.1,576.5,25,2_back,mst_067_A_l1.png
L,3588309,3588325,17,980.6,561.5,1013.9,587.7,26,2_back,mst_063_A_l1.png
L,3588483,3589448,966,1002.3,581.7,960.4,567.1,27,2_back,mst_067_B_l1.png
L,3590943,3590959,17,989.4,567.7,1064.1,569.5,27,2_back,mst_067_B_l1.png
L,3591167,3591202,36,1068.6,581.7,889.7,454,27,2_back,mst_067_B_l1.png
L,3591354,3593006,1653,882.8,477.5,951.4,538.8,28,2_back,mst_063_B_l1.png
L,3593500,3594591,1092,960.3,556.5,950.8,558.4,29,2_back,mst_331_A_l2.png
L,3595249,3595262,14,994.8,526.3,1011.8,496.4,29,2_back,mst_331_A_l2.png
L,3595593,3595604,12,1008.9,513.2,1039.8,517.5,29,2_back,mst_331_A_l2.png
L,3596268,3596285,18,1069.2,552.3,1004.9,566.6,30,2_back,mst_082_A_l1.png
L,3597185,3597907,723,1069.2,552.3,1004.9,566.6,30,2_back,mst_082_A_l1.png
L,3598687,3598701,15,995,535.2,993,575.2,31,2_back,mst_331_A_l2.png
L,3599187,3599209,23,979,577.5,976.5,549,31,2_back,mst_331_A_l2.png
L,3599908,3601402,1495,971.6,580.3,972.5,544.8,32,2_back,mst_082_B_l1.png
L,3602023,3602048,26,981.9,555.9,1047.2,623.9,32,2_back,mst_082_B_l1.png
L,3602454,3602474,21,1040.7,627,1008.6,563.4,32,2_back,mst_082_B_l1.png
L,3602616,3603252,637,1026.6,588.2,1068.5,536.4,33,2_back,mst_180_A_l1.png
L,3603319,3603353,35,1072.8,523.1,995.7,560.4,33,2_back,mst_180_A_l1.png
L,3603956,3603970,15,984.8,556.1,965.2,585.6,33,2_back,mst_180_A_l1.png
L,3604385,3604400,16,955.6,582.2,905,583.3,33,2_back,mst_180_A_l1.png
L,3604899,3605512,614,897.2,593.5,995.3,558.7,33,2_back,mst_180_A_l1.png
L,3605600,3606007,408,995.1,560.7,969.7,559.5,34,2_back,mst_041_A_l1.png
L,3606189,3606207,19,980,564.9,958.9,538.6,34,2_back,mst_041_A_l1.png
L,3606745,3606776,32,967,563,1092.1,509.7,34,2_back,mst_041_A_l1.png
L,3607102,3607130,29,1104.6,520.5,977.3,569.6,34,2_back,mst_041_A_l1.png
L,3607859,3607869,11,950.1,570.5,975.9,565,35,2_back,mst_004_A_l1.png
L,3608065,3608070,6,971.4,554.9,966.1,545.8,35,2_back,mst_004_A_l1.png
L,3608944,3609939,996,959.3,572.8,943.5,575.7,35,2_back,mst_004_A_l1.png
L,3609967,3610008,42,962,518.8,961.1,518.3,36,2_back,mst_216_A_l2.png
L,3611067,3611087,21,978.3,577.5,893.2,582.2,36,2_back,mst_216_A_l2.png
L,3611354,3612161,808,892.4,590.8,1040.1,545.7,37,2_back,mst_004_B_l1.png
L,3612382,3612397,16,1055.7,525.4,1007.1,536,37,2_back,mst_004_B_l1.png
L,3613385,3613412,28,976.7,568.5,928.7,501.6,37,2_back,mst_004_B_l1.png
L,3613665,3613686,22,926.6,520.4,999.6,519.9,37,2_back,mst_004_B_l1.png
L,3614030,3615491,1462,967.6,532.3,944.1,578.7,38,2_back,mst_216_A_l2.png
L,3615529,3615618,90,940.3,582.4,908.7,555,38,2_back,mst_216_A_l2.png
L,3615779,3615819,41,888.2,565.6,895.3,564.3,38,2_back,mst_216_A_l2.png
L,3616114,3616155,42,917.4,588.5,1070,553.8,38,2_back,mst_216_A_l2.png
L,3617006,3617032,27,1080.2,564.8,982,565.9,39,2_back,mst_359_A_l2.png
L,3617542,3618718,1177,939.8,594.7,952.5,499.4,39,2_back,mst_359_A_l2.png
L,3618748,3618856,109,954.8,506.6,945.9,498.6,39,2_back,mst_359_A_l2.png
L,3618887,3618926,40,951.2,503.9,965,491.1,39,2_back,mst_359_A_l2.png
L,3619284,3619324,41,931.9,479.6,958.6,512.5,40,2_back,mst_090_A_l1.png
L,3619363,3619385,23,952.4,517.3,959.7,509.4,40,2_back,mst_090_A_l1.png
L,3620295,3622148,1854,965.8,565.6,972.1,555.3,41,2_back,mst_359_A_l2.png
L,3622232,3622241,10,971.4,546.1,990.9,564.8,41,2_back,mst_359_A_l2.png
L,3622316,3622362,47,992.8,556.4,1089.7,601.7,41,2_back,mst_359_A_l2.png
L,3622975,3622992,18,1053,652.1,1093.2,627.9,41,2_back,mst_359_A_l2.png
L,3623328,3623345,18,1080.7,659.5,1035.1,683.1,42,2_back,mst_090_B_l1.png
L,3623714,3623749,36,1039.8,660.5,977.1,536.6,42,2_back,mst_090_B_l1.png
L,3624336,3624363,28,967.7,562.2,946.5,491.5,42,2_back,mst_090_B_l1.png
L,3624813,3624854,42,957.3,508.3,963.1,609.4,42,2_back,mst_090_B_l1.png
L,3624979,3625574,596,950.4,629.8,949.5,636.8,43,2_back,mst_083_A_l1.png
L,3625761,3625780,20,959,532,978.8,577.6,43,2_back,mst_083_A_l1.png
L,3626588,3626617,30,949.4,554.1,1018.8,595.8,43,2_back,mst_083_A_l1.png
L,3627056,3627096,41,1009.3,586.4,864.8,531.5,43,2_back,mst_083_A_l1.png
L,3627188,3627240,53,857.8,535.6,853.3,541.5,43,2_back,mst_083_A_l1.png
L,3627296,3627346,51,855.2,544.1,852.4,536.6,43,2_back,mst_083_A_l1.png
L,3627482,3627496,15,843.4,522.8,852.5,538.2,43,2_back,mst_083_A_l1.png
L,3627696,3627729,34,843.4,544.3,1002.2,582.6,44,2_back,mst_023_A_l1.png
L,3627903,3627924,22,1003.2,586.6,966.8,566.2,44,2_back,mst_023_A_l1.png
L,3628220,3628240,21,943.5,558.3,946,557.5,44,2_back,mst_023_A_l1.png
L,3628778,3629364,587,950.7,584.3,883.1,539.5,44,2_back,mst_023_A_l1.png
L,3629399,3629413,15,875.4,533.9,889.1,542.7,44,2_back,mst_023_A_l1.png
L,3629984,3630015,32,891.5,541.9,942.1,545.2,45,2_back,mst_009_A_l1.png
L,3630726,3631331,606,949.9,542.9,1004.3,501.9,45,2_back,mst_009_A_l1.png
L,3632098,3632124,27,1001.8,498.2,963.6,520.1,46,2_back,mst_144_A_l1.png
L,3632278,3632709,432,937.7,513.7,938.9,537.1,46,2_back,mst_144_A_l1.png
L,3632737,3636091,3355,940.3,543.3,986.5,596.5,47,2_back,mst_003_A_l1.png
L,3636479,3636517,39,986.4,475.1,1034.2,502.4,48,2_back,mst_144_A_l1.png
L,3636700,3636721,22,1050.4,517.3,1000.2,562,48,2_back,mst_144_A_l1.png
L,3638156,3638170,15,976.6,576.4,957.3,542.9,48,2_back,mst_144_A_l1.png
L,3638354,3638838,485,944,531.3,938.6,509.2,49,2_back,mst_003_A_l1.png
L,3639050,3639065,16,940.4,550.8,990.7,559.2,49,2_back,mst_003_A_l1.png
L,3640331,3640351,21,972.5,546.3,1013.5,497.4,49,2_back,mst_003_A_l1.png
L,3640995,3641009,15,1008,486.8,1001.1,520.5,49,2_back,mst_003_A_l1.png
L,3641321,3641333,13,1002.6,542.8,965.3,555.7,50,2_back,mst_280_A_l2.png
L,3641524,3641536,13,957.5,565.2,980.5,551.9,50,2_back,mst_280_A_l2.png
L,3641751,3642215,465,945,545.4,949.3,520.5,50,2_back,mst_280_A_l2.png
L,3642383,3643209,827,969.9,530.3,932.9,589.3,50,2_back,mst_280_A_l2.png
L,3643244,3643269,26,927,450.7,976.8,518.1,50,2_back,mst_280_A_l2.png
L,3643529,3643544,16,1016.2,513,1000.1,555,51,2_back,mst_240_A_l2.png
L,3644443,3645030,588,984.1,553.6,999,523.5,51,2_back,mst_240_A_l2.png
L,3645324,3645365,42,936,522.5,933.7,520.7,51,2_back,mst_240_A_l2.png
L,3645432,3645452,21,936,522.5,933.7,520.7,52,2_back,mst_280_B_l2.png
L,3645642,3645647,6,957.7,488.4,963.1,500.3,52,2_back,mst_280_B_l2.png
L,3645881,3645898,18,968.7,560,1031.5,559.8,52,2_back,mst_280_B_l2.png
L,3646886,3646906,21,1033.9,564.1,1108.4,545.5,52,2_back,mst_280_B_l2.png
L,3647164,3648805,1642,1064,600,964.9,546.1,53,2_back,mst_240_A_l2.png
L,3648928,3648933,6,964.1,515.2,972,534.5,53,2_back,mst_240_A_l2.png
L,3649041,3649079,39,979.2,568.5,888.7,533.6,53,2_back,mst_240_A_l2.png
L,3649270,3649313,44,866.7,531.8,1051.5,599.7,53,2_back,mst_240_A_l2.png
L,3649622,3649659,38,1078.1,608.3,869.6,517.3,53,2_back,mst_240_A_l2.png
L,3650121,3650143,23,861.3,521.8,949.2,536.6,54,2_back,mst_215_A_l2.png
L,3650705,3651453,749,923.4,526.6,962.7,517.5,54,2_back,mst_215_A_l2.png
L,3651942,3651959,18,964.2,518.9,969.8,477.8,55,2_back,mst_192_A_l2.png
L,3652268,3652305,38,978.2,475.6,987.2,532.7,55,2_back,mst_192_A_l2.png
L,3653533,3653872,340,952,557.3,939.1,586.2,55,2_back,mst_192_A_l2.png
L,3655893,3655898,6,948.6,545.5,942,536.6,56,2_back,mst_332_A_l2.png
L,3656433,3656453,21,939.4,520.5,1001.9,487.4,56,2_back,mst_332_A_l2.png
L,3656980,3656988,9,1014,518.7,1000.1,534.4,57,2_back,mst_192_B_l2.png
L,3657461,3657494,34,968.1,544.2,971.1,550,57,2_back,mst_192_B_l2.png
L,3657598,3659218,1621,953.8,543,991.6,538.7,58,2_back,mst_332_A_l2.png
L,3660214,3660243,30,982.5,557.3,1120.6,561.1,58,2_back,mst_332_A_l2.png
L,3660460,3661462,1003,1087.2,590.3,965.9,498.9,59,2_back,mst_114_A_l1.png
L,3662219,3662245,27,982.1,532.9,1043.4,607.8,59,2_back,mst_114_A_l1.png
L,3662433,3663658,1226,1047.8,596,1049.5,621.6,60,2_back,mst_352_A_l2.png
L,3664408,3664434,27,973.5,582.3,994.7,623.4,60,2_back,mst_352_A_l2.png
L,3664909,3665697,789,973.5,582.3,994.7,623.4,61,2_back,mst_085_A_l1.png
L,3666070,3666081,12,979.6,587.1,975.6,561.9,61,2_back,mst_085_A_l1.png
L,3666510,3669381,2872,983.6,596.8,989,508.8,62,2_back,mst_352_B_l2.png
L,3670867,3670887,21,1045.4,473.7,1046.2,539,63,2_back,mst_085_B_l1.png
L,3671643,3671661,19,1060.3,566.8,1128.7,550.9,63,2_back,mst_085_B_l1.png
L,3671878,3671902,25,1111.6,546.5,1142.6,466.8,63,2_back,mst_085_B_l1.png
L,3672646,3672974,329,1086.2,512.3,961.5,500.2,64,2_back,mst_021_A_l1.png
L,3673466,3673475,10,976.8,552.9,1001.2,544,64,2_back,mst_021_A_l1.png
L,3673601,3674528,928,1006.3,561.3,1003.2,581,65,2_back,mst_290_A_l2.png
L,3675550,3676056,507,1034,575.6,982.2,541.2,65,2_back,mst_290_A_l2.png
L,3676818,3676829,12,985.1,521.1,1024.3,526.5,66,2_back,mst_021_A_l1.png
L,3677944,3677964,21,1004.6,573.9,1069.9,546,66,2_back,mst_021_A_l1.png
L,3678248,3678255,8,1073.1,566.2,1092.4,563.2,66,2_back,mst_021_A_l1.png
L,3678436,3678961,526,1081,573.9,1061.1,648.7,66,2_back,mst_021_A_l1.png
L,3679194,3679210,17,995.3,544.1,975.5,578.8,67,2_back,mst_168_A_l1.png
L,3680188,3680197,10,985.9,556.7,1006.6,549.9,67,2_back,mst_168_A_l1.png
L,3680408,3680422,15,1018.5,563,1060.2,547.3,67,2_back,mst_168_A_l1.png
L,3680599,3680605,7,1076.1,544.4,1093.2,538.9,67,2_back,mst_168_A_l1.png
L,3681127,3684412,3286,991.3,644.3,910.2,524.5,69,2_back,mst_120_A_l1.png
L,3685258,3685270,13,1002.7,514.1,1000.6,491.9,69,2_back,mst_120_A_l1.png
L,3685813,3685818,6,1002.5,473.6,1001.2,456.8,69,2_back,mst_120_A_l1.png
L,3686131,3687295,1165,973.2,531.6,959.6,584.7,70,2_back,mst_238_A_l2.png
L,3688154,3688160,7,1038.2,596.6,1041.5,585.7,71,2_back,mst_317_A_l2.png
L,3688417,3688437,21,1043,598,1040.8,539.8,71,2_back,mst_317_A_l2.png
L,3689039,3689052,14,1009.7,564.7,1036.8,534.4,71,2_back,mst_317_A_l2.png
L,3689323,3689332,10,1026.9,549.6,1001.9,558.8,71,2_back,mst_317_A_l2.png
L,3689819,3689833,15,970.3,557,991.5,525.8,71,2_back,mst_317_A_l2.png
L,3690625,3691696,1072,970.3,557,991.5,525.8,72,2_back,mst_238_B_l2.png
L,3692054,3692087,34,950.1,610.9,1043.8,505,72,2_back,mst_238_B_l2.png
L,3692481,3692501,21,1061.1,521,991.2,550.1,73,2_back,mst_317_B_l2.png
L,3692559,3693027,469,992.5,553.1,982.3,564.4,73,2_back,mst_317_B_l2.png
L,3694058,3694084,27,1007.2,569.6,964,503.1,73,2_back,mst_317_B_l2.png
L,3694430,3694472,43,947.4,515.7,969.8,619.4,73,2_back,mst_317_B_l2.png
L,3694969,3694994,26,962.4,636.6,955.6,531.1,74,2_back,mst_016_A_l1.png
L,3695871,3696561,691,992.7,559.1,950.2,590.9,74,2_back,mst_016_A_l1.png
L,3697256,3697260,5,969.9,476.8,974.2,468,75,2_back,mst_356_A_l2.png
L,3697477,3697488,12,954.3,524.1,991.8,528.8,75,2_back,mst_356_A_l2.png
L,3698074,3698085,12,982.3,531.5,1019.6,541.2,75,2_back,mst_356_A_l2.png
L,3698759,3698769,11,1027.8,553.8,1058.1,541.2,75,2_back,mst_356_A_l2.png
L,3699572,3701195,1624,936.6,648.6,999.5,470.4,76,2_back,mst_016_A_l1.png
L,3701281,3701289,9,985.5,430.2,988.6,457.2,76,2_back,mst_016_A_l1.png
L,3701528,3701539,12,991.5,482.7,1005.5,466.8,77,2_back,mst_014_A_l1.png
L,3701782,3701787,6,1022.3,464.9,1018.6,455.9,77,2_back,mst_014_A_l1.png
L,3702092,3702126,35,975.6,579.6,965.9,564.8,77,2_back,mst_014_A_l1.png
L,3702150,3702164,15,968.5,582.6,961.9,610.8,77,2_back,mst_014_A_l1.png
L,3702195,3702205,11,949.5,648,947.5,680.3,77,2_back,mst_014_A_l1.png
L,3702249,3703782,1534,936.8,709.5,937.2,791.2,77,2_back,mst_014_A_l1.png
L,3704552,3704563,12,1027.2,540.2,1055.2,553.3,78,2_back,mst_151_A_l1.png
L,3704972,3704994,23,1028.7,569.8,1053.4,505.3,78,2_back,mst_151_A_l1.png
L,3705251,3706106,856,1056.7,529.4,960,827.5,78,2_back,mst_151_A_l1.png
L,3706279,3706289,11,1025.6,404.6,1033.1,426.3,79,2_back,mst_014_A_l1.png
L,3706470,3706497,28,1041.6,459,1016.1,545.8,79,2_back,mst_014_A_l1.png
L,3707219,3707261,43,1005,564.1,1111.8,511.2,79,2_back,mst_014_A_l1.png
L,3707550,3707563,14,1143,501.8,1096.7,508.8,79,2_back,mst_014_A_l1.png
L,3707623,3707671,49,1096.3,513.6,856.4,658.6,79,2_back,mst_014_A_l1.png
L,3708331,3708365,35,823.6,684.9,942.7,572.2,79,2_back,mst_014_A_l1.png
L,3708961,3708973,13,959.9,601.6,981,578.6,80,2_back,mst_020_A_l1.png
L,3709400,3709413,14,1004.9,576.4,1049.7,575.9,80,2_back,mst_020_A_l1.png
L,3709676,3710852,1177,1049.3,576.9,961,619.6,81,2_back,mst_225_A_l2.png
L,3711366,3711378,13,1006.2,564.2,984.3,545.1,81,2_back,mst_225_A_l2.png
L,3711868,3712704,837,962.1,599.3,978.2,674.1,81,2_back,mst_225_A_l2.png
L,3713294,3713321,28,1001.7,462.1,978.3,524.1,82,2_back,mst_020_B_l1.png
L,3713558,3713564,7,989.8,527.7,1007.6,532.6,82,2_back,mst_020_B_l1.png
L,3714527,3715160,634,989,653.3,986.7,656.6,82,2_back,mst_020_B_l1.png
L,3715758,3715770,13,1038.4,579.5,1032.9,608.7,83,2_back,mst_225_A_l2.png
L,3715810,3717077,1268,1038.4,579.5,1032.9,608.7,83,2_back,mst_225_A_l2.png
L,3717425,3717431,7,1024,580.5,1014.8,565.7,84,2_back,mst_106_A_l1.png
L,3717630,3719507,1878,984.9,636.6,984.7,640.2,85,2_back,mst_024_A_l1.png
L,3720161,3720190,30,976.7,485.9,977.1,504.7,85,2_back,mst_024_A_l1.png
L,3720324,3720357,34,942.9,577,929.6,602,85,2_back,mst_024_A_l1.png
L,3720385,3720693,309,942.9,577,929.6,602,85,2_back,mst_024_A_l1.png
L,3720905,3720929,25,1081.7,690.4,1092.9,799.8,85,2_back,mst_024_A_l1.png
L,3720966,3721737,772,1081.7,690.4,1092.9,799.8,85,2_back,mst_024_A_l1.png
L,3722135,3722141,7,1083.6,544.9,1077.1,527.8,86,2_back,mst_106_A_l1.png
L,3722760,3722795,36,1042.7,615.4,1049.7,462.1,86,2_back,mst_106_A_l1.png
L,3723433,3724255,823,998.6,608,1036.3,545.3,87,2_back,mst_008_A_l1.png
L,3724318,3724328,11,1028.8,524.5,1031.6,496.5,87,2_back,mst_008_A_l1.png
L,3725134,3725160,27,1025.6,508.8,997,561,87,2_back,mst_008_A_l1.png
L,3725215,3726996,1782,984.2,650.6,921.4,853.9,88,2_back,mst_212_A_l2.png
L,3727240,3727285,46,919.2,661.1,1010.2,570,88,2_back,mst_212_A_l2.png
L,3727800,3727827,28,1037.2,576.9,1042.1,489.8,88,2_back,mst_212_A_l2.png
L,3728220,3728241,22,1059.5,515.8,1029.1,455.4,89,2_back,mst_184_A_l2.png
L,3728465,3728504,40,1018.3,471,1017.7,544.7,89,2_back,mst_184_A_l2.png
L,3729256,3729281,26,1003.3,566.1,1071.5,619.1,89,2_back,mst_184_A_l2.png
L,3729492,3729522,31,1067.1,641.1,1067.6,702.1,89,2_back,mst_184_A_l2.png
L,3729710,3730493,784,1038,664,1015.4,752.4,90,2_back,mst_035_A_l1.png
L,3730575,3730587,13,988.3,535.8,955.2,546.2,90,2_back,mst_035_A_l1.png
L,3730773,3730780,8,982.6,554.6,994.9,562.4,90,2_back,mst_035_A_l1.png
L,3731608,3731654,47,1014.5,573.3,1009.8,684,90,2_back,mst_035_A_l1.png
L,3731855,3731877,23,1006,705,1003.5,660.8,90,2_back,mst_035_A_l1.png
L,3731913,3732322,410,999.7,696.9,985.1,548.3,90,2_back,mst_035_A_l1.png
L,3732634,3732642,9,1019.4,497.3,1010.9,478.7,90,2_back,mst_035_A_l1.png
L,3733064,3733079,16,1012.1,464.9,1004.4,496.1,91,2_back,mst_184_B_l2.png
L,3733600,3735029,1430,968.9,626.2,962.6,643.3,92,2_back,mst_035_A_l1.png
L,3735146,3735189,44,983.2,523.5,982.7,520.6,92,2_back,mst_035_A_l1.png
L,3735316,3735317,2,984.1,533.6,982,533.8,92,2_back,mst_035_A_l1.png
L,3735345,3735364,20,1002.9,537.1,999.8,504.7,92,2_back,mst_035_A_l1.png
L,3735459,3735464,6,1021.3,489,1024.9,501.5,92,2_back,mst_035_A_l1.png
L,3736169,3736213,45,1075.2,582.2,1051.1,695.3,92,2_back,mst_035_A_l1.png
L,3736566,3736589,24,1038.2,703.2,1030.2,614.9,92,2_back,mst_035_A_l1.png
L,3736741,3737827,1087,984.4,652.1,969.6,632.6,93,2_back,mst_002_A_l1.png
L,3737966,3737981,16,990.3,616.4,992.1,581.5,93,2_back,mst_002_A_l1.png
L,3738051,3738084,34,1002.1,576.5,994.8,596.6,93,2_back,mst_002_A_l1.png
L,3738113,3738138,26,986.8,596,977.8,646.8,93,2_back,mst_002_A_l1.png
L,3738172,3739601,1430,922.3,689.4,956.8,480.1,94,2_back,mst_308_A_l2.png
L,3739864,3739870,7,985.2,521.6,998.8,527.2,94,2_back,mst_308_A_l2.png
L,3740544,3741015,472,976.8,568.3,978.4,599.9,94,2_back,mst_308_A_l2.png
L,3741159,3741164,6,1021.3,498,1024.2,511.8,94,2_back,mst_308_A_l2.png
L,3741492,3741507,16,1009.3,540.4,1024.1,571.8,94,2_back,mst_308_A_l2.png
L,3742051,3742057,7,998,656.4,993.8,672.6,95,2_back,mst_002_B_l1.png
L,3742273,3742300,28,968.2,674.1,955.4,671.5,95,2_back,mst_002_B_l1.png
L,3742328,3742430,103,933.2,652.3,948.6,671.3,95,2_back,mst_002_B_l1.png
L,3742470,3742945,476,948.6,679.1,963.1,914.2,95,2_back,mst_002_B_l1.png
L,3742988,3743451,464,979,865.8,919,550.5,95,2_back,mst_002_B_l1.png
L,3743570,3743575,6,946.9,481.7,952.1,502.1,95,2_back,mst_002_B_l1.png
L,3744754,3744761,8,995.7,608.4,991.8,626,96,2_back,mst_308_B_l2.png
L,3744924,3744934,11,970.1,672.4,971.8,646.3,96,2_back,mst_308_B_l2.png
L,3745184,3745190,7,983.9,616.4,987.8,600.4,96,2_back,mst_308_B_l2.png
L,3745242,3745264,23,991.8,592.9,963.3,561.4,96,2_back,mst_308_B_l2.png
L,3745527,3746051,525,975.2,545.1,942.4,397.6,97,2_back,mst_075_A_l1.png
L,3746100,3746105,6,978,414.5,980.7,428.5,97,2_back,mst_075_A_l1.png
L,3746263,3746269,7,1014.6,455.3,1019.9,467.7,97,2_back,mst_075_A_l1.png
L,3746889,3746932,44,1037.1,536.6,1002.7,627.1,97,2_back,mst_075_A_l1.png
L,3746961,3746969,9,993.9,678.9,988.8,707.7,97,2_back,mst_075_A_l1.png
L,3747028,3748133,1106,975.1,857.2,849.3,570.9,97,2_back,mst_075_A_l1.png
L,3748475,3748485,11,1062.3,555.7,1057.5,534.7,98,2_back,mst_103_A_l1.png
L,3749592,3749635,44,1030.6,655.9,1155.6,447.3,98,2_back,mst_103_A_l1.png
L,3749838,3749862,25,1141.7,497.6,1155.4,424.1,98,2_back,mst_103_A_l1.png
L,3750075,3750093,19,1158.6,423,1217.6,399.2,98,2_back,mst_103_A_l1.png
L,3750191,3750224,34,1271.9,404,1133.8,485.5,98,2_back,mst_103_A_l1.png
L,3750678,3750715,38,1111.3,507.5,1055,542,99,2_back,mst_075_A_l1.png
L,3751748,3752783,1036,1016.7,576,1004.9,630.3,100,2_back,mst_103_A_l1.png
L,3753229,3753234,6,1008.7,560.6,1001.9,548.1,100,2_back,mst_103_A_l1.png
L,3753462,3753468,7,980.4,543.2,986.6,528.9,100,2_back,mst_103_A_l1.png
L,3753743,3753783,41,1013.1,551.4,1071.7,504.8,100,2_back,mst_103_A_l1.png
L,3754130,3754174,45,1123.9,499.4,1263.8,453.4,100,2_back,mst_103_A_l1.png
L,3754388,3754433,46,1275,444.1,1115,466.4,100,2_back,mst_103_A_l1.png
L,3755185,3755199,15,1066.2,484,1028,504.3,101,2_back,mst_249_A_l2.png
L,3755347,3755361,15,1011.2,517.5,1003,555.4,101,2_back,mst_249_A_l2.png
L,3755549,3755566,18,951.5,565.1,953.7,595.6,101,2_back,mst_249_A_l2.png
L,3755610,3757027,1418,1052.9,615.1,1070.1,622.8,101,2_back,mst_249_A_l2.png
L,3757115,3757122,8,1064.7,571.5,1063.3,558.8,101,2_back,mst_249_A_l2.png
L,3757145,3757194,50,1066.2,540.1,1071.4,490.1,101,2_back,mst_249_A_l2.png
L,3757509,3757520,12,1015.1,512.1,1003.5,540,102,2_back,mst_183_A_l2.png
L,3758758,3759411,654,1032.8,590.7,964.8,506.3,102,2_back,mst_183_A_l2.png
L,3759854,3759868,15,994.9,524.7,996.8,545.9,103,2_back,mst_249_B_l2.png
L,3760033,3760039,7,1003.5,534.8,1002.6,547,103,2_back,mst_249_B_l2.png
L,3760395,3762154,1760,944.9,625.9,983.5,590.1,104,2_back,mst_273_A_l2.png
L,3762734,3763932,1199,969.1,608.9,944.3,539.5,105,2_back,mst_222_A_l2.png
L,3764121,3764126,6,995.1,541,999.2,521.4,105,2_back,mst_222_A_l2.png
L,3765139,3765144,6,1087,550.4,1095.3,563.2,105,2_back,mst_222_A_l2.png
L,3765240,3765251,12,1217.6,567.8,1204.5,558.9,105,2_back,mst_222_A_l2.png
L,3765421,3765426,6,1066.4,525.9,1066.9,512.1,105,2_back,mst_222_A_l2.png
L,3765518,3765532,15,1059.9,506.5,1051.1,543,105,2_back,mst_222_A_l2.png
L,3765819,3765835,17,970.1,607.2,955.2,645.5,105,2_back,mst_222_A_l2.png
L,3765858,3766528,671,953,690.1,940.3,572.9,106,2_back,mst_167_A_l1.png
L,3766584,3766633,50,970.8,555.1,959.2,608.4,106,2_back,mst_167_A_l1.png
L,3766704,3766715,12,986,592.4,977,620.1,106,2_back,mst_167_A_l1.png
L,3767012,3767032,21,996.7,632.4,988.5,631,106,2_back,mst_167_A_l1.png
L,3767177,3767246,70,982.5,679.5,987.3,758.5,106,2_back,mst_167_A_l1.png
L,3767379,3767425,47,974.4,784.9,992.9,708.7,106,2_back,mst_167_A_l1.png
L,3767480,3767523,44,965,694.8,960.1,635,106,2_back,mst_167_A_l1.png
L,3767547,3767576,30,976,656.5,962.6,643.3,106,2_back,mst_167_A_l1.png
L,3767604,3767616,13,960.5,644.8,980.6,673.3,106,2_back,mst_167_A_l1.png
L,3767643,3767655,13,968.9,690.3,982.6,709.5,106,2_back,mst_167_A_l1.png
L,3767680,3767700,21,979.8,729.2,972.6,761,106,2_back,mst_167_A_l1.png
L,3767732,3767749,18,966.6,752.6,979.2,709.9,106,2_back,mst_167_A_l1.png
L,3767793,3767818,26,974.9,690.1,963.2,750.6,106,2_back,mst_167_A_l1.png
L,3767871,3767879,9,978.5,745.3,988.5,768.6,106,2_back,mst_167_A_l1.png
L,3767909,3768063,155,996.4,744.1,986.5,575,106,2_back,mst_167_A_l1.png
L,3768086,3768104,19,988.2,575.5,991.5,536.8,106,2_back,mst_167_A_l1.png
L,3768162,3768169,8,1013.6,522.2,1020.6,534.2,106,2_back,mst_167_A_l1.png
L,3768199,3768203,5,1020.6,533.7,1020.1,551.2,106,2_back,mst_167_A_l1.png
L,3768267,3768315,49,1019.9,564.5,1029.9,580,106,2_back,mst_167_A_l1.png
L,3768815,3768851,37,1054.7,663,1081.3,569.9,107,2_back,mst_222_B_l2.png
L,3769083,3769112,30,1080.5,611.2,1099.2,511.3,107,2_back,mst_222_B_l2.png
L,3769809,3769816,8,1114.3,554.1,1113.5,541.6,107,2_back,mst_222_B_l2.png
L,3769840,3770866,1027,1095.9,550.1,965.5,563.7,108,2_back,mst_221_A_l2.png
L,3770916,3770936,21,984,565.8,984,565.8,108,2_back,mst_221_A_l2.png
L,3771014,3771019,6,1013.2,525.4,1013.7,517.3,108,2_back,mst_221_A_l2.png
L,3771130,3771134,5,1022,502.3,1023.6,513.9,108,2_back,mst_221_A_l2.png
L,3771787,3771804,18,1027.2,479.2,1015.2,524.9,108,2_back,mst_221_A_l2.png
L,3772028,3773814,1787,932.1,643.3,953.3,595.1,109,2_back,mst_287_A_l2.png
L,3774517,3774532,16,999.1,626.8,1010.4,585.8,109,2_back,mst_287_A_l2.png
L,3774640,3774645,6,1021.8,549.3,1014.5,535.8,109,2_back,mst_287_A_l2.png
L,3774683,3775455,773,1002.4,514,960.8,840.9,110,2_back,mst_221_B_l2.png
L,3775485,3779990,4506,951.2,544.3,766.1,582.6,112,2_back,mst_100_A_l1.png
L,3781052,3781066,15,993.1,557.7,1034,561.1,112,2_back,mst_100_A_l1.png
L,3783496,3783509,14,946.4,566.1,984.4,548.4,113,2_back,mst_178_A_l1.png
L,3783824,3784538,715,964.9,556.4,985.8,566.7,114,2_back,mst_100_B_l1.png
L,3784682,3784691,10,1000.6,530.5,989.7,553.1,114,2_back,mst_100_B_l1.png
L,3785124,3785151,28,1013.7,563.4,1063.4,637.2,114,2_back,mst_100_B_l1.png
L,3785286,3785294,9,1063.1,623.2,1058,640.3,114,2_back,mst_100_B_l1.png
L,3785333,3785953,621,1002,635.6,1017.6,596.2,114,2_back,mst_100_B_l1.png
L,3786400,3786411,12,1040.5,606.7,1010,604.8,115,2_back,mst_237_A_l2.png
L,3786988,3788171,1184,958.5,618.7,964.4,639.2,115,2_back,mst_237_A_l2.png
L,3788213,3788438,226,962.9,579.3,967.9,604.7,116,2_back,mst_314_A_l2.png
L,3788640,3789236,597,983.6,603,987,593.6,116,2_back,mst_314_A_l2.png
L,3789353,3789361,9,1004.1,522.2,1002.3,540.6,116,2_back,mst_314_A_l2.png
L,3789661,3791492,1832,937.2,572.9,959,565.7,117,2_back,mst_237_A_l2.png
L,3792544,3793094,551,1035.5,579.4,1003.2,597.2,118,2_back,mst_314_A_l2.png
L,3793231,3793688,458,1016.5,628.2,997.5,624.2,118,2_back,mst_314_A_l2.png
L,3793747,3793752,6,994.1,602.2,1000.9,592.5,118,2_back,mst_314_A_l2.png
L,3793801,3793847,47,999.1,582.3,987.8,611.9,118,2_back,mst_314_A_l2.png
L,3793948,3794931,984,977.8,651.4,953.3,598.2,118,2_back,mst_314_A_l2.png
L,3795037,3795109,73,1008.9,523.7,1013.1,525.4,118,2_back,mst_314_A_l2.png
L,3795179,3795189,11,1020,528.5,1021,551.4,118,2_back,mst_314_A_l2.png
L,3795223,3795233,11,1023.9,547,1016.6,573.9,118,2_back,mst_314_A_l2.png
L,3795305,3795312,8,1015.5,582.7,1012.6,600.2,119,2_back,mst_306_A_l2.png
L,3795388,3795443,56,999.2,626.4,986.6,651.2,119,2_back,mst_306_A_l2.png
L,3795520,3795855,336,944.8,685.6,990,674.8,119,2_back,mst_306_A_l2.png
L,3796151,3796196,46,978,580.2,987.7,498.4,119,2_back,mst_306_A_l2.png
L,3796466,3796485,20,1002.2,505.9,969.4,473.2,119,2_back,mst_306_A_l2.png
L,3796638,3796659,22,961.6,494.5,951.4,534.9,119,2_back,mst_306_A_l2.png
L,3796687,3796701,15,956.7,557.4,948.8,593.1,119,2_back,mst_306_A_l2.png
L,3796727,3798043,1317,933.9,634.1,884.2,605.9,120,2_back,mst_284_A_l2.png
L,3798074,3798084,11,897.8,608,922.8,619.8,120,2_back,mst_284_A_l2.png
L,3798260,3802266,4007,897.8,608,922.8,619.8,122,2_back,mst_284_A_l2.png
L,3802301,3802323,23,866.8,573.8,895.7,618.4,122,2_back,mst_284_A_l2.png
L,3802417,3802457,41,962.6,643.9,1031,584.8,122,2_back,mst_284_A_l2.png
L,3802856,3802884,29,1003.6,593.2,1001.5,483.6,122,2_back,mst_284_A_l2.png
L,3803580,3803588,9,967.8,513,967.4,528,122,2_back,mst_284_A_l2.png
L,3803754,3803761,8,954,560.3,955.6,577,122,2_back,mst_284_A_l2.png
L,3803803,3803815,13,945.9,587.3,949.3,608.4,122,2_back,mst_284_A_l2.png
L,3803882,3804823,942,949.9,634.2,947.5,629.5,123,2_back,mst_094_A_l1.png
L,3804951,3804956,6,975.7,606.6,977.5,591.7,123,2_back,mst_094_A_l1.png
L,3805140,3806307,1168,997.5,570.6,960,541.1,124,2_back,mst_295_A_l2.png
L,3806387,3806670,284,963.2,524.1,974.3,613.3,124,2_back,mst_295_A_l2.png
L,3807020,3807025,6,977.3,479.5,978.7,468.5,124,2_back,mst_295_A_l2.png
L,3807262,3807268,7,978.4,531,974.3,542.8,124,2_back,mst_295_A_l2.png
L,3807331,3807339,9,972.3,566.9,973.6,583.1,124,2_back,mst_295_A_l2.png
L,3807380,3807393,14,968.7,581.7,978.6,602.8,124,2_back,mst_295_A_l2.png
L,3807447,3811572,4126,971.7,665.3,738.8,482,126,2_back,mst_295_B_l2.png
L,3811681,3811730,50,831,559.1,1086.6,607,126,2_back,mst_295_B_l2.png
L,3812285,3812303,19,1064.1,614.3,1055.3,548.9,126,2_back,mst_295_B_l2.png
L,3812579,3812614,36,1038.6,573.7,1047.4,625.9,126,2_back,mst_295_B_l2.png
L,3813086,3813133,48,1014.8,638.1,1015.8,525.3,127,2_back,mst_223_A_l2.png
L,3813328,3813354,27,1020,521.7,1002.1,590.7,127,2_back,mst_223_A_l2.png
L,3814237,3814260,24,991.6,587,1008.5,640.7,127,2_back,mst_223_A_l2.png
L,3814395,3814872,478,1007.7,622.4,986.6,680.1,127,2_back,mst_223_A_l2.png
L,3815273,3815288,16,1003.2,558,965.2,567.1,127,2_back,mst_223_A_l2.png
L,3815599,3815615,17,912.9,568.8,974.4,568.7,128,2_back,mst_034_A_l1.png
L,3816415,3816516,102,971.2,678.9,970.8,664.5,128,2_back,mst_034_A_l1.png
L,3816640,3817843,1204,1004.4,621.6,943,591.2,129,2_back,mst_165_A_l1.png
L,3817882,3817927,46,1004.4,621.6,943,591.2,129,2_back,mst_165_A_l1.png
L,3817951,3818115,165,948.7,592.9,952.8,599.7,129,2_back,mst_165_A_l1.png
L,3818137,3818239,103,955.6,626.8,980.7,569.1,129,2_back,mst_165_A_l1.png
L,3818442,3821620,3179,965.6,643.2,965.6,643.2,130,2_back,mst_147_A_l1.png
L,3822585,3822597,13,1011.5,571.9,1038.9,564.8,131,2_back,mst_165_A_l1.png
L,3822994,3823021,28,1047.9,578,966.2,651.2,131,2_back,mst_165_A_l1.png
L,3823522,3823544,23,951.4,659.9,994.2,579.4,131,2_back,mst_165_A_l1.png
L,3823724,3823761,38,974.3,585.2,963,576.2,131,2_back,mst_165_A_l1.png
L,3823843,3823848,6,1010,591.1,1019,574.6,131,2_back,mst_165_A_l1.png
L,3824029,3824036,8,1072.2,560.7,1072.8,575.5,131,2_back,mst_165_A_l1.png
L,3824370,3824388,19,1098.5,631.3,1049.9,646.7,132,2_back,mst_147_B_l1.png
L,3824500,3825740,1241,982.4,611.3,946.4,596.7,132,2_back,mst_147_B_l1.png
L,3825814,3825857,44,959.1,587.1,964.6,590.9,132,2_back,mst_147_B_l1.png
L,3825920,3825931,12,956.4,551.9,973,523.8,132,2_back,mst_147_B_l1.png
L,3826145,3826183,39,958.8,501.7,959.3,526.4,132,2_back,mst_147_B_l1.png
L,3826331,3826341,11,995.6,499.4,999.6,484.2,132,2_back,mst_147_B_l1.png
L,3827633,3827677,45,963.1,524.7,1024,618.9,133,2_back,mst_304_A_l2.png
L,3827794,3828673,880,1033.8,635.6,1003,908.1,133,2_back,mst_304_A_l2.png
L,3829055,3829166,112,997,507.1,977.6,585.9,134,2_back,mst_091_A_l1.png
L,3829353,3829633,281,973,590.9,924.7,618.9,134,2_back,mst_091_A_l1.png
L,3830118,3830164,47,962.1,544.5,924.6,493.9,134,2_back,mst_091_A_l1.png
L,3830354,3830365,12,933.5,523.8,939.6,500.9,134,2_back,mst_091_A_l1.png
L,3830431,3831783,1353,946.5,543.7,1005.1,592.9,135,2_back,mst_304_A_l2.png
L,3831892,3831908,17,996.1,602,1000.3,554.7,135,2_back,mst_304_A_l2.png
L,3832051,3832114,64,985.5,557.2,973.6,575.3,135,2_back,mst_304_A_l2.png
L,3832985,3833018,34,994.4,613.9,1147.1,558.5,135,2_back,mst_304_A_l2.png
L,3833225,3833236,12,1138.9,576.7,1116.4,557,135,2_back,mst_304_A_l2.png
L,3833532,3834200,669,998.7,512,975.1,617.7,136,2_back,mst_091_B_l1.png
L,3834226,3834282,57,980.1,607,975.2,611.7,136,2_back,mst_091_B_l1.png
L,3834311,3834556,246,986.9,614.7,992.8,664.6,136,2_back,mst_091_B_l1.png
L,3834599,3837215,2617,979.6,688.7,922.4,673.9,137,2_back,mst_153_A_l1.png
L,3837340,3837348,9,982.5,619.5,1003,630.5,137,2_back,mst_153_A_l1.png
L,3837562,3837589,28,1053.8,666.4,1031.6,595.1,137,2_back,mst_153_A_l1.png
L,3837784,3837794,11,1043.2,600.2,1041.3,572.5,137,2_back,mst_153_A_l1.png
L,3838638,3838653,16,1001.6,452.5,997.6,467.4,138,2_back,mst_311_A_l2.png
L,3838699,3838923,225,970.6,484.3,898.9,590.6,138,2_back,mst_311_A_l2.png
L,3838970,3839019,50,874.8,559.9,878.4,494.5,138,2_back,mst_311_A_l2.png
L,3839314,3839335,22,1004.1,478.8,1015.8,503.9,138,2_back,mst_311_A_l2.png
L,3839398,3839405,8,1058.3,473.1,1053.2,496.1,138,2_back,mst_311_A_l2.png
L,3840222,3840254,33,1000.6,586.8,1098.2,500.4,138,2_back,mst_311_A_l2.png
L,3840436,3840456,21,1087.6,520.4,1100,466.5,139,2_back,mst_153_B_l1.png
L,3840635,3840651,17,1108.2,463.4,1079.3,479.3,139,2_back,mst_153_B_l1.png
L,3841604,3841835,232,1099.5,542.4,1106.6,565,139,2_back,mst_153_B_l1.png
L,3841962,3842007,46,1103.2,604.7,1076.6,459,139,2_back,mst_153_B_l1.png
L,3842343,3842398,56,1028.3,464.4,1022.2,621.7,139,2_back,mst_153_B_l1.png
L,3842618,3842641,24,1005.1,637.6,986.1,549.8,140,2_back,mst_305_A_l2.png
L,3842962,3844097,1136,986.8,557.3,978.9,614.8,140,2_back,mst_305_A_l2.png
L,3844184,3844199,16,1000.4,551.1,1040,547.1,140,2_back,mst_305_A_l2.png
L,3844957,3844966,10,1050.8,567.2,1021.9,574.1,141,2_back,mst_299_A_l2.png
L,3846585,3846598,14,988.9,576.3,1022,559.5,141,2_back,mst_299_A_l2.png
L,3847201,3847218,18,1006.8,626.5,977.4,657.3,142,2_back,mst_305_A_l2.png
L,3847274,3848332,1059,965.1,625.4,1021.6,692.8,142,2_back,mst_305_A_l2.png
L,3848398,3849565,1168,1020.2,692.9,1026.2,706.1,143,2_back,mst_299_B_l2.png
L,3849655,3849671,17,964.5,596.3,963.9,646.3,143,2_back,mst_299_B_l2.png
L,3849780,3850190,411,957.3,631.8,980.1,651.6,143,2_back,mst_299_B_l2.png
L,3850375,3850387,13,997.3,618.9,984.9,590.8,143,2_back,mst_299_B_l2.png
L,3850862,3850883,22,986.6,587.2,1068.6,574.5,143,2_back,mst_299_B_l2.png
L,3851148,3851161,14,1066.8,574.2,1109.5,571.3,143,2_back,mst_299_B_l2.png
L,3851273,3852232,960,1103.4,599.2,958.8,550.9,144,2_back,mst_351_A_l2.png
L,3852297,3852303,7,966.7,547.4,965.4,532.2,144,2_back,mst_351_A_l2.png
L,3852495,3852506,12,988.4,531.9,966,551,144,2_back,mst_351_A_l2.png
L,3853080,3853099,20,1009.7,567,921.6,601.7,144,2_back,mst_351_A_l2.png
L,3853264,3854653,1390,881.3,608.1,866.9,668.4,145,2_back,mst_011_A_l1.png
L,3854688,3854711,24,923.1,610.2,943.8,623.4,145,2_back,mst_011_A_l1.png
L,3854769,3856518,1750,940.2,651.8,968.7,658.3,146,2_back,mst_351_A_l2.png
L,3856897,3857921,1025,940.2,651.8,968.7,658.3,146,2_back,mst_351_A_l2.png
L,3857967,3863723,5757,939.5,630,869.1,577.7,149,2_back,mst_148_A_l1.png
L,3863870,3863914,45,1009.9,444.3,984.7,497.9,149,2_back,mst_148_A_l1.png
L,3864151,3864173,23,1012.7,512.6,997.9,588.1,149,2_back,mst_148_A_l1.png
L,3864852,3865379,528,991.5,528.8,980,674.3,150,2_back,mst_084_B_l1.png
L,3865429,3865442,14,997.8,589.8,1001.6,551.7,150,2_back,mst_084_B_l1.png
L,3866915,3867856,942,977,539.7,898.7,566.1,151,2_back,mst_148_A_l1.png
L,3868037,3868042,6,962.6,587.5,953.8,570.3,151,2_back,mst_148_A_l1.png
L,3868246,3868325,80,980.8,579.1,978.2,578.6,151,2_back,mst_148_A_l1.png
L,3868441,3868458,18,979.3,684.8,991.5,723.5,151,2_back,mst_148_A_l1.png
L,3868567,3868585,19,959.4,778.9,955,827.3,151,2_back,mst_148_A_l1.png
L,3868608,3870940,2333,958.9,840.6,853.3,922.1,152,2_back,mst_286_A_l2.png
L,3871020,3871070,51,952,781,939.9,634,152,2_back,mst_286_A_l2.png
L,3871734,3871742,9,1036.7,585.2,1033.5,572.8,152,2_back,mst_286_A_l2.png
L,3872368,3872382,15,1042.3,578.3,995.5,581.2,152,2_back,mst_286_A_l2.png
L,3873580,3873596,17,1006.4,602.2,999.6,551.8,153,2_back,mst_513_A_foil.png
L,3873831,3873838,8,1010.5,561.5,1011.2,546.5,153,2_back,mst_513_A_foil.png
L,3874741,3874748,8,1009.2,557.3,1008.3,578,154,2_back,mst_371_A_foil.png
L,3874936,3874960,25,973.3,678,963.1,718.2,154,2_back,mst_371_A_foil.png
L,3875015,3875034,20,973.3,678,963.1,718.2,154,2_back,mst_371_A_foil.png
L,3875071,3875153,83,941.6,698.5,947.2,676.1,154,2_back,mst_371_A_foil.png
L,3875287,3875307,21,941.6,698.5,947.2,676.1,154,2_back,mst_371_A_foil.png
L,3875344,3875364,21,941.6,698.5,947.2,676.1,154,2_back,mst_371_A_foil.png
L,3875523,3876003,481,1016.3,784.1,1022.3,748.6,154,2_back,mst_371_A_foil.png
L,3876173,3876177,5,1024.5,710.1,1028.5,695.5,154,2_back,mst_371_A_foil.png
L,3876344,3876351,8,1035.9,669,1035.3,684.4,154,2_back,mst_371_A_foil.png
L,3876578,3876640,63,1008.8,785.4,979.3,876.9,154,2_back,mst_371_A_foil.png
L,3876698,3876831,134,979.1,922.9,947.5,843,155,2_back,mst_060_A_foil.png
L,3876898,3876941,44,948.3,829.4,968.2,755.3,155,2_back,mst_060_A_foil.png
L,3877025,3877136,112,988.6,821.8,943.9,794.1,155,2_back,mst_060_A_foil.png
L,3877348,3877411,64,929.9,791.7,931.1,677.5,155,2_back,mst_060_A_foil.png
L,3877575,3877589,15,937.3,647.5,931.8,680.2,155,2_back,mst_060_A_foil.png
L,3877846,3877873,28,909.5,710.3,901.2,724.5,155,2_back,mst_060_A_foil.png
L,3877951,3878675,725,904.4,757.4,953.3,608.6,155,2_back,mst_060_A_foil.png
L,3878795,3878834,40,977.2,583.6,970.1,597.4,155,2_back,mst_060_A_foil.png
L,3878933,3878942,10,965.4,645.4,964,655.8,155,2_back,mst_060_A_foil.png
L,3879020,3879043,24,973.1,687.9,979.6,780.9,155,2_back,mst_060_A_foil.png
L,3879070,3879734,665,974,808.4,901.5,559.8,156,2_back,mst_149_A_foil.png
L,3879786,3879799,14,937.8,540.5,942.6,567.3,156,2_back,mst_149_A_foil.png
L,3879852,3879920,69,959.9,555.8,956.5,520.3,156,2_back,mst_149_A_foil.png
L,3879964,3879969,6,958.9,519,963.4,510.1,156,2_back,mst_149_A_foil.png
L,3880010,3880030,21,940.8,517.8,959.1,536.3,156,2_back,mst_149_A_foil.png
L,3880075,3880084,10,970.8,530.7,983.4,507.4,156,2_back,mst_149_A_foil.png
L,3880351,3880360,10,1005,500.8,1007.5,483.2,156,2_back,mst_149_A_foil.png
L,3880693,3880703,11,1015,485.6,1024.6,459.7,156,2_back,mst_149_A_foil.png
L,3881645,3881651,7,990.5,477.4,999,489,157,2_back,mst_600_A_foil.png
L,3882262,3882267,6,1032.8,507.3,1030.7,496.4,157,2_back,mst_600_A_foil.png
L,3882475,3882494,20,983.6,550,967.2,520.5,157,2_back,mst_600_A_foil.png
L,3882551,3883278,728,919.4,580.3,905.2,428.9,157,2_back,mst_600_A_foil.png
L,3883304,3883308,5,917.4,383.5,919.5,380.2,157,2_back,mst_600_A_foil.png
L,3883341,3883378,38,957.5,377.5,988.7,412.3,157,2_back,mst_600_A_foil.png
L,3883612,3883629,18,1015.4,515.7,977.1,530.4,157,2_back,mst_600_A_foil.png
L,3883681,3883698,18,945.3,538.9,941.3,600.5,158,2_back,mst_309_A_foil.png
L,3883723,3884303,581,942,640.4,887.4,559.7,158,2_back,mst_309_A_foil.png
L,3884363,3884394,32,951.3,560.2,986.8,577,158,2_back,mst_309_A_foil.png
L,3884644,3884653,10,1083.3,607.9,1084.2,589.1,158,2_back,mst_309_A_foil.png
L,3884839,3884874,36,1062.4,581.7,1053.1,473.6,158,2_back,mst_309_A_foil.png
L,3885087,3885106,20,1031.4,506.7,1043.2,451.5,158,2_back,mst_309_A_foil.png
L,3886506,3886514,9,1006.6,475.4,1011.3,462.4,159,2_back,mst_441_A_foil.png
L,3886738,3886797,60,954.2,541.1,937.1,508.1,159,2_back,mst_441_A_foil.png
L,3886834,3887454,621,930.9,515.7,891.7,518.9,159,2_back,mst_441_A_foil.png
L,3887496,3887524,29,913.9,461.5,943.6,445.3,159,2_back,mst_441_A_foil.png
L,3887561,3887566,6,977.8,442.6,973.5,428,159,2_back,mst_441_A_foil.png
L,3887649,3887659,11,1022.9,427.7,1024.6,463,159,2_back,mst_441_A_foil.png
L,3887749,3887755,7,1024.8,525.4,1028.4,541.4,159,2_back,mst_441_A_foil.png
L,3888018,3888033,16,1035.5,592.2,1043,551.5,159,2_back,mst_441_A_foil.png
