subj_id,block,task,trial_id,stim_id,onset_time,n_fix,n_sac,n_blink
604,1,1_back,1,mst_224_A_l2.png,8530438,5,5,2
604,1,1_back,2,mst_013_A_foil.png,8532789,11,11,2
604,1,1_back,3,mst_013_A_foil.png,8534982,7,7,0
604,1,1_back,4,mst_065_A_l1.png,8537073,5,5,1
604,1,1_back,5,mst_491_A_foil.png,8539515,6,6,1
604,1,1_back,6,mst_491_A_foil.png,8541909,4,4,1
604,1,1_back,7,mst_258_A_l2.png,8544191,4,4,2
604,1,1_back,8,mst_258_B_l2.png,8546352,6,6,1
604,1,1_back,9,mst_331_A_l2.png,8548852,7,7,1
604,1,1_back,10,mst_331_B_l2.png,8551286,7,6,1
604,1,1_back,11,mst_275_A_foil.png,8553551,8,9,1
604,1,1_back,12,mst_275_A_foil.png,8556036,6,5,1
604,1,1_back,13,mst_068_A_l1.png,8558397,6,7,1
604,1,1_back,14,mst_304_A_l2.png,8560610,5,4,1
604,1,1_back,15,mst_245_A_l2.png,8562850,4,5,1
604,1,1_back,16,mst_103_A_l1.png,8565220,5,5,1
604,1,1_back,17,mst_103_B_l1.png,8567587,8,8,1
604,1,1_back,18,mst_483_A_foil.png,8569838,6,6,1
604,1,1_back,19,mst_483_A_foil.png,8572274,6,5,0
604,1,1_back,20,mst_005_A_l1.png,8574464,4,5,1
604,1,1_back,21,mst_005_B_l1.png,8576507,3,3,1
604,1,1_back,22,mst_075_A_l1.png,8578617,3,3,1
604,1,1_back,23,mst_192_A_l2.png,8580638,4,4,1
604,1,1_back,24,mst_192_B_l2.png,8582735,5,5,1
604,1,1_back,25,mst_023_A_l1.png,8584774,4,4,0
604,1,1_back,26,mst_014_A_foil.png,8587236,3,3,1
604,1,1_back,27,mst_014_A_foil.png,8589629,5,5,1
604,1,1_back,28,mst_088_A_l1.png,8591664,6,6,1
604,1,1_back,29,mst_303_A_l2.png,8593831,7,6,0
604,1,1_back,30,mst_155_A_l1.png,8596258,5,6,1
604,1,1_back,31,mst_222_A_foil.png,8598515,6,6,1
604,1,1_back,32,mst_222_A_foil.png,8600834,6,6,0
604,1,1_back,33,mst_024_A_l1.png,8603029,4,4,1
604,1,1_back,34,mst_191_A_l2.png,8605202,4,4,0
604,1,1_back,35,mst_075_B_l1.png,8607636,2,2,1
604,1,1_back,36,mst_258_A_foil.png,8609985,3,3,1
604,1,1_back,37,mst_258_A_foil.png,8612203,5,5,0
604,1,1_back,38,mst_097_A_l1.png,8614537,5,5,1
604,1,1_back,39,mst_112_A_l1.png,8616782,4,4,2
604,1,1_back,40,mst_112_B_l1.png,8618968,2,2,1
604,1,1_back,41,mst_107_A_l1.png,8621022,3,3,1
604,1,1_back,42,mst_107_B_l1.png,8623373,3,3,1
604,1,1_back,43,mst_245_B_l2.png,8626024,6,6,0
604,1,1_back,44,mst_241_A_l2.png,8628196,4,4,1
604,1,1_back,45,mst_241_B_l2.png,8630298,5,5,1
604,1,1_back,46,mst_676_A_foil.png,8632737,4,4,1
604,1,1_back,47,mst_676_A_foil.png,8634973,1,1,1
604,1,1_back,48,mst_141_A_l1.png,8637108,6,6,0
604,1,1_back,49,mst_210_A_l2.png,8639616,6,6,1
604,1,1_back,50,mst_047_A_l1.png,8641949,4,4,1
604,1,1_back,51,mst_047_B_l1.png,8644029,5,5,1
604,1,1_back,52,mst_166_A_l1.png,8646513,6,6,0
604,1,1_back,53,mst_095_A_l1.png,8648754,4,4,1
604,1,1_back,54,mst_095_B_l1.png,8651246,4,4,1
604,1,1_back,55,mst_295_A_l2.png,8653423,4,4,0
604,1,1_back,56,mst_295_B_l2.png,8655758,3,3,1
604,1,1_back,57,mst_023_B_l1.png,8657913,5,5,1
604,1,1_back,58,mst_302_A_l2.png,8660267,5,4,0
604,1,1_back,59,mst_302_B_l2.png,8662571,6,7,1
604,1,1_back,60,mst_216_A_l2.png,8665042,6,6,1
604,1,1_back,61,mst_130_A_foil.png,8667459,2,2,0
604,1,1_back,62,mst_130_A_foil.png,8669915,4,4,0
604,1,1_back,63,mst_303_B_l2.png,8672177,6,6,1
604,1,1_back,64,mst_014_A_l1.png,8674242,4,4,0
604,1,1_back,65,mst_014_B_l1.png,8676265,5,5,1
604,1,1_back,66,mst_126_A_l1.png,8678288,3,3,0
604,1,1_back,67,mst_155_B_l1.png,8680307,5,5,0
604,1,1_back,68,mst_224_B_l2.png,8682422,5,5,1
604,1,1_back,69,mst_207_A_l2.png,8684608,5,5,0
604,1,1_back,70,mst_141_B_l1.png,8687110,7,7,1
604,1,1_back,71,mst_207_B_l2.png,8689206,4,4,1
604,1,1_back,72,mst_503_A_foil.png,8691583,4,4,2
604,1,1_back,73,mst_503_A_foil.png,8693815,4,4,0
604,1,1_back,74,mst_570_A_foil.png,8696128,7,7,0
604,1,1_back,75,mst_570_A_foil.png,8698284,4,4,0
604,1,1_back,76,mst_333_A_l2.png,8700669,6,6,1
604,1,1_back,77,mst_203_A_l2.png,8702889,5,5,1
604,1,1_back,78,mst_203_B_l2.png,8705391,4,4,1
604,1,1_back,79,mst_034_A_l1.png,8707457,4,4,0
604,1,1_back,80,mst_380_A_foil.png,8709955,5,5,1
604,1,1_back,81,mst_380_A_foil.png,8712248,4,4,1
604,1,1_back,82,mst_166_B_l1.png,8714544,2,2,1
604,1,1_back,83,mst_125_A_l1.png,8716869,3,3,0
604,1,1_back,84,mst_114_A_l1.png,8718907,7,7,1
604,1,1_back,85,mst_114_B_l1.png,8721095,4,4,0
604,1,1_back,86,mst_189_A_l2.png,8723525,9,9,1
604,1,1_back,87,mst_189_B_l2.png,8725918,7,7,1
604,1,1_back,88,mst_288_A_l2.png,8727966,4,4,0
604,1,1_back,89,mst_164_A_l1.png,8730210,3,3,0
604,1,1_back,90,mst_125_B_l1.png,8732490,4,4,2
604,1,1_back,91,mst_309_A_l2.png,8734558,6,6,1
604,1,1_back,92,mst_268_A_l2.png,8736565,5,5,0
604,1,1_back,93,mst_216_B_l2.png,8738644,7,7,1
604,1,1_back,94,mst_154_A_l1.png,8740692,5,5,1
604,1,1_back,95,mst_154_B_l1.png,8743016,3,3,1
604,1,1_back,96,mst_307_A_l2.png,8745452,2,2,1
604,1,1_back,97,mst_307_B_l2.png,8747528,4,4,0
604,1,1_back,98,mst_195_A_l2.png,8749778,5,5,2
604,1,1_back,99,mst_082_A_l1.png,8752118,6,6,0
604,1,1_back,100,mst_268_B_l2.png,8754597,5,5,2
604,1,1_back,101,mst_027_A_l1.png,8756759,6,5,0
604,1,1_back,102,mst_027_B_l1.png,8758979,6,7,1
604,1,1_back,103,mst_081_A_l1.png,8761392,5,5,0
604,1,1_back,104,mst_081_B_l1.png,8763499,5,5,0
604,1,1_back,105,mst_277_A_l2.png,8765576,5,5,0
604,1,1_back,106,mst_088_B_l1.png,8768082,7,7,0
604,1,1_back,107,mst_311_A_foil.png,8770295,4,4,1
604,1,1_back,108,mst_311_A_foil.png,8772725,4,4,0
604,1,1_back,109,mst_661_A_foil.png,8775075,4,4,1
604,1,1_back,110,mst_661_A_foil.png,8777351,4,3,0
604,1,1_back,111,mst_081_A_foil.png,8779386,5,6,1
604,1,1_back,112,mst_081_A_foil.png,8781775,6,6,0
604,1,1_back,113,mst_248_A_l2.png,8783828,5,5,1
604,1,1_back,114,mst_354_A_l2.png,8786235,3,3,0
604,1,1_back,115,mst_354_B_l2.png,8788347,5,5,0
604,1,1_back,116,mst_039_A_l1.png,8790692,5,5,1
604,1,1_back,117,mst_039_B_l1.png,8792745,5,5,0
604,1,1_back,118,mst_126_B_l1.png,8794890,3,3,1
604,1,1_back,119,mst_188_A_l2.png,8797289,4,4,1
604,1,1_back,120,mst_188_B_l2.png,8799342,4,4,1
604,1,1_back,121,mst_248_B_l2.png,8801497,5,5,0
604,1,1_back,122,mst_318_A_foil.png,8803534,4,4,1
604,1,1_back,123,mst_318_A_foil.png,8805761,1,1,1
604,1,1_back,124,mst_415_A_foil.png,8807831,2,2,1
604,1,1_back,125,mst_415_A_foil.png,8810278,2,1,0
604,1,1_back,126,mst_624_A_foil.png,8812579,4,5,1
604,1,1_back,127,mst_624_A_foil.png,8815027,5,4,0
604,1,1_back,128,mst_536_A_foil.png,8817174,3,4,1
604,1,1_back,129,mst_536_A_foil.png,8819360,5,5,1
604,1,1_back,130,mst_085_A_foil.png,8821750,4,4,1
604,1,1_back,131,mst_085_A_foil.png,8823788,3,3,1
604,1,1_back,132,mst_108_A_foil.png,8826044,6,6,0
604,1,1_back,133,mst_108_A_foil.png,8828190,6,6,0
604,1,1_back,134,mst_574_A_foil.png,8830340,6,6,1
604,1,1_back,135,mst_574_A_foil.png,8832828,6,6,0
604,1,1_back,136,mst_024_B_l1.png,8835346,5,5,1
604,1,1_back,137,mst_195_B_l2.png,8837503,5,5,1
604,1,1_back,138,mst_351_A_l2.png,8839529,3,3,1
604,1,1_back,139,mst_351_B_l2.png,8842029,3,3,0
604,1,1_back,140,mst_333_B_l2.png,8844197,5,5,1
604,1,1_back,141,mst_345_A_l2.png,8846578,5,5,0
604,1,1_back,142,mst_345_B_l2.png,8848853,5,5,1
604,1,1_back,143,mst_277_B_l2.png,8850905,5,5,0
604,1,1_back,144,mst_097_B_l1.png,8853051,5,5,1
604,1,1_back,145,mst_034_B_l1.png,8855488,3,3,0
604,1,1_back,146,mst_364_A_foil.png,8857562,4,4,1
604,1,1_back,147,mst_364_A_foil.png,8859817,4,4,0
604,1,1_back,148,mst_603_A_foil.png,8862024,3,3,1
604,1,1_back,149,mst_603_A_foil.png,8864063,4,3,1
604,1,1_back,150,mst_460_A_foil.png,8866178,2,2,1
604,1,1_back,151,mst_460_A_foil.png,8868544,5,6,5
604,1,1_back,152,mst_288_B_l2.png,8870707,7,7,5
604,1,1_back,153,mst_082_B_l1.png,8873101,6,5,3
604,1,1_back,154,mst_057_A_l1.png,8875498,7,8,4
604,1,1_back,155,mst_057_B_l1.png,8877947,1,1,0
604,1,1_back,156,mst_309_B_l2.png,8880335,4,4,1
604,1,1_back,157,mst_194_A_foil.png,8882361,3,3,1
604,1,1_back,158,mst_194_A_foil.png,8884413,4,4,1
604,1,1_back,159,mst_506_A_foil.png,8886906,5,5,1
604,1,1_back,160,mst_506_A_foil.png,8889280,4,4,1
604,1,1_back,161,mst_191_B_l2.png,8891347,4,4,2
604,1,1_back,162,mst_299_A_l2.png,8893381,4,4,0
604,1,1_back,163,mst_299_B_l2.png,8895431,4,4,0
604,1,1_back,164,mst_304_B_l2.png,8897889,6,6,0
604,1,1_back,165,mst_489_A_foil.png,8900243,4,4,1
604,1,1_back,166,mst_489_A_foil.png,8902564,4,4,1
604,1,1_back,167,mst_210_B_l2.png,8904892,4,3,0
604,1,1_back,168,mst_266_A_l2.png,8907153,5,6,1
604,1,1_back,169,mst_266_B_l2.png,8909564,5,5,0
604,1,1_back,170,mst_053_A_l1.png,8911688,3,3,1
604,1,1_back,171,mst_053_B_l1.png,8913748,3,3,1
604,1,1_back,172,mst_092_A_l1.png,8916132,2,2,1
604,1,1_back,173,mst_092_B_l1.png,8918368,5,5,1
604,1,1_back,174,mst_704_A_foil.png,8920733,5,5,0
604,1,1_back,175,mst_704_A_foil.png,8922844,6,6,0
604,1,1_back,176,mst_164_B_l1.png,8924998,6,6,1
604,1,1_back,177,mst_065_B_l1.png,8927023,2,2,0
604,1,1_back,178,mst_316_A_foil.png,8929140,2,2,0
604,1,1_back,179,mst_316_A_foil.png,8931283,3,3,1
604,1,1_back,180,mst_068_B_l1.png,8933543,4,3,0
604,1,2_back,1,mst_221_A_foil.png,9158244,8,8,1
604,1,2_back,2,mst_093_A_foil.png,9160593,4,4,2
604,1,2_back,3,mst_331_A_l2.png,9162908,5,5,1
604,1,2_back,4,mst_203_A_l2.png,9165182,2,2,2
604,1,2_back,5,mst_141_A_l1.png,9167278,5,5,2
604,1,2_back,6,mst_203_A_l2.png,9169610,5,5,1
604,1,2_back,7,mst_141_B_l1.png,9171880,5,5,1
604,1,2_back,8,mst_039_A_l1.png,9174316,4,4,0
604,1,2_back,9,mst_304_A_l2.png,9176706,5,5,2
604,1,2_back,10,mst_039_B_l1.png,9178765,5,5,1
604,1,2_back,11,mst_345_A_l2.png,9181167,3,3,2
604,1,2_back,12,mst_124_A_l1.png,9183198,7,7,1
604,1,2_back,13,mst_057_A_l1.png,9185416,4,4,2
604,1,2_back,14,mst_124_B_l1.png,9187833,4,4,0
604,1,2_back,15,mst_057_A_l1.png,9190282,3,3,2
604,1,2_back,16,mst_065_A_l1.png,9192359,6,6,2
604,1,2_back,17,mst_209_A_l2.png,9194390,4,4,1
604,1,2_back,18,mst_126_A_l1.png,9196493,4,4,1
604,1,2_back,19,mst_209_B_l2.png,9198731,5,5,0
604,1,2_back,20,mst_138_A_l1.png,9200811,5,5,1
604,1,2_back,21,mst_024_A_l1.png,9203274,6,6,2
604,1,2_back,22,mst_074_A_l1.png,9205524,4,4,1
604,1,2_back,23,mst_024_B_l1.png,9207980,4,4,1
604,1,2_back,24,mst_354_A_l2.png,9210204,6,6,0
604,1,2_back,25,mst_014_A_l1.png,9212305,5,5,1
604,1,2_back,26,mst_354_B_l2.png,9214359,5,5,1
604,1,2_back,27,mst_014_B_l1.png,9216531,4,4,1
604,1,2_back,28,mst_347_A_l2.png,9218747,5,5,0
604,1,2_back,29,mst_182_A_l2.png,9220994,4,4,2
604,1,2_back,30,mst_347_B_l2.png,9223218,4,4,0
604,1,2_back,31,mst_182_B_l2.png,9225497,6,6,2
604,1,2_back,32,mst_156_A_l1.png,9227699,4,4,0
604,1,2_back,33,mst_206_A_l2.png,9229757,7,7,1
604,1,2_back,34,mst_068_A_l1.png,9231936,4,3,1
604,1,2_back,35,mst_206_A_l2.png,9234279,6,7,0
604,1,2_back,36,mst_068_A_l1.png,9236456,6,6,1
604,1,2_back,37,mst_192_A_l2.png,9238921,6,6,1
604,1,2_back,38,mst_037_A_l1.png,9241378,5,5,1
604,1,2_back,39,mst_164_A_l1.png,9243615,6,6,1
604,1,2_back,40,mst_258_A_l2.png,9246067,2,2,0
604,1,2_back,41,mst_164_B_l1.png,9248213,5,5,1
604,1,2_back,42,mst_258_A_l2.png,9250432,6,5,0
604,1,2_back,43,mst_224_A_l2.png,9252504,3,4,0
604,1,2_back,44,mst_028_A_l1.png,9254881,8,8,2
604,1,2_back,45,mst_224_B_l2.png,9256949,4,4,1
604,1,2_back,46,mst_028_A_l1.png,9259300,7,7,1
604,1,2_back,47,mst_125_A_l1.png,9261455,4,4,0
604,1,2_back,48,mst_288_A_l2.png,9263859,5,5,1
604,1,2_back,49,mst_125_A_l1.png,9265953,6,6,1
604,1,2_back,50,mst_288_B_l2.png,9267973,5,4,0
604,1,2_back,51,mst_189_A_l2.png,9270384,6,7,1
604,1,2_back,52,mst_194_A_l2.png,9272519,4,4,1
604,1,2_back,53,mst_189_A_l2.png,9274787,5,5,0
604,1,2_back,54,mst_194_B_l2.png,9277037,5,4,0
604,1,2_back,55,mst_134_A_l1.png,9279380,1,2,1
604,1,2_back,56,mst_154_A_l1.png,9281421,4,4,2
604,1,2_back,57,mst_134_B_l1.png,9283472,7,7,1
604,1,2_back,58,mst_154_A_l1.png,9285489,4,4,1
604,1,2_back,59,mst_191_A_l2.png,9287695,5,5,2
604,1,2_back,60,mst_075_A_l1.png,9289987,4,4,1
604,1,2_back,61,mst_191_A_l2.png,9292418,3,3,1
604,1,2_back,62,mst_075_B_l1.png,9294628,3,3,0
604,1,2_back,63,mst_006_A_l1.png,9296953,6,6,0
604,1,2_back,64,mst_053_A_l1.png,9298969,4,4,1
604,1,2_back,65,mst_006_A_l1.png,9301086,6,5,1
604,1,2_back,66,mst_053_A_l1.png,9303116,4,5,1
604,1,2_back,67,mst_257_A_l2.png,9305124,6,6,1
604,1,2_back,68,mst_241_A_l2.png,9307321,6,5,1
604,1,2_back,69,mst_257_B_l2.png,9309670,6,7,1
604,1,2_back,70,mst_241_A_l2.png,9312154,6,6,0
604,1,2_back,71,mst_193_A_l2.png,9314171,5,5,1
604,1,2_back,72,mst_216_A_l2.png,9316479,5,5,1
604,1,2_back,73,mst_269_A_l2.png,9318574,3,3,1
604,1,2_back,74,mst_103_A_l1.png,9320680,3,3,2
604,1,2_back,75,mst_269_A_l2.png,9322688,4,4,1
604,1,2_back,76,mst_103_A_l1.png,9324955,5,5,1
604,1,2_back,77,mst_147_A_l1.png,9327343,3,3,1
604,1,2_back,78,mst_286_A_l2.png,9329678,5,5,1
604,1,2_back,79,mst_155_A_l1.png,9331950,6,6,1
604,1,2_back,80,mst_286_B_l2.png,9334057,7,7,0
604,1,2_back,81,mst_155_B_l1.png,9336537,7,7,1
604,1,2_back,82,mst_327_A_l2.png,9338854,5,5,2
604,1,2_back,83,mst_046_A_l1.png,9341247,5,5,2
604,1,2_back,84,mst_023_A_l1.png,9343341,3,3,1
604,1,2_back,85,mst_046_A_l1.png,9345779,6,5,0
604,1,2_back,86,mst_047_A_l1.png,9347952,4,5,1
604,1,2_back,87,mst_336_A_l2.png,9350190,2,2,1
604,1,2_back,88,mst_047_B_l1.png,9352479,6,6,1
604,1,2_back,89,mst_336_A_l2.png,9354962,6,6,2
604,1,2_back,90,mst_268_A_l2.png,9357121,7,7,0
604,1,2_back,91,mst_034_A_l1.png,9359330,5,5,2
604,1,2_back,92,mst_268_A_l2.png,9361610,4,4,0
604,1,2_back,93,mst_034_A_l1.png,9363756,4,4,1
604,1,2_back,94,mst_081_A_l1.png,9366011,9,8,1
604,1,2_back,95,mst_207_A_l2.png,9368477,6,6,0
604,1,2_back,96,mst_081_A_l1.png,9370595,5,6,1
604,1,2_back,97,mst_295_A_l2.png,9372871,4,4,1
604,1,2_back,98,mst_310_A_l2.png,9375095,4,4,1
604,1,2_back,99,mst_166_A_l1.png,9377399,4,4,1
604,1,2_back,100,mst_088_A_l1.png,9379767,6,6,1
604,1,2_back,101,mst_296_A_l2.png,9381938,2,2,1
604,1,2_back,102,mst_088_B_l1.png,9384136,7,7,1
604,1,2_back,103,mst_296_A_l2.png,9386389,2,2,0
604,1,2_back,104,mst_260_A_l2.png,9388757,6,6,1
604,1,2_back,105,mst_097_A_l1.png,9390796,3,3,0
604,1,2_back,106,mst_302_A_l2.png,9392960,3,3,1
604,1,2_back,107,mst_097_B_l1.png,9395323,7,7,1
604,1,2_back,108,mst_112_A_l1.png,9397754,7,7,2
604,1,2_back,109,mst_299_A_l2.png,9399872,4,4,1
604,1,2_back,110,mst_112_B_l1.png,9402202,6,5,1
604,1,2_back,111,mst_299_B_l2.png,9404346,5,6,2
604,1,2_back,112,mst_309_A_l2.png,9406560,5,5,0
604,1,2_back,113,mst_114_A_l1.png,9408808,5,5,2
604,1,2_back,114,mst_309_B_l2.png,9410983,4,3,1
604,1,2_back,115,mst_027_A_l1.png,9413265,5,6,1
604,1,2_back,116,mst_303_A_l2.png,9415674,7,6,0
604,1,2_back,117,mst_027_B_l1.png,9417743,5,6,1
604,1,2_back,118,mst_303_A_l2.png,9420066,6,6,1
604,1,2_back,119,mst_333_A_l2.png,9422071,5,5,0
604,1,2_back,120,mst_351_A_l2.png,9424505,5,5,2
604,1,2_back,121,mst_201_A_l2.png,9426677,3,3,1
604,1,2_back,122,mst_351_B_l2.png,9428932,5,5,0
604,1,2_back,123,mst_137_A_l1.png,9431041,5,5,2
604,1,2_back,124,mst_025_A_l1.png,9433513,6,6,0
604,1,2_back,125,mst_137_B_l1.png,9435586,4,4,2
604,1,2_back,126,mst_025_A_l1.png,9437644,7,7,0
604,1,2_back,127,mst_248_A_l2.png,9439900,4,4,2
604,1,2_back,128,mst_040_A_l1.png,9442190,3,3,0
604,1,2_back,129,mst_248_A_l2.png,9444412,2,2,0
604,1,2_back,130,mst_040_A_l1.png,9446667,4,4,2
604,1,2_back,131,mst_277_A_l2.png,9448810,5,5,0
604,1,2_back,132,mst_092_A_l1.png,9451208,4,4,2
604,1,2_back,133,mst_277_A_l2.png,9453655,2,2,1
604,1,2_back,134,mst_092_B_l1.png,9456041,5,5,1
604,1,2_back,135,mst_188_A_l2.png,9458545,3,3,1
604,1,2_back,136,mst_083_A_l1.png,9460742,4,4,0
604,1,2_back,137,mst_245_A_l2.png,9463017,3,3,1
604,1,2_back,138,mst_083_B_l1.png,9465500,4,3,0
604,1,2_back,139,mst_107_A_l1.png,9467746,6,7,1
604,1,2_back,140,mst_266_A_l2.png,9470073,7,6,1
604,1,2_back,141,mst_307_A_l2.png,9472222,4,5,2
604,1,2_back,142,mst_210_A_l2.png,9474442,5,5,1
604,1,2_back,143,mst_307_B_l2.png,9476464,4,4,2
604,1,2_back,144,mst_195_A_l2.png,9478858,5,5,1
604,1,2_back,145,mst_071_A_l1.png,9481001,4,4,2
604,1,2_back,146,mst_195_A_l2.png,9483234,6,6,0
604,1,2_back,147,mst_071_A_l1.png,9485550,6,6,1
604,1,2_back,148,mst_095_A_l1.png,9487661,4,4,0
604,1,2_back,149,mst_082_A_l1.png,9489674,4,4,1
604,1,2_back,150,mst_095_A_l1.png,9491886,3,3,0
604,1,2_back,151,mst_082_A_l1.png,9494129,5,5,1
604,1,2_back,152,mst_005_A_l1.png,9496630,6,6,2
604,1,2_back,153,mst_301_A_foil.png,9498778,3,3,0
604,1,2_back,154,mst_500_A_foil.png,9501119,4,4,1
604,1,2_back,155,mst_326_A_foil.png,9503135,4,4,1
604,1,2_back,156,mst_371_A_foil.png,9505281,5,5,1
604,1,2_back,157,mst_244_A_foil.png,9507596,4,4,1
604,1,2_back,158,mst_678_A_foil.png,9510040,5,4,0
604,1,2_back,159,mst_165_A_foil.png,9512074,4,4,1
604,2,1_back,181,mst_358_A_l2.png,9674664,7,7,1
604,2,1_back,182,mst_358_B_l2.png,9676961,4,4,1
604,2,1_back,183,mst_741_A_foil.png,9679370,4,4,1
604,2,1_back,184,mst_741_A_foil.png,9681401,7,7,1
604,2,1_back,185,mst_272_A_l2.png,9683638,4,4,1
604,2,1_back,186,mst_272_B_l2.png,9685998,5,5,1
604,2,1_back,187,mst_072_A_l1.png,9688150,5,5,0
604,2,1_back,188,mst_072_B_l1.png,9690632,4,4,0
604,2,1_back,189,mst_317_A_l2.png,9692646,5,5,1
604,2,1_back,190,mst_317_B_l2.png,9695122,3,3,0
604,2,1_back,191,mst_096_A_l1.png,9697172,7,7,1
604,2,1_back,192,mst_079_A_foil.png,9699180,4,4,0
604,2,1_back,193,mst_079_A_foil.png,9701472,0,0,0
604,2,1_back,194,mst_036_A_l1.png,9703507,3,3,1
604,2,1_back,195,mst_184_A_l2.png,9706008,6,6,1
604,2,1_back,196,mst_184_B_l2.png,9708066,5,5,1
604,2,1_back,197,mst_240_A_l2.png,9710370,7,7,1
604,2,1_back,198,mst_183_A_l2.png,9712768,7,7,0
604,2,1_back,199,mst_183_B_l2.png,9714804,4,4,1
604,2,1_back,200,mst_262_A_l2.png,9716815,6,6,0
604,2,1_back,201,mst_153_A_l1.png,9719301,7,7,1
604,2,1_back,202,mst_153_B_l1.png,9721599,5,5,1
604,2,1_back,203,mst_026_A_l1.png,9723807,3,3,0
604,2,1_back,204,mst_044_A_l1.png,9726154,5,5,0
604,2,1_back,205,mst_186_A_l2.png,9728199,8,8,1
604,2,1_back,206,mst_242_A_l2.png,9730384,3,3,0
604,2,1_back,207,mst_062_A_l1.png,9732834,6,6,1
604,2,1_back,208,mst_062_B_l1.png,9734916,3,3,1
604,2,1_back,209,mst_186_B_l2.png,9737021,4,4,1
604,2,1_back,210,mst_388_A_foil.png,9739487,3,3,2
604,2,1_back,211,mst_388_A_foil.png,9741638,3,3,1
604,2,1_back,212,mst_202_A_l2.png,9743779,3,3,1
604,2,1_back,213,mst_355_A_l2.png,9746053,3,3,1
604,2,1_back,214,mst_324_A_l2.png,9748206,4,3,1
604,2,1_back,215,mst_084_A_l1.png,9750249,4,5,1
604,2,1_back,216,mst_249_A_l2.png,9752534,8,7,1
604,2,1_back,217,mst_249_B_l2.png,9754906,3,4,1
604,2,1_back,218,mst_003_A_l1.png,9757255,5,5,2
604,2,1_back,219,mst_167_A_l1.png,9759538,4,4,1
604,2,1_back,220,mst_167_B_l1.png,9761745,2,2,1
604,2,1_back,221,mst_085_A_l1.png,9763834,6,6,1
604,2,1_back,222,mst_085_B_l1.png,9765903,6,6,0
604,2,1_back,223,mst_604_A_foil.png,9768102,6,6,1
604,2,1_back,224,mst_604_A_foil.png,9770569,8,8,1
604,2,1_back,225,mst_335_A_l2.png,9772746,5,5,1
604,2,1_back,226,mst_335_B_l2.png,9775177,3,3,1
604,2,1_back,227,mst_147_A_foil.png,9777458,4,4,1
604,2,1_back,228,mst_147_A_foil.png,9779634,6,6,0
604,2,1_back,229,mst_355_B_l2.png,9781696,5,5,1
604,2,1_back,230,mst_338_A_foil.png,9784062,3,3,1
604,2,1_back,231,mst_338_A_foil.png,9786480,4,4,1
604,2,1_back,232,mst_036_B_l1.png,9788806,5,5,1
604,2,1_back,233,mst_680_A_foil.png,9791235,5,5,1
604,2,1_back,234,mst_680_A_foil.png,9793556,3,2,1
604,2,1_back,235,mst_280_A_l2.png,9795570,6,7,1
604,2,1_back,236,mst_270_A_l2.png,9797824,6,6,2
604,2,1_back,237,mst_270_B_l2.png,9800222,3,3,1
604,2,1_back,238,mst_048_A_l1.png,9802375,1,1,0
604,2,1_back,239,mst_324_B_l2.png,9804412,3,3,1
604,2,1_back,240,mst_128_A_l1.png,9806807,3,3,2
604,2,1_back,241,mst_211_A_l2.png,9808845,3,3,0
604,2,1_back,242,mst_714_A_foil.png,9811070,5,5,2
604,2,1_back,243,mst_714_A_foil.png,9813156,1,1,1
604,2,1_back,244,mst_251_A_foil.png,9815248,2,2,1
604,2,1_back,245,mst_251_A_foil.png,9817673,2,2,1
604,2,1_back,246,mst_151_A_l1.png,9819767,5,5,1
604,2,1_back,247,mst_356_A_l2.png,9821798,4,4,1
604,2,1_back,248,mst_157_A_l1.png,9824091,6,6,1
604,2,1_back,249,mst_157_B_l1.png,9826339,4,3,1
604,2,1_back,250,mst_151_B_l1.png,9828806,5,5,1
604,2,1_back,251,mst_622_A_foil.png,9830937,4,5,2
604,2,1_back,252,mst_622_A_foil.png,9833137,4,4,0
604,2,1_back,253,mst_043_A_l1.png,9835230,7,7,1
604,2,1_back,254,mst_280_B_l2.png,9837283,5,5,1
604,2,1_back,255,mst_198_A_l2.png,9839692,5,5,1
604,2,1_back,256,mst_059_A_l1.png,9841845,2,2,1
604,2,1_back,257,mst_221_A_l2.png,9844341,6,5,1
604,2,1_back,258,mst_290_A_l2.png,9846494,3,4,2
604,2,1_back,259,mst_290_B_l2.png,9848574,2,2,0
604,2,1_back,260,mst_107_A_foil.png,9850790,4,4,1
604,2,1_back,261,mst_107_A_foil.png,9852860,2,2,1
604,2,1_back,262,mst_182_A_foil.png,9854933,2,2,1
604,2,1_back,263,mst_182_A_foil.png,9857120,0,0,0
604,2,1_back,264,mst_144_A_l1.png,9859159,3,3,1
604,2,1_back,265,mst_198_B_l2.png,9861453,2,2,1
604,2,1_back,266,mst_202_B_l2.png,9863811,3,2,2
604,2,1_back,267,mst_232_A_l2.png,9865908,4,5,0
604,2,1_back,268,mst_232_B_l2.png,9868039,2,2,0
604,2,1_back,269,mst_390_A_foil.png,9870365,5,5,1
604,2,1_back,270,mst_390_A_foil.png,9872546,4,4,1
604,2,1_back,271,mst_211_B_l2.png,9874759,6,6,0
604,2,1_back,272,mst_725_A_foil.png,9876875,3,3,2
604,2,1_back,273,mst_725_A_foil.png,9878946,2,1,2
604,2,1_back,274,mst_287_A_l2.png,9881395,4,5,0
604,2,1_back,275,mst_287_B_l2.png,9883626,2,2,2
604,2,1_back,276,mst_102_A_l1.png,9886093,5,5,0
604,2,1_back,277,mst_102_B_l1.png,9888503,4,4,1
604,2,1_back,278,mst_139_A_l1.png,9890544,5,4,1
604,2,1_back,279,mst_139_B_l1.png,9892550,3,3,1
604,2,1_back,280,mst_135_A_l1.png,9895031,4,5,0
604,2,1_back,281,mst_043_B_l1.png,9897284,8,8,0
604,2,1_back,282,mst_077_A_l1.png,9899636,5,5,1
604,2,1_back,283,mst_077_B_l1.png,9901706,3,3,1
604,2,1_back,284,mst_090_A_l1.png,9903943,4,4,0
604,2,1_back,285,mst_214_A_l2.png,9906299,5,5,1
604,2,1_back,286,mst_159_A_foil.png,9908473,3,3,1
604,2,1_back,287,mst_159_A_foil.png,9910530,3,3,1
604,2,1_back,288,mst_044_B_l1.png,9912951,6,6,1
604,2,1_back,289,mst_450_A_foil.png,9915240,5,5,1
604,2,1_back,290,mst_450_A_foil.png,9917263,2,2,0
604,2,1_back,291,mst_135_B_l1.png,9919363,5,5,0
604,2,1_back,292,mst_240_B_l2.png,9921634,7,7,0
604,2,1_back,293,mst_003_B_l1.png,9923695,5,5,2
604,2,1_back,294,mst_087_A_l1.png,9925954,3,3,0
604,2,1_back,295,mst_087_B_l1.png,9927996,2,2,2
604,2,1_back,296,mst_256_A_l2.png,9930069,4,4,1
604,2,1_back,297,mst_256_B_l2.png,9932379,1,1,1
604,2,1_back,298,mst_262_B_l2.png,9934837,5,5,0
604,2,1_back,299,mst_273_A_l2.png,9937028,3,3,2
604,2,1_back,300,mst_273_B_l2.png,9939146,2,2,1
604,2,1_back,301,mst_434_A_foil.png,9941633,4,4,1
604,2,1_back,302,mst_434_A_foil.png,9943865,3,3,2
604,2,1_back,303,mst_096_B_l1.png,9946141,6,5,0
604,2,1_back,304,mst_261_A_foil.png,9948524,3,4,2
604,2,1_back,305,mst_261_A_foil.png,9950992,3,3,0
604,2,1_back,306,mst_149_A_l1.png,9953187,4,4,2
604,2,1_back,307,mst_149_B_l1.png,9955682,3,3,2
604,2,1_back,308,mst_207_A_foil.png,9958078,6,6,0
604,2,1_back,309,mst_207_A_foil.png,9960310,2,2,1
604,2,1_back,310,mst_026_B_l1.png,9962535,4,4,0
604,2,1_back,311,mst_233_A_l2.png,9964556,4,4,1
604,2,1_back,312,mst_346_A_l2.png,9966937,4,4,0
604,2,1_back,313,mst_214_B_l2.png,9968994,2,2,1
604,2,1_back,314,mst_041_A_l1.png,9971028,2,2,0
604,2,1_back,315,mst_041_B_l1.png,9973044,2,2,1
604,2,1_back,316,mst_067_A_foil.png,9975459,3,3,0
604,2,1_back,317,mst_067_A_foil.png,9977869,2,2,2
604,2,1_back,318,mst_665_A_foil.png,9979882,4,4,0
604,2,1_back,319,mst_665_A_foil.png,9982192,3,3,2
604,2,1_back,320,mst_346_B_l2.png,9984438,4,4,0
604,2,1_back,321,mst_234_A_l2.png,9986556,1,1,1
604,2,1_back,322,mst_234_B_l2.png,9988707,2,1,1
604,2,1_back,323,mst_048_A_foil.png,9990744,4,5,2
604,2,1_back,324,mst_048_A_foil.png,9992802,5,5,2
604,2,1_back,325,mst_242_B_l2.png,9994953,3,3,1
604,2,1_back,326,mst_145_A_l1.png,9997107,1,1,1
604,2,1_back,327,mst_145_B_l1.png,9999123,2,2,1
604,2,1_back,328,mst_059_B_l1.png,10001546,1,1,1
604,2,1_back,329,mst_264_A_l2.png,10003676,6,6,1
604,2,1_back,330,mst_264_B_l2.png,10005707,4,4,0
604,2,1_back,331,mst_757_A_foil.png,10007978,2,2,1
604,2,1_back,332,mst_757_A_foil.png,10010074,4,4,2
604,2,1_back,333,mst_459_A_foil.png,10012399,3,3,1
604,2,1_back,334,mst_459_A_foil.png,10014728,4,4,1
604,2,1_back,335,mst_136_A_foil.png,10017118,4,4,1
604,2,1_back,336,mst_136_A_foil.png,10019482,3,3,1
604,2,1_back,337,mst_260_A_foil.png,10021853,5,5,1
604,2,1_back,338,mst_260_A_foil.png,10023975,3,3,1
604,2,1_back,339,mst_084_B_l1.png,10026105,5,5,0
604,2,1_back,340,mst_144_B_l1.png,10028587,4,4,1
604,2,1_back,341,mst_233_B_l2.png,10030920,4,4,0
604,2,1_back,342,mst_209_A_foil.png,10033001,5,5,2
604,2,1_back,343,mst_209_A_foil.png,10035249,3,3,1
604,2,1_back,344,mst_128_B_l1.png,10037396,4,4,2
604,2,1_back,345,mst_162_A_l1.png,10039494,4,4,1
604,2,1_back,346,mst_048_B_l1.png,10041940,1,1,0
604,2,1_back,347,mst_105_A_l1.png,10044352,4,3,2
604,2,1_back,348,mst_105_B_l1.png,10046473,3,4,0
604,2,1_back,349,mst_221_B_l2.png,10048669,7,7,1
604,2,1_back,350,mst_022_A_l1.png,10051089,6,5,0
604,2,1_back,351,mst_022_B_l1.png,10053397,3,4,2
604,2,1_back,352,mst_162_B_l1.png,10055674,5,4,1
604,2,1_back,353,mst_077_A_foil.png,10057880,2,3,1
604,2,1_back,354,mst_077_A_foil.png,10060237,3,3,2
604,2,1_back,355,mst_356_B_l2.png,10062671,5,5,0
604,2,1_back,356,mst_090_B_l1.png,10065056,6,6,1
604,2,1_back,357,mst_433_A_foil.png,10067507,5,5,1
604,2,1_back,358,mst_433_A_foil.png,10069692,5,5,2
604,2,1_back,359,mst_113_A_foil.png,10071922,2,2,0
604,2,1_back,360,mst_113_A_foil.png,10074051,4,3,2
604,2,2_back,160,mst_255_A_foil.png,10219320,9,10,1
604,2,2_back,161,mst_003_A_foil.png,10221593,9,9,1
604,2,2_back,162,mst_163_A_l1.png,10223687,5,5,2
604,2,2_back,163,mst_235_A_l2.png,10226032,4,4,2
604,2,2_back,164,mst_163_B_l1.png,10228140,5,4,1
604,2,2_back,165,mst_235_A_l2.png,10230302,3,4,1
604,2,2_back,166,mst_102_A_l1.png,10232729,4,4,2
604,2,2_back,167,mst_279_A_l2.png,10234945,5,5,1
604,2,2_back,168,mst_102_A_l1.png,10237294,7,7,2
604,2,2_back,169,mst_279_B_l2.png,10239607,5,5,0
604,2,2_back,170,mst_036_A_l1.png,10241887,2,2,2
604,2,2_back,171,mst_280_A_l2.png,10243960,5,5,0
604,2,2_back,172,mst_030_A_l1.png,10246026,5,5,1
604,2,2_back,173,mst_280_B_l2.png,10248144,7,7,0
604,2,2_back,174,mst_030_A_l1.png,10250259,6,6,1
604,2,2_back,175,mst_356_A_l2.png,10252476,6,6,1
604,2,2_back,176,mst_048_A_l1.png,10254590,4,4,1
604,2,2_back,177,mst_356_B_l2.png,10257088,5,5,1
604,2,2_back,178,mst_048_B_l1.png,10259401,5,5,0
604,2,2_back,179,mst_250_A_l2.png,10261897,6,6,1
604,2,2_back,180,mst_017_A_l1.png,10264133,7,7,0
604,2,2_back,181,mst_250_B_l2.png,10266166,8,8,1
604,2,2_back,182,mst_161_A_l1.png,10268196,6,6,1
604,2,2_back,183,mst_212_A_l2.png,10270340,5,5,0
604,2,2_back,184,mst_161_B_l1.png,10272411,5,5,1
604,2,2_back,185,mst_212_B_l2.png,10274501,6,6,0
604,2,2_back,186,mst_317_A_l2.png,10276669,4,4,1
604,2,2_back,187,mst_233_A_l2.png,10279001,5,4,0
604,2,2_back,188,mst_317_B_l2.png,10281057,4,5,1
604,2,2_back,189,mst_233_A_l2.png,10283430,6,6,0
604,2,2_back,190,mst_262_A_l2.png,10285807,6,6,1
604,2,2_back,191,mst_022_A_l1.png,10288101,3,3,1
604,2,2_back,192,mst_085_A_l1.png,10290448,6,6,1
604,2,2_back,193,mst_022_B_l1.png,10292707,6,6,1
604,2,2_back,194,mst_085_A_l1.png,10294960,4,4,0
604,2,2_back,195,mst_087_A_l1.png,10297366,3,3,1
604,2,2_back,196,mst_132_A_l1.png,10299593,5,5,1
604,2,2_back,197,mst_087_A_l1.png,10301998,1,1,0
604,2,2_back,198,mst_132_A_l1.png,10304132,4,4,1
604,2,2_back,199,mst_323_A_l2.png,10306480,6,5,1
604,2,2_back,200,mst_222_A_l2.png,10308569,1,2,1
604,2,2_back,201,mst_323_B_l2.png,10310685,5,5,1
604,2,2_back,202,mst_222_B_l2.png,10313084,5,5,0
604,2,2_back,203,mst_077_A_l1.png,10315108,4,4,1
604,2,2_back,204,mst_153_A_l1.png,10317350,4,3,0
604,2,2_back,205,mst_355_A_l2.png,10319357,4,5,2
604,2,2_back,206,mst_153_B_l1.png,10321837,5,4,0
604,2,2_back,207,mst_355_A_l2.png,10324194,3,4,1
604,2,2_back,208,mst_234_A_l2.png,10326548,5,5,1
604,2,2_back,209,mst_335_A_l2.png,10328964,4,4,0
604,2,2_back,210,mst_109_A_l1.png,10331156,5,5,0
604,2,2_back,211,mst_335_A_l2.png,10333607,5,5,2
604,2,2_back,212,mst_242_A_l2.png,10335934,5,5,1
604,2,2_back,213,mst_198_A_l2.png,10338116,5,4,0
604,2,2_back,214,mst_145_A_l1.png,10340182,4,5,1
604,2,2_back,215,mst_272_A_l2.png,10342492,5,5,1
604,2,2_back,216,mst_105_A_l1.png,10344630,5,5,1
604,2,2_back,217,mst_167_A_l1.png,10346777,6,6,0
604,2,2_back,218,mst_105_B_l1.png,10348982,5,4,1
604,2,2_back,219,mst_167_A_l1.png,10351452,7,8,0
604,2,2_back,220,mst_211_A_l2.png,10353733,7,7,1
604,2,2_back,221,mst_066_A_l1.png,10355869,3,3,1
604,2,2_back,222,mst_211_A_l2.png,10358060,3,3,1
604,2,2_back,223,mst_324_A_l2.png,10360496,4,4,1
604,2,2_back,224,mst_072_A_l1.png,10362502,4,4,0
604,2,2_back,225,mst_324_B_l2.png,10364707,3,2,2
604,2,2_back,226,mst_160_A_l1.png,10367122,5,6,1
604,2,2_back,227,mst_221_A_l2.png,10369613,2,2,1
604,2,2_back,228,mst_160_B_l1.png,10372051,5,4,0
604,2,2_back,229,mst_221_B_l2.png,10374172,4,5,2
604,2,2_back,230,mst_256_A_l2.png,10376627,3,3,0
604,2,2_back,231,mst_062_A_l1.png,10379026,6,6,1
604,2,2_back,232,mst_026_A_l1.png,10381284,7,7,1
604,2,2_back,233,mst_062_B_l1.png,10383529,4,4,1
604,2,2_back,234,mst_090_A_l1.png,10385961,5,5,0
604,2,2_back,235,mst_228_A_l2.png,10388338,6,6,1
604,2,2_back,236,mst_090_A_l1.png,10390467,5,5,1
604,2,2_back,237,mst_228_A_l2.png,10392914,6,6,0
604,2,2_back,238,mst_346_A_l2.png,10395332,8,8,1
604,2,2_back,239,mst_208_A_l2.png,10397791,8,8,1
604,2,2_back,240,mst_346_B_l2.png,10399863,6,6,0
604,2,2_back,241,mst_208_A_l2.png,10402006,8,8,1
604,2,2_back,242,mst_205_A_l2.png,10404405,7,6,0
604,2,2_back,243,mst_084_A_l1.png,10406569,5,5,1
604,2,2_back,244,mst_139_A_l1.png,10408847,3,4,2
604,2,2_back,245,mst_084_A_l1.png,10410995,5,5,0
604,2,2_back,246,mst_139_B_l1.png,10413449,6,6,1
604,2,2_back,247,mst_144_A_l1.png,10415828,2,2,1
604,2,2_back,248,mst_202_A_l2.png,10417978,0,0,0
604,2,2_back,249,mst_144_A_l1.png,10420374,4,4,2
604,2,2_back,250,mst_281_A_l2.png,10422856,6,6,1
604,2,2_back,251,mst_264_A_l2.png,10425150,6,5,1
604,2,2_back,252,mst_290_A_l2.png,10427605,4,5,1
604,2,2_back,253,mst_264_B_l2.png,10429870,5,5,1
604,2,2_back,254,mst_358_A_l2.png,10432185,4,4,1
604,2,2_back,255,mst_240_A_l2.png,10434585,7,7,0
604,2,2_back,256,mst_358_A_l2.png,10436846,4,4,1
604,2,2_back,257,mst_240_B_l2.png,10439149,7,6,1
604,2,2_back,258,mst_184_A_l2.png,10441412,7,8,1
604,2,2_back,259,mst_041_A_l1.png,10443876,6,6,1
604,2,2_back,260,mst_176_A_l1.png,10445970,5,4,1
604,2,2_back,261,mst_041_A_l1.png,10448323,4,5,0
604,2,2_back,262,mst_176_A_l1.png,10450467,4,4,1
604,2,2_back,263,mst_135_A_l1.png,10452886,4,4,1
604,2,2_back,264,mst_273_A_l2.png,10455295,5,5,1
604,2,2_back,265,mst_135_A_l1.png,10457592,4,4,2
604,2,2_back,266,mst_186_A_l2.png,10459927,6,6,0
604,2,2_back,267,mst_232_A_l2.png,10462159,4,3,1
604,2,2_back,268,mst_186_A_l2.png,10464366,5,6,1
604,2,2_back,269,mst_232_B_l2.png,10466479,3,3,0
604,2,2_back,270,mst_149_A_l1.png,10468660,5,5,1
604,2,2_back,271,mst_003_A_l1.png,10470955,3,3,1
604,2,2_back,272,mst_043_A_l1.png,10473161,3,3,1
604,2,2_back,273,mst_003_B_l1.png,10475451,3,3,1
604,2,2_back,274,mst_043_B_l1.png,10477511,4,4,1
604,2,2_back,275,mst_128_A_l1.png,10479954,3,3,0
604,2,2_back,276,mst_143_A_l1.png,10482298,5,5,1
604,2,2_back,277,mst_183_A_l2.png,10484623,4,4,1
604,2,2_back,278,mst_143_A_l1.png,10486865,6,6,1
604,2,2_back,279,mst_183_B_l2.png,10489353,3,3,1
604,2,2_back,280,mst_315_A_l2.png,10491574,6,6,1
604,2,2_back,281,mst_229_A_l2.png,10493870,4,3,1
604,2,2_back,282,mst_104_A_l1.png,10495870,3,4,1
604,2,2_back,283,mst_229_A_l2.png,10498316,5,5,1
604,2,2_back,284,mst_104_B_l1.png,10500716,5,4,0
604,2,2_back,285,mst_249_A_l2.png,10502936,6,7,1
604,2,2_back,286,mst_142_A_l1.png,10505274,8,7,1
604,2,2_back,287,mst_249_A_l2.png,10507519,6,7,0
604,2,2_back,288,mst_142_A_l1.png,10510020,7,7,1
604,2,2_back,289,mst_001_A_l1.png,10512191,6,6,0
604,2,2_back,290,mst_328_A_l2.png,10514502,6,6,2
604,2,2_back,291,mst_297_A_l2.png,10516883,3,3,1
604,2,2_back,292,mst_214_A_l2.png,10519315,5,5,1
604,2,2_back,293,mst_044_A_l1.png,10521587,3,3,1
604,2,2_back,294,mst_214_B_l2.png,10523960,4,4,1
604,2,2_back,295,mst_230_A_l2.png,10526145,4,4,2
604,2,2_back,296,mst_270_A_l2.png,10528577,6,6,0
604,2,2_back,297,mst_096_A_l1.png,10531000,4,4,1
604,2,2_back,298,mst_270_B_l2.png,10533165,5,4,1
604,2,2_back,299,mst_123_A_l1.png,10535317,6,7,1
604,2,2_back,300,mst_162_A_l1.png,10537363,3,3,2
604,2,2_back,301,mst_123_B_l1.png,10539829,7,7,1
604,2,2_back,302,mst_162_A_l1.png,10542167,3,3,2
604,2,2_back,303,mst_287_A_l2.png,10544475,3,3,1
604,2,2_back,304,mst_180_A_l1.png,10546810,6,6,0
604,2,2_back,305,mst_287_A_l2.png,10549303,4,4,2
604,2,2_back,306,mst_180_A_l1.png,10551741,5,5,0
604,2,2_back,307,mst_157_A_l1.png,10554244,5,5,2
604,2,2_back,308,mst_059_A_l1.png,10556547,3,3,1
604,2,2_back,309,mst_157_A_l1.png,10558962,3,3,1
604,2,2_back,310,mst_059_A_l1.png,10561304,4,4,2
604,2,2_back,311,mst_151_A_l1.png,10563473,5,5,1
604,2,2_back,312,mst_465_A_foil.png,10565794,4,4,1
604,2,2_back,313,mst_300_A_foil.png,10568229,7,7,1
604,2,2_back,314,mst_389_A_foil.png,10570527,2,2,1
604,2,2_back,315,mst_336_A_foil.png,10572661,5,5,0
604,2,2_back,316,mst_620_A_foil.png,10574996,5,5,1
604,2,2_back,317,mst_126_A_foil.png,10577140,8,8,1
604,2,2_back,318,mst_597_A_foil.png,10579283,6,5,2
604,3,1_back,361,mst_111_A_l1.png,10723719,3,3,1
604,3,1_back,362,mst_298_A_l2.png,10725894,4,4,1
604,3,1_back,363,mst_673_A_foil.png,10727972,3,3,1
604,3,1_back,364,mst_673_A_foil.png,10730378,4,4,1
604,3,1_back,365,mst_283_A_l2.png,10732759,4,4,1
604,3,1_back,366,mst_283_B_l2.png,10735131,4,4,1
604,3,1_back,367,mst_619_A_foil.png,10737627,3,3,1
604,3,1_back,368,mst_619_A_foil.png,10739794,1,1,0
604,3,1_back,369,mst_178_A_l1.png,10741905,4,4,1
604,3,1_back,370,mst_289_A_l2.png,10744021,7,7,0
604,3,1_back,371,mst_005_A_foil.png,10746462,8,7,0
604,3,1_back,372,mst_005_A_foil.png,10748777,1,2,1
604,3,1_back,373,mst_131_A_foil.png,10750884,5,5,1
604,3,1_back,374,mst_131_A_foil.png,10752999,6,6,0
604,3,1_back,375,mst_111_B_l1.png,10755157,2,2,1
604,3,1_back,376,mst_051_A_l1.png,10757624,4,4,0
604,3,1_back,377,mst_051_B_l1.png,10760085,5,5,0
604,3,1_back,378,mst_038_A_foil.png,10762448,5,5,1
604,3,1_back,379,mst_038_A_foil.png,10764721,4,4,1
604,3,1_back,380,mst_018_A_l1.png,10766735,3,3,2
604,3,1_back,381,mst_600_A_foil.png,10768819,3,3,2
604,3,1_back,382,mst_600_A_foil.png,10771140,3,3,0
604,3,1_back,383,mst_084_A_foil.png,10773416,4,4,1
604,3,1_back,384,mst_084_A_foil.png,10775838,3,3,0
604,3,1_back,385,mst_033_A_l1.png,10778321,5,5,1
604,3,1_back,386,mst_330_A_l2.png,10780398,3,3,1
604,3,1_back,387,mst_330_B_l2.png,10782763,3,3,1
604,3,1_back,388,mst_165_A_l1.png,10785098,2,2,0
604,3,1_back,389,mst_215_A_l2.png,10787167,3,3,0
604,3,1_back,390,mst_215_B_l2.png,10789371,4,4,1
604,3,1_back,391,mst_101_A_l1.png,10791384,5,5,0
604,3,1_back,392,mst_101_B_l1.png,10793713,6,6,1
604,3,1_back,393,mst_225_A_l2.png,10796060,6,6,1
604,3,1_back,394,mst_360_A_l2.png,10798370,3,2,0
604,3,1_back,395,mst_185_A_l2.png,10800862,6,7,1
604,3,1_back,396,mst_254_A_l2.png,10803162,3,3,1
604,3,1_back,397,mst_031_A_l1.png,10805556,1,1,1
604,3,1_back,398,mst_119_A_l1.png,10807563,3,3,2
604,3,1_back,399,mst_325_A_l2.png,10809572,4,4,0
604,3,1_back,400,mst_325_B_l2.png,10811736,3,2,1
604,3,1_back,401,mst_108_A_l1.png,10813801,5,6,1
604,3,1_back,402,mst_108_B_l1.png,10815875,5,5,0
604,3,1_back,403,mst_706_A_foil.png,10818250,5,5,1
604,3,1_back,404,mst_706_A_foil.png,10820393,3,3,0
604,3,1_back,405,mst_177_A_l1.png,10822408,6,6,1
604,3,1_back,406,mst_343_A_l2.png,10824795,6,6,0
604,3,1_back,407,mst_360_B_l2.png,10827249,4,4,1
604,3,1_back,408,mst_021_A_l1.png,10829551,4,4,1
604,3,1_back,409,mst_251_A_l2.png,10832030,2,2,1
604,3,1_back,410,mst_527_A_foil.png,10834369,4,4,1
604,3,1_back,411,mst_527_A_foil.png,10836658,4,3,2
604,3,1_back,412,mst_200_A_l2.png,10839059,6,7,0
604,3,1_back,413,mst_289_B_l2.png,10841454,5,5,1
604,3,1_back,414,mst_407_A_foil.png,10843579,3,3,1
604,3,1_back,415,mst_407_A_foil.png,10846052,3,3,1
604,3,1_back,416,mst_092_A_foil.png,10848506,5,5,0
604,3,1_back,417,mst_092_A_foil.png,10850721,4,4,1
604,3,1_back,418,mst_293_A_l2.png,10852994,4,4,1
604,3,1_back,419,mst_294_A_l2.png,10855394,3,3,2
604,3,1_back,420,mst_165_B_l1.png,10857498,4,4,0
604,3,1_back,421,mst_348_A_l2.png,10859973,6,6,1
604,3,1_back,422,mst_348_B_l2.png,10862450,7,7,1
604,3,1_back,423,mst_021_B_l1.png,10864565,5,5,1
604,3,1_back,424,mst_650_A_foil.png,10866888,3,3,0
604,3,1_back,425,mst_650_A_foil.png,10869224,4,4,0
604,3,1_back,426,mst_286_A_foil.png,10871440,6,5,1
604,3,1_back,427,mst_286_A_foil.png,10873708,2,2,1
604,3,1_back,428,mst_712_A_foil.png,10875975,4,5,1
604,3,1_back,429,mst_712_A_foil.png,10878271,3,3,2
604,3,1_back,430,mst_284_A_l2.png,10880353,5,5,0
604,3,1_back,431,mst_284_B_l2.png,10882417,5,5,1
604,3,1_back,432,mst_383_A_foil.png,10884464,4,4,0
604,3,1_back,433,mst_383_A_foil.png,10886795,2,2,1
604,3,1_back,434,mst_293_B_l2.png,10888931,4,4,0
604,3,1_back,435,mst_172_A_l1.png,10891289,5,5,1
604,3,1_back,436,mst_172_B_l1.png,10893648,3,3,1
604,3,1_back,437,mst_131_A_l1.png,10895886,2,2,0
604,3,1_back,438,mst_332_A_l2.png,10898076,5,5,1
604,3,1_back,439,mst_213_A_l2.png,10900078,4,4,1
604,3,1_back,440,mst_213_B_l2.png,10902452,3,3,1
604,3,1_back,441,mst_613_A_foil.png,10904875,6,6,1
604,3,1_back,442,mst_613_A_foil.png,10907333,1,1,1
604,3,1_back,443,mst_352_A_l2.png,10909808,6,6,0
604,3,1_back,444,mst_177_B_l1.png,10912131,4,4,1
604,3,1_back,445,mst_323_A_foil.png,10914604,5,5,0
604,3,1_back,446,mst_323_A_foil.png,10917022,5,5,0
604,3,1_back,447,mst_019_A_foil.png,10919171,3,3,1
604,3,1_back,448,mst_019_A_foil.png,10921259,4,4,1
604,3,1_back,449,mst_113_A_l1.png,10923352,3,3,0
604,3,1_back,450,mst_113_B_l1.png,10925643,3,3,1
604,3,1_back,451,mst_352_B_l2.png,10927794,3,3,0
604,3,1_back,452,mst_185_B_l2.png,10929829,2,2,1
604,3,1_back,453,mst_106_A_l1.png,10932173,5,5,0
604,3,1_back,454,mst_556_A_foil.png,10934564,6,6,1
604,3,1_back,455,mst_556_A_foil.png,10936636,3,3,1
604,3,1_back,456,mst_159_A_l1.png,10938750,2,2,0
604,3,1_back,457,mst_159_B_l1.png,10940885,3,3,1
604,3,1_back,458,mst_080_A_l1.png,10943129,5,5,0
604,3,1_back,459,mst_080_B_l1.png,10945168,5,4,0
604,3,1_back,460,mst_079_A_l1.png,10947433,3,4,1
604,3,1_back,461,mst_079_B_l1.png,10949864,5,5,1
604,3,1_back,462,mst_094_A_l1.png,10951989,6,5,1
604,3,1_back,463,mst_115_A_l1.png,10954022,4,5,2
604,3,1_back,464,mst_115_B_l1.png,10956120,4,4,1
604,3,1_back,465,mst_226_A_l2.png,10958512,5,4,0
604,3,1_back,466,mst_226_B_l2.png,10960948,4,4,1
604,3,1_back,467,mst_308_A_l2.png,10963394,5,6,1
604,3,1_back,468,mst_308_B_l2.png,10965478,4,4,1
604,3,1_back,469,mst_467_A_foil.png,10967532,5,5,1
604,3,1_back,470,mst_467_A_foil.png,10969953,3,3,2
604,3,1_back,471,mst_247_A_l2.png,10972027,2,2,1
604,3,1_back,472,mst_247_B_l2.png,10974053,3,3,1
604,3,1_back,473,mst_565_A_foil.png,10976163,4,4,0
604,3,1_back,474,mst_565_A_foil.png,10978546,5,4,0
604,3,1_back,475,mst_106_B_l1.png,10980908,5,6,2
604,3,1_back,476,mst_078_A_l1.png,10983173,4,3,1
604,3,1_back,477,mst_225_B_l2.png,10985392,2,3,0
604,3,1_back,478,mst_120_A_l1.png,10987548,3,3,1
604,3,1_back,479,mst_061_A_l1.png,10989792,4,4,1
604,3,1_back,480,mst_131_B_l1.png,10992203,2,2,1
604,3,1_back,481,mst_318_A_l2.png,10994295,1,1,1
604,3,1_back,482,mst_120_B_l1.png,10996321,1,1,1
604,3,1_back,483,mst_723_A_foil.png,10998815,5,4,1
604,3,1_back,484,mst_723_A_foil.png,11001156,3,4,2
604,3,1_back,485,mst_343_B_l2.png,11003580,8,8,0
604,3,1_back,486,mst_033_B_l1.png,11005785,4,4,2
604,3,1_back,487,mst_252_A_l2.png,11008028,4,4,1
604,3,1_back,488,mst_252_B_l2.png,11010447,4,4,1
604,3,1_back,489,mst_332_B_l2.png,11012730,6,6,1
604,3,1_back,490,mst_231_A_l2.png,11015080,4,4,2
604,3,1_back,491,mst_231_B_l2.png,11017315,1,1,0
604,3,1_back,492,mst_094_B_l1.png,11019499,3,3,2
604,3,1_back,493,mst_215_A_foil.png,11021725,2,2,0
604,3,1_back,494,mst_215_A_foil.png,11024105,5,5,0
604,3,1_back,495,mst_031_B_l1.png,11026399,3,3,2
604,3,1_back,496,mst_337_A_l2.png,11028684,7,7,1
604,3,1_back,497,mst_002_A_l1.png,11030781,2,2,2
604,3,1_back,498,mst_002_B_l1.png,11033172,3,3,0
604,3,1_back,499,mst_357_A_l2.png,11035391,3,3,1
604,3,1_back,500,mst_357_B_l2.png,11037777,6,6,1
604,3,1_back,501,mst_318_B_l2.png,11040003,4,4,1
604,3,1_back,502,mst_119_B_l1.png,11042206,3,3,1
604,3,1_back,503,mst_091_A_l1.png,11044402,4,4,1
604,3,1_back,504,mst_091_B_l1.png,11046728,4,4,0
604,3,1_back,505,mst_086_A_l1.png,11049072,4,4,1
604,3,1_back,506,mst_086_B_l1.png,11051568,4,4,1
604,3,1_back,507,mst_294_B_l2.png,11053939,3,3,1
604,3,1_back,508,mst_254_B_l2.png,11056246,4,4,1
604,3,1_back,509,mst_018_B_l1.png,11058414,4,4,0
604,3,1_back,510,mst_438_A_foil.png,11060845,4,4,1
604,3,1_back,511,mst_438_A_foil.png,11062944,4,4,0
604,3,1_back,512,mst_064_A_l1.png,11065086,3,3,2
604,3,1_back,513,mst_064_B_l1.png,11067097,3,2,0
604,3,1_back,514,mst_236_A_l2.png,11069376,6,7,1
604,3,1_back,515,mst_236_B_l2.png,11071859,5,4,1
604,3,1_back,516,mst_061_B_l1.png,11073934,5,6,2
604,3,1_back,517,mst_251_B_l2.png,11076387,4,4,2
604,3,1_back,518,mst_736_A_foil.png,11078616,5,5,1
604,3,1_back,519,mst_736_A_foil.png,11080843,5,5,1
604,3,1_back,520,mst_701_A_foil.png,11083144,5,5,1
604,3,1_back,521,mst_701_A_foil.png,11085242,2,2,2
604,3,1_back,522,mst_200_B_l2.png,11087459,3,3,1
604,3,1_back,523,mst_298_B_l2.png,11089832,6,5,0
604,3,1_back,524,mst_337_B_l2.png,11092074,4,5,1
604,3,1_back,525,mst_480_A_foil.png,11094357,5,5,1
604,3,1_back,526,mst_480_A_foil.png,11096580,2,2,1
604,3,1_back,527,mst_078_B_l1.png,11098772,6,6,1
604,3,1_back,528,mst_170_A_l1.png,11100889,4,4,1
604,3,1_back,529,mst_170_B_l1.png,11102912,6,6,0
604,3,1_back,530,mst_009_A_l1.png,11105398,1,1,1
604,3,1_back,531,mst_009_B_l1.png,11107762,2,2,1
604,3,1_back,532,mst_197_A_l2.png,11109997,1,1,1
604,3,1_back,533,mst_197_B_l2.png,11112279,3,3,0
604,3,1_back,534,mst_462_A_foil.png,11114446,5,5,1
604,3,1_back,535,mst_462_A_foil.png,11116606,6,5,1
604,3,1_back,536,mst_306_A_foil.png,11118883,3,4,1
604,3,1_back,537,mst_306_A_foil.png,11121167,4,4,0
604,3,1_back,538,mst_178_B_l1.png,11123189,4,3,0
604,3,1_back,539,mst_094_A_foil.png,11125466,2,3,2
604,3,1_back,540,mst_094_A_foil.png,11127687,3,3,1
604,3,2_back,319,mst_625_A_foil.png,11432183,3,3,1
604,3,2_back,320,mst_098_A_foil.png,11434541,4,4,1
604,3,2_back,321,mst_360_A_l2.png,11436972,4,4,1
604,3,2_back,322,mst_086_A_l1.png,11439221,2,2,1
604,3,2_back,323,mst_360_B_l2.png,11441375,4,4,0
604,3,2_back,324,mst_086_B_l1.png,11443548,6,6,1
604,3,2_back,325,mst_169_A_l1.png,11445931,4,4,1
604,3,2_back,326,mst_029_A_l1.png,11448281,2,2,1
604,3,2_back,327,mst_231_A_l2.png,11450412,2,2,1
604,3,2_back,328,mst_289_A_l2.png,11452845,5,5,2
604,3,2_back,329,mst_064_A_l1.png,11455129,3,3,1
604,3,2_back,330,mst_289_A_l2.png,11457428,6,6,0
604,3,2_back,331,mst_064_A_l1.png,11459831,4,4,0
604,3,2_back,332,mst_159_A_l1.png,11462255,3,3,1
604,3,2_back,333,mst_337_A_l2.png,11464311,4,4,0
604,3,2_back,334,mst_159_B_l1.png,11466406,3,3,1
604,3,2_back,335,mst_337_A_l2.png,11468727,7,7,1
604,3,2_back,336,mst_101_A_l1.png,11470884,7,7,1
604,3,2_back,337,mst_341_A_l2.png,11473065,4,4,1
604,3,2_back,338,mst_101_A_l1.png,11475235,6,6,1
604,3,2_back,339,mst_002_A_l1.png,11477319,3,3,1
604,3,2_back,340,mst_129_A_l1.png,11479412,5,5,0
604,3,2_back,341,mst_056_A_l1.png,11481774,5,5,1
604,3,2_back,342,mst_078_A_l1.png,11484210,3,3,2
604,3,2_back,343,mst_056_B_l1.png,11486700,4,4,1
604,3,2_back,344,mst_009_A_l1.png,11488905,2,2,1
604,3,2_back,345,mst_033_A_l1.png,11490991,4,4,0
604,3,2_back,346,mst_009_A_l1.png,11493217,3,3,1
604,3,2_back,347,mst_033_A_l1.png,11495459,4,4,0
604,3,2_back,348,mst_283_A_l2.png,11497662,5,5,1
604,3,2_back,349,mst_284_A_l2.png,11499696,3,3,1
604,3,2_back,350,mst_283_B_l2.png,11501765,4,3,0
604,3,2_back,351,mst_284_B_l2.png,11503841,5,6,1
604,3,2_back,352,mst_247_A_l2.png,11505930,4,4,0
604,3,2_back,353,mst_032_A_l1.png,11508312,6,5,1
604,3,2_back,354,mst_298_A_l2.png,11510673,2,3,1
604,3,2_back,355,mst_032_A_l1.png,11512718,6,6,0
604,3,2_back,356,mst_298_B_l2.png,11515207,7,7,1
604,3,2_back,357,mst_091_A_l1.png,11517438,5,5,0
604,3,2_back,358,mst_031_A_l1.png,11519685,3,2,0
604,3,2_back,359,mst_091_B_l1.png,11522037,7,8,1
604,3,2_back,360,mst_275_A_l2.png,11524471,5,5,2
604,3,2_back,361,mst_178_A_l1.png,11526482,3,3,1
604,3,2_back,362,mst_275_B_l2.png,11528870,5,5,0
604,3,2_back,363,mst_178_B_l1.png,11531343,1,0,0
604,3,2_back,364,mst_316_A_l2.png,11533417,3,4,2
604,3,2_back,365,mst_293_A_l2.png,11535658,5,5,1
604,3,2_back,366,mst_316_A_l2.png,11538081,3,3,2
604,3,2_back,367,mst_293_A_l2.png,11540534,3,3,0
604,3,2_back,368,mst_079_A_l1.png,11542799,8,8,0
604,3,2_back,369,mst_254_A_l2.png,11544960,5,5,1
604,3,2_back,370,mst_079_A_l1.png,11547301,1,1,0
604,3,2_back,371,mst_051_A_l1.png,11549679,4,4,1
604,3,2_back,372,mst_225_A_l2.png,11551697,4,4,1
604,3,2_back,373,mst_051_A_l1.png,11553978,4,3,0
604,3,2_back,374,mst_021_A_l1.png,11556482,4,5,1
604,3,2_back,375,mst_131_A_l1.png,11558522,2,2,1
604,3,2_back,376,mst_220_A_l2.png,11560828,3,3,2
604,3,2_back,377,mst_131_A_l1.png,11562879,5,5,0
604,3,2_back,378,mst_220_B_l2.png,11564965,4,4,0
604,3,2_back,379,mst_253_A_l2.png,11567416,5,5,1
604,3,2_back,380,mst_185_A_l2.png,11569615,4,4,2
604,3,2_back,381,mst_253_B_l2.png,11571978,4,4,0
604,3,2_back,382,mst_185_A_l2.png,11574221,2,2,2
604,3,2_back,383,mst_357_A_l2.png,11576457,5,5,0
604,3,2_back,384,mst_237_A_l2.png,11578773,3,3,1
604,3,2_back,385,mst_292_A_l2.png,11581229,7,7,1
604,3,2_back,386,mst_237_B_l2.png,11583497,3,3,1
604,3,2_back,387,mst_170_A_l1.png,11585773,2,2,0
604,3,2_back,388,mst_055_A_l1.png,11587830,4,4,0
604,3,2_back,389,mst_052_A_l1.png,11589905,4,4,1
604,3,2_back,390,mst_055_A_l1.png,11592051,4,4,2
604,3,2_back,391,mst_052_B_l1.png,11594487,5,5,1
604,3,2_back,392,mst_291_A_l2.png,11596820,5,5,2
604,3,2_back,393,mst_187_A_l2.png,11599306,3,3,1
604,3,2_back,394,mst_172_A_l1.png,11601729,4,4,1
604,3,2_back,395,mst_187_A_l2.png,11603793,4,4,2
604,3,2_back,396,mst_004_A_l1.png,11606229,4,4,1
604,3,2_back,397,mst_332_A_l2.png,11608617,4,4,1
604,3,2_back,398,mst_004_A_l1.png,11610771,3,3,1
604,3,2_back,399,mst_094_A_l1.png,11612964,3,3,1
604,3,2_back,400,mst_038_A_l1.png,11615344,3,3,0
604,3,2_back,401,mst_094_B_l1.png,11617630,2,2,1
604,3,2_back,402,mst_038_B_l1.png,11619914,6,6,1
604,3,2_back,403,mst_197_A_l2.png,11621956,4,4,1
604,3,2_back,404,mst_121_A_l1.png,11624389,3,3,2
604,3,2_back,405,mst_197_A_l2.png,11626697,2,2,0
604,3,2_back,406,mst_121_A_l1.png,11628914,5,5,0
604,3,2_back,407,mst_330_A_l2.png,11630955,4,4,0
604,3,2_back,408,mst_115_A_l1.png,11632965,2,2,1
604,3,2_back,409,mst_330_B_l2.png,11635202,1,1,0
604,3,2_back,410,mst_215_A_l2.png,11637589,4,4,1
604,3,2_back,411,mst_080_A_l1.png,11639835,4,4,0
604,3,2_back,412,mst_215_A_l2.png,11642020,3,3,1
604,3,2_back,413,mst_080_A_l1.png,11644437,4,4,0
604,3,2_back,414,mst_120_A_l1.png,11646636,4,4,1
604,3,2_back,415,mst_130_A_l1.png,11649117,2,2,2
604,3,2_back,416,mst_120_A_l1.png,11651340,2,1,1
604,3,2_back,417,mst_130_B_l1.png,11653515,2,3,2
604,3,2_back,418,mst_318_A_l2.png,11655656,2,2,0
604,3,2_back,419,mst_255_A_l2.png,11658048,1,1,1
604,3,2_back,420,mst_108_A_l1.png,11660450,4,4,1
604,3,2_back,421,mst_174_A_l1.png,11662866,3,3,2
604,3,2_back,422,mst_019_A_l1.png,11664981,4,4,1
604,3,2_back,423,mst_174_A_l1.png,11667135,2,1,0
604,3,2_back,424,mst_204_A_l2.png,11669323,6,7,1
604,3,2_back,425,mst_106_A_l1.png,11671704,4,3,0
604,3,2_back,426,mst_311_A_l2.png,11673728,4,5,2
604,3,2_back,427,mst_252_A_l2.png,11676072,2,2,1
604,3,2_back,428,mst_311_B_l2.png,11678535,4,4,0
604,3,2_back,429,mst_252_A_l2.png,11680889,4,4,1
604,3,2_back,430,mst_111_A_l1.png,11683390,3,3,1
604,3,2_back,431,mst_306_A_l2.png,11685667,5,5,1
604,3,2_back,432,mst_111_A_l1.png,11687939,2,2,1
604,3,2_back,433,mst_306_A_l2.png,11690273,6,5,0
604,3,2_back,434,mst_261_A_l2.png,11692536,6,7,1
604,3,2_back,435,mst_213_A_l2.png,11694797,3,3,1
604,3,2_back,436,mst_308_A_l2.png,11697284,2,2,1
604,3,2_back,437,mst_213_B_l2.png,11699778,4,4,0
604,3,2_back,438,mst_294_A_l2.png,11701927,2,2,1
604,3,2_back,439,mst_165_A_l1.png,11704186,5,5,1
604,3,2_back,440,mst_294_B_l2.png,11706318,4,4,0
604,3,2_back,441,mst_165_A_l1.png,11708514,4,4,0
604,3,2_back,442,mst_352_A_l2.png,11710717,2,2,0
604,3,2_back,443,mst_343_A_l2.png,11712811,3,3,0
604,3,2_back,444,mst_352_B_l2.png,11715297,4,4,1
604,3,2_back,445,mst_343_A_l2.png,11717388,3,3,1
604,3,2_back,446,mst_236_A_l2.png,11719577,3,3,1
604,3,2_back,447,mst_122_A_l1.png,11722068,3,2,1
604,3,2_back,448,mst_236_A_l2.png,11724137,4,4,1
604,3,2_back,449,mst_122_A_l1.png,11726571,3,4,2
604,3,2_back,450,mst_018_A_l1.png,11728842,4,4,1
604,3,2_back,451,mst_177_A_l1.png,11731289,5,5,0
604,3,2_back,452,mst_325_A_l2.png,11733617,2,2,2
604,3,2_back,453,mst_119_A_l1.png,11735744,3,3,1
604,3,2_back,454,mst_061_A_l1.png,11738047,4,4,0
604,3,2_back,455,mst_119_B_l1.png,11740163,4,4,2
604,3,2_back,456,mst_061_B_l1.png,11742342,3,3,0
604,3,2_back,457,mst_226_A_l2.png,11744362,4,4,2
604,3,2_back,458,mst_200_A_l2.png,11746396,4,3,0
604,3,2_back,459,mst_226_B_l2.png,11748656,3,4,1
604,3,2_back,460,mst_200_B_l2.png,11751004,3,3,1
604,3,2_back,461,mst_348_A_l2.png,11753242,4,4,0
604,3,2_back,462,mst_251_A_l2.png,11755640,6,6,1
604,3,2_back,463,mst_348_B_l2.png,11758137,6,5,1
604,3,2_back,464,mst_251_B_l2.png,11760319,4,5,1
604,3,2_back,465,mst_089_A_l1.png,11762651,6,6,1
604,3,2_back,466,mst_314_A_l2.png,11764711,7,7,0
604,3,2_back,467,mst_089_A_l1.png,11767013,4,4,2
604,3,2_back,468,mst_314_B_l2.png,11769391,4,3,0
604,3,2_back,469,mst_113_A_l1.png,11771724,5,6,1
604,3,2_back,470,mst_026_A_foil.png,11773840,5,5,1
604,3,2_back,471,mst_113_B_l1.png,11775937,5,4,0
604,3,2_back,472,mst_263_A_foil.png,11778121,4,5,1
604,3,2_back,473,mst_190_A_foil.png,11780379,3,3,1
604,3,2_back,474,mst_722_A_foil.png,11782428,3,3,1
604,3,2_back,475,mst_654_A_foil.png,11784704,3,3,0
604,3,2_back,476,mst_125_A_foil.png,11786879,6,6,2
604,4,1_back,541,mst_058_A_l1.png,11944422,4,4,1
604,4,1_back,542,mst_058_B_l1.png,11946802,4,4,2
604,4,1_back,543,mst_243_A_l2.png,11949116,2,2,1
604,4,1_back,544,mst_349_A_l2.png,11951600,4,4,1
604,4,1_back,545,mst_127_A_l1.png,11953952,2,2,1
604,4,1_back,546,mst_127_B_l1.png,11956116,2,2,1
604,4,1_back,547,mst_263_A_l2.png,11958178,3,3,2
604,4,1_back,548,mst_263_B_l2.png,11960619,4,3,0
604,4,1_back,549,mst_069_A_l1.png,11962704,4,5,1
604,4,1_back,550,mst_266_A_foil.png,11964896,2,2,1
604,4,1_back,551,mst_266_A_foil.png,11966963,5,5,1
604,4,1_back,552,mst_300_A_l2.png,11969002,5,5,1
604,4,1_back,553,mst_300_B_l2.png,11971357,2,2,0
604,4,1_back,554,mst_339_A_l2.png,11973804,3,3,0
604,4,1_back,555,mst_339_B_l2.png,11976073,2,2,0
604,4,1_back,556,mst_350_A_l2.png,11978340,6,6,0
604,4,1_back,557,mst_035_A_l1.png,11980724,4,4,1
604,4,1_back,558,mst_035_B_l1.png,11982830,6,6,0
604,4,1_back,559,mst_181_A_l2.png,11985256,7,7,1
604,4,1_back,560,mst_069_B_l1.png,11987301,2,2,1
604,4,1_back,561,mst_181_B_l2.png,11989596,5,5,1
604,4,1_back,562,mst_008_A_l1.png,11991809,4,4,1
604,4,1_back,563,mst_717_A_foil.png,11993848,5,5,0
604,4,1_back,564,mst_717_A_foil.png,11995866,5,4,0
604,4,1_back,565,mst_136_A_l1.png,11998085,2,3,1
604,4,1_back,566,mst_475_A_foil.png,12000477,5,5,0
604,4,1_back,567,mst_475_A_foil.png,12002898,3,3,0
604,4,1_back,568,mst_015_A_foil.png,12005030,3,3,1
604,4,1_back,569,mst_015_A_foil.png,12007278,3,3,0
604,4,1_back,570,mst_312_A_l2.png,12009526,6,6,0
604,4,1_back,571,mst_312_B_l2.png,12011830,3,3,0
604,4,1_back,572,mst_243_B_l2.png,12014225,3,3,0
604,4,1_back,573,mst_154_A_foil.png,12016246,3,3,0
604,4,1_back,574,mst_154_A_foil.png,12018625,3,3,0
604,4,1_back,575,mst_735_A_foil.png,12021059,3,3,1
604,4,1_back,576,mst_735_A_foil.png,12023311,4,4,2
604,4,1_back,577,mst_219_A_l2.png,12025505,1,0,0
604,4,1_back,578,mst_179_A_l1.png,12027769,3,4,4
604,4,1_back,579,mst_223_A_l2.png,12030160,5,5,1
604,4,1_back,580,mst_223_B_l2.png,12032615,6,5,4
604,4,1_back,581,mst_267_A_l2.png,12034776,7,8,3
604,4,1_back,582,mst_267_B_l2.png,12037029,2,2,1
604,4,1_back,583,mst_313_A_l2.png,12039509,4,4,2
604,4,1_back,584,mst_054_A_l1.png,12041603,1,1,1
604,4,1_back,585,mst_054_B_l1.png,12043645,2,2,1
604,4,1_back,586,mst_007_A_l1.png,12046140,4,4,1
604,4,1_back,587,mst_098_A_l1.png,12048298,4,4,1
604,4,1_back,588,mst_098_B_l1.png,12050445,1,0,1
604,4,1_back,589,mst_322_A_l2.png,12052900,3,4,2
604,4,1_back,590,mst_179_B_l1.png,12055010,5,5,0
604,4,1_back,591,mst_063_A_l1.png,12057104,3,3,2
604,4,1_back,592,mst_246_A_l2.png,12059492,6,6,1
604,4,1_back,593,mst_350_B_l2.png,12061946,3,3,1
604,4,1_back,594,mst_330_A_foil.png,12064080,4,4,1
604,4,1_back,595,mst_330_A_foil.png,12066316,6,6,0
604,4,1_back,596,mst_338_A_l2.png,12068317,5,5,1
604,4,1_back,597,mst_344_A_l2.png,12070359,5,5,1
604,4,1_back,598,mst_029_A_foil.png,12072755,6,6,1
604,4,1_back,599,mst_029_A_foil.png,12075087,5,5,1
604,4,1_back,600,mst_313_B_l2.png,12077559,3,3,0
604,4,1_back,601,mst_093_A_l1.png,12079796,3,3,1
604,4,1_back,602,mst_021_A_foil.png,12081964,6,6,1
604,4,1_back,603,mst_021_A_foil.png,12084265,5,5,0
604,4,1_back,604,mst_504_A_foil.png,12086564,4,4,2
604,4,1_back,605,mst_504_A_foil.png,12088934,1,1,1
604,4,1_back,606,mst_173_A_l1.png,12091007,4,4,1
604,4,1_back,607,mst_175_A_l1.png,12093388,6,6,1
604,4,1_back,608,mst_218_A_l2.png,12095740,3,3,0
604,4,1_back,609,mst_218_B_l2.png,12098167,4,4,1
604,4,1_back,610,mst_359_A_l2.png,12100212,5,5,0
604,4,1_back,611,mst_322_B_l2.png,12102331,5,5,2
604,4,1_back,612,mst_342_A_l2.png,12104537,5,5,0
604,4,1_back,613,mst_342_B_l2.png,12106875,4,4,1
604,4,1_back,614,mst_007_B_l1.png,12108973,5,5,1
604,4,1_back,615,mst_158_A_l1.png,12111179,3,3,1
604,4,1_back,616,mst_149_A_foil.png,12113642,4,4,0
604,4,1_back,617,mst_149_A_foil.png,12116012,4,3,1
604,4,1_back,618,mst_123_A_foil.png,12118513,5,6,2
604,4,1_back,619,mst_123_A_foil.png,12120664,4,3,1
604,4,1_back,620,mst_219_A_foil.png,12122790,4,4,1
604,4,1_back,621,mst_219_A_foil.png,12124873,5,6,1
604,4,1_back,622,mst_326_A_l2.png,12127141,2,2,1
604,4,1_back,623,mst_282_A_foil.png,12129581,5,5,1
604,4,1_back,624,mst_282_A_foil.png,12131823,2,2,1
604,4,1_back,625,mst_359_B_l2.png,12134153,4,3,1
604,4,1_back,626,mst_317_A_foil.png,12136322,2,3,1
604,4,1_back,627,mst_317_A_foil.png,12138466,1,1,1
604,4,1_back,628,mst_111_A_foil.png,12140843,5,5,0
604,4,1_back,629,mst_111_A_foil.png,12143168,5,5,1
604,4,1_back,630,mst_008_B_l1.png,12145669,4,4,1
604,4,1_back,631,mst_171_A_l1.png,12147792,3,3,0
604,4,1_back,632,mst_171_B_l1.png,12149887,3,3,1
604,4,1_back,633,mst_100_A_l1.png,12152075,4,4,1
604,4,1_back,634,mst_100_B_l1.png,12154307,5,4,0
604,4,1_back,635,mst_062_A_foil.png,12156432,5,6,1
604,4,1_back,636,mst_062_A_foil.png,12158624,5,5,1
604,4,1_back,637,mst_158_B_l1.png,12160742,4,4,1
604,4,1_back,638,mst_063_B_l1.png,12162788,1,1,1
604,4,1_back,639,mst_110_A_l1.png,12164814,3,3,0
604,4,1_back,640,mst_110_B_l1.png,12166891,2,2,0
604,4,1_back,641,mst_335_A_foil.png,12168967,3,3,0
604,4,1_back,642,mst_335_A_foil.png,12171205,3,3,0
604,4,1_back,643,mst_539_A_foil.png,12173582,6,6,0
604,4,1_back,644,mst_539_A_foil.png,12175721,2,2,0
604,4,1_back,645,mst_015_A_l1.png,12178055,4,4,1
604,4,1_back,646,mst_274_A_l2.png,12180176,3,3,1
604,4,1_back,647,mst_319_A_l2.png,12182284,6,6,1
604,4,1_back,648,mst_338_B_l2.png,12184682,3,3,1
604,4,1_back,649,mst_449_A_foil.png,12186798,5,5,1
604,4,1_back,650,mst_449_A_foil.png,12189111,4,3,0
604,4,1_back,651,mst_013_A_l1.png,12191484,3,4,1
604,4,1_back,652,mst_013_B_l1.png,12193842,7,7,0
604,4,1_back,653,mst_012_A_l1.png,12196201,4,4,1
604,4,1_back,654,mst_119_A_foil.png,12198545,2,2,1
604,4,1_back,655,mst_119_A_foil.png,12200823,3,3,0
604,4,1_back,656,mst_117_A_l1.png,12203285,3,3,2
604,4,1_back,657,mst_117_B_l1.png,12205733,2,2,0
604,4,1_back,658,mst_583_A_foil.png,12208078,5,5,1
604,4,1_back,659,mst_583_A_foil.png,12210274,1,1,0
604,4,1_back,660,mst_319_B_l2.png,12212748,2,1,1
604,4,1_back,661,mst_049_A_l1.png,12214814,5,6,0
604,4,1_back,662,mst_049_B_l1.png,12217258,5,5,1
604,4,1_back,663,mst_326_B_l2.png,12219364,3,3,1
604,4,1_back,664,mst_246_B_l2.png,12221789,3,3,1
604,4,1_back,665,mst_360_A_foil.png,12224232,6,6,1
604,4,1_back,666,mst_360_A_foil.png,12226302,3,3,0
604,4,1_back,667,mst_140_A_l1.png,12228748,4,4,1
604,4,1_back,668,mst_481_A_foil.png,12230896,2,2,1
604,4,1_back,669,mst_481_A_foil.png,12233291,3,3,1
604,4,1_back,670,mst_217_A_l2.png,12235447,5,5,0
604,4,1_back,671,mst_217_B_l2.png,12237857,5,5,1
604,4,1_back,672,mst_015_B_l1.png,12240057,5,4,1
604,4,1_back,673,mst_073_A_l1.png,12242484,4,5,1
604,4,1_back,674,mst_073_B_l1.png,12244578,2,2,1
604,4,1_back,675,mst_285_A_l2.png,12246902,7,7,0
604,4,1_back,676,mst_285_B_l2.png,12249337,3,3,1
604,4,1_back,677,mst_070_A_l1.png,12251703,4,4,1
604,4,1_back,678,mst_070_B_l1.png,12254003,3,3,1
604,4,1_back,679,mst_340_A_l2.png,12256322,5,5,1
604,4,1_back,680,mst_340_B_l2.png,12258692,5,5,1
604,4,1_back,681,mst_150_A_l1.png,12260772,4,4,0
604,4,1_back,682,mst_140_B_l1.png,12262802,2,2,1
604,4,1_back,683,mst_168_A_l1.png,12265294,4,4,1
604,4,1_back,684,mst_168_B_l1.png,12267376,3,3,1
604,4,1_back,685,mst_238_A_l2.png,12269466,3,3,0
604,4,1_back,686,mst_238_B_l2.png,12271545,4,4,2
604,4,1_back,687,mst_282_A_l2.png,12273867,3,3,0
604,4,1_back,688,mst_093_B_l1.png,12276392,4,4,1
604,4,1_back,689,mst_382_A_foil.png,12278497,3,3,1
604,4,1_back,690,mst_382_A_foil.png,12280534,3,3,1
604,4,1_back,691,mst_227_A_foil.png,12283016,1,1,0
604,4,1_back,692,mst_227_A_foil.png,12285185,4,4,2
604,4,1_back,693,mst_152_A_l1.png,12287313,1,1,0
604,4,1_back,694,mst_219_B_l2.png,12289499,0,0,0
604,4,1_back,695,mst_118_A_l1.png,12291539,1,1,0
604,4,1_back,696,mst_118_B_l1.png,12293810,1,1,1
604,4,1_back,697,mst_282_B_l2.png,12295879,0,0,0
604,4,1_back,698,mst_349_B_l2.png,12298332,1,1,1
604,4,1_back,699,mst_136_B_l1.png,12300503,0,0,0
604,4,1_back,700,mst_199_A_l2.png,12302932,3,3,2
604,4,1_back,701,mst_199_B_l2.png,12305246,7,7,2
604,4,1_back,702,mst_152_B_l1.png,12307742,6,6,1
604,4,1_back,703,mst_278_A_l2.png,12310062,9,9,1
604,4,1_back,704,mst_278_B_l2.png,12312417,5,5,0
604,4,1_back,705,mst_012_B_l1.png,12314511,4,4,1
604,4,1_back,706,mst_279_A_foil.png,12316894,4,3,0
604,4,1_back,707,mst_279_A_foil.png,12319057,4,5,1
604,4,1_back,708,mst_274_B_l2.png,12321077,4,4,0
604,4,1_back,709,mst_173_B_l1.png,12323239,5,5,1
604,4,1_back,710,mst_082_A_foil.png,12325613,5,5,0
604,4,1_back,711,mst_082_A_foil.png,12328112,6,6,0
604,4,1_back,712,mst_344_B_l2.png,12330452,5,5,0
604,4,1_back,713,mst_102_A_foil.png,12332700,2,2,0
604,4,1_back,714,mst_102_A_foil.png,12334780,1,1,1
604,4,1_back,715,mst_175_B_l1.png,12337224,5,5,1
604,4,1_back,716,mst_320_A_l2.png,12339401,1,1,0
604,4,1_back,717,mst_320_B_l2.png,12341441,1,1,0
604,4,1_back,718,mst_150_B_l1.png,12343829,1,1,0
604,4,1_back,719,mst_432_A_foil.png,12345940,0,0,0
604,4,1_back,720,mst_432_A_foil.png,12348180,2,1,0
604,4,2_back,477,mst_022_A_foil.png,12486114,5,5,2
604,4,2_back,478,mst_386_A_foil.png,12488563,6,6,1
604,4,2_back,479,mst_116_A_l1.png,12490755,3,3,1
604,4,2_back,480,mst_320_A_l2.png,12493245,4,4,3
604,4,2_back,481,mst_116_A_l1.png,12495432,3,2,0
604,4,2_back,482,mst_320_B_l2.png,12497489,3,4,1
604,4,2_back,483,mst_136_A_l1.png,12499725,7,7,1
604,4,2_back,484,mst_285_A_l2.png,12501928,3,3,0
604,4,2_back,485,mst_136_B_l1.png,12504060,4,4,1
604,4,2_back,486,mst_285_B_l2.png,12506276,3,3,1
604,4,2_back,487,mst_350_A_l2.png,12508560,5,5,0
604,4,2_back,488,mst_020_A_l1.png,12510822,7,7,1
604,4,2_back,489,mst_350_A_l2.png,12513012,4,4,1
604,4,2_back,490,mst_020_B_l1.png,12515505,6,6,0
604,4,2_back,491,mst_012_A_l1.png,12517857,6,6,2
604,4,2_back,492,mst_133_A_l1.png,12520360,6,6,0
604,4,2_back,493,mst_012_A_l1.png,12522786,2,2,1
604,4,2_back,494,mst_098_A_l1.png,12525198,5,5,0
604,4,2_back,495,mst_334_A_l2.png,12527223,2,2,1
604,4,2_back,496,mst_098_A_l1.png,12529370,4,4,0
604,4,2_back,497,mst_199_A_l2.png,12531667,3,3,1
604,4,2_back,498,mst_013_A_l1.png,12534142,5,5,0
604,4,2_back,499,mst_326_A_l2.png,12536188,3,3,0
604,4,2_back,500,mst_013_B_l1.png,12538658,4,4,1
604,4,2_back,501,mst_326_A_l2.png,12541108,4,4,1
604,4,2_back,502,mst_015_A_l1.png,12543301,4,4,1
604,4,2_back,503,mst_148_A_l1.png,12545357,4,4,1
604,4,2_back,504,mst_246_A_l2.png,12547594,3,3,1
604,4,2_back,505,mst_282_A_l2.png,12549632,4,4,1
604,4,2_back,506,mst_246_B_l2.png,12552080,4,3,1
604,4,2_back,507,mst_282_A_l2.png,12554468,4,5,1
604,4,2_back,508,mst_117_A_l1.png,12556850,3,3,2
604,4,2_back,509,mst_076_A_l1.png,12559243,3,3,0
604,4,2_back,510,mst_011_A_l1.png,12561454,3,3,1
604,4,2_back,511,mst_076_A_l1.png,12563531,6,5,0
604,4,2_back,512,mst_011_B_l1.png,12565921,5,6,1
604,4,2_back,513,mst_218_A_l2.png,12568244,6,6,1
604,4,2_back,514,mst_238_A_l2.png,12570373,5,5,1
604,4,2_back,515,mst_218_B_l2.png,12572747,3,3,2
604,4,2_back,516,mst_238_A_l2.png,12574938,5,5,0
604,4,2_back,517,mst_239_A_l2.png,12577166,4,4,1
604,4,2_back,518,mst_054_A_l1.png,12579579,4,4,1
604,4,2_back,519,mst_239_B_l2.png,12582072,4,3,0
604,4,2_back,520,mst_054_A_l1.png,12584294,5,5,2
604,4,2_back,521,mst_069_A_l1.png,12586427,5,6,0
604,4,2_back,522,mst_093_A_l1.png,12588618,4,4,2
604,4,2_back,523,mst_190_A_l2.png,12590723,4,4,0
604,4,2_back,524,mst_049_A_l1.png,12592812,2,2,2
604,4,2_back,525,mst_190_B_l2.png,12595289,4,4,2
604,4,2_back,526,mst_049_A_l1.png,12597376,5,5,0
604,4,2_back,527,mst_300_A_l2.png,12599704,5,5,2
604,4,2_back,528,mst_158_A_l1.png,12602177,4,4,1
604,4,2_back,529,mst_300_B_l2.png,12604450,2,2,1
604,4,2_back,530,mst_158_B_l1.png,12606568,2,2,0
604,4,2_back,531,mst_339_A_l2.png,12608781,4,4,2
604,4,2_back,532,mst_035_A_l1.png,12610994,3,2,0
604,4,2_back,533,mst_227_A_l2.png,12613003,4,5,1
604,4,2_back,534,mst_146_A_l1.png,12615322,5,5,0
604,4,2_back,535,mst_196_A_l2.png,12617425,4,4,1
604,4,2_back,536,mst_168_A_l1.png,12619526,4,4,1
604,4,2_back,537,mst_063_A_l1.png,12621882,2,2,1
604,4,2_back,538,mst_168_A_l1.png,12624009,4,3,1
604,4,2_back,539,mst_063_B_l1.png,12626290,3,4,0
604,4,2_back,540,mst_243_A_l2.png,12628749,7,7,0
604,4,2_back,541,mst_340_A_l2.png,12630797,5,5,1
604,4,2_back,542,mst_243_B_l2.png,12633030,5,5,0
604,4,2_back,543,mst_340_B_l2.png,12635424,4,4,1
604,4,2_back,544,mst_276_A_l2.png,12637442,4,4,0
604,4,2_back,545,mst_060_A_l1.png,12639448,3,3,1
604,4,2_back,546,mst_276_A_l2.png,12641644,3,3,1
604,4,2_back,547,mst_060_A_l1.png,12643677,3,3,0
604,4,2_back,548,mst_329_A_l2.png,12645929,6,6,1
604,4,2_back,549,mst_127_A_l1.png,12648428,4,4,1
604,4,2_back,550,mst_329_B_l2.png,12650710,4,4,1
604,4,2_back,551,mst_265_A_l2.png,12653095,5,5,0
604,4,2_back,552,mst_349_A_l2.png,12655173,4,4,1
604,4,2_back,553,mst_265_B_l2.png,12657352,2,1,1
604,4,2_back,554,mst_349_B_l2.png,12659519,5,6,1
604,4,2_back,555,mst_181_A_l2.png,12661598,4,4,1
604,4,2_back,556,mst_312_A_l2.png,12663774,4,4,1
604,4,2_back,557,mst_042_A_l1.png,12665930,3,3,2
604,4,2_back,558,mst_312_A_l2.png,12668269,4,4,1
604,4,2_back,559,mst_042_B_l1.png,12670289,5,5,0
604,4,2_back,560,mst_175_A_l1.png,12672406,4,4,0
604,4,2_back,561,mst_319_A_l2.png,12674585,5,5,2
604,4,2_back,562,mst_175_A_l1.png,12677061,4,3,1
604,4,2_back,563,mst_353_A_l2.png,12679102,2,3,1
604,4,2_back,564,mst_359_A_l2.png,12681516,3,2,0
604,4,2_back,565,mst_353_A_l2.png,12683566,2,3,1
604,4,2_back,566,mst_359_B_l2.png,12685584,5,5,2
604,4,2_back,567,mst_342_A_l2.png,12687677,3,3,1
604,4,2_back,568,mst_016_A_l1.png,12689838,4,4,1
604,4,2_back,569,mst_342_B_l2.png,12692329,3,3,1
604,4,2_back,570,mst_016_A_l1.png,12694747,3,3,2
604,4,2_back,571,mst_322_A_l2.png,12697005,2,2,1
604,4,2_back,572,mst_110_A_l1.png,12699321,4,4,1
604,4,2_back,573,mst_322_A_l2.png,12701627,2,2,2
604,4,2_back,574,mst_067_A_l1.png,12703700,7,6,0
604,4,2_back,575,mst_173_A_l1.png,12706048,4,5,1
604,4,2_back,576,mst_118_A_l1.png,12708088,3,3,1
604,4,2_back,577,mst_173_A_l1.png,12710345,4,4,0
604,4,2_back,578,mst_118_A_l1.png,12712763,4,4,1
604,4,2_back,579,mst_171_A_l1.png,12714855,6,6,0
604,4,2_back,580,mst_305_A_l2.png,12717185,3,3,1
604,4,2_back,581,mst_313_A_l2.png,12719515,6,6,1
604,4,2_back,582,mst_305_A_l2.png,12721703,3,3,1
604,4,2_back,583,mst_313_B_l2.png,12723716,2,2,0
604,4,2_back,584,mst_099_A_l1.png,12725832,4,4,0
604,4,2_back,585,mst_217_A_l2.png,12728225,6,6,1
604,4,2_back,586,mst_099_B_l1.png,12730231,5,5,0
604,4,2_back,587,mst_217_A_l2.png,12732357,5,5,0
604,4,2_back,588,mst_140_A_l1.png,12734467,3,3,1
604,4,2_back,589,mst_244_A_l2.png,12736486,3,3,0
604,4,2_back,590,mst_140_A_l1.png,12738758,3,3,2
604,4,2_back,591,mst_244_A_l2.png,12740974,6,6,0
604,4,2_back,592,mst_050_A_l1.png,12743018,5,5,0
604,4,2_back,593,mst_073_A_l1.png,12745154,4,4,1
604,4,2_back,594,mst_050_B_l1.png,12747185,2,2,0
604,4,2_back,595,mst_073_A_l1.png,12749573,5,5,0
604,4,2_back,596,mst_301_A_l2.png,12751781,2,2,2
604,4,2_back,597,mst_100_A_l1.png,12753946,4,4,0
604,4,2_back,598,mst_259_A_l2.png,12756164,5,5,1
604,4,2_back,599,mst_274_A_l2.png,12758581,4,3,1
604,4,2_back,600,mst_259_B_l2.png,12760779,1,2,1
604,4,2_back,601,mst_274_B_l2.png,12763030,7,6,0
604,4,2_back,602,mst_152_A_l1.png,12765404,5,6,1
604,4,2_back,603,mst_321_A_l2.png,12767828,7,7,1
604,4,2_back,604,mst_223_A_l2.png,12770263,5,5,1
604,4,2_back,605,mst_321_A_l2.png,12772296,3,3,0
604,4,2_back,606,mst_070_A_l1.png,12774792,7,7,1
604,4,2_back,607,mst_007_A_l1.png,12777220,3,3,0
604,4,2_back,608,mst_070_B_l1.png,12779410,4,3,2
604,4,2_back,609,mst_219_A_l2.png,12781540,3,4,2
604,4,2_back,610,mst_058_A_l1.png,12783630,4,4,1
604,4,2_back,611,mst_045_A_l1.png,12785970,3,3,2
604,4,2_back,612,mst_058_A_l1.png,12788360,6,5,1
604,4,2_back,613,mst_150_A_l1.png,12790818,4,5,2
604,4,2_back,614,mst_008_A_l1.png,12793223,4,3,1
604,4,2_back,615,mst_150_A_l1.png,12795434,3,3,0
604,4,2_back,616,mst_008_B_l1.png,12797666,3,4,1
604,4,2_back,617,mst_267_A_l2.png,12799779,5,5,0
604,4,2_back,618,mst_179_A_l1.png,12801781,6,6,1
604,4,2_back,619,mst_267_B_l2.png,12803891,4,4,1
604,4,2_back,620,mst_179_A_l1.png,12806011,5,5,0
604,4,2_back,621,mst_338_A_l2.png,12808113,6,6,1
604,4,2_back,622,mst_010_A_l1.png,12810271,5,5,0
604,4,2_back,623,mst_271_A_l2.png,12812574,4,4,1
604,4,2_back,624,mst_278_A_l2.png,12814622,4,4,1
604,4,2_back,625,mst_271_A_l2.png,12816732,2,2,2
604,4,2_back,626,mst_278_B_l2.png,12819205,6,6,0
604,4,2_back,627,mst_344_A_l2.png,12821619,5,5,1
604,4,2_back,628,mst_263_A_l2.png,12823957,3,3,2
604,4,2_back,629,mst_587_A_foil.png,12826103,5,5,1
604,4,2_back,630,mst_199_A_foil.png,12828311,4,4,1
604,4,2_back,631,mst_402_A_foil.png,12830465,4,4,2
604,4,2_back,632,mst_498_A_foil.png,12832794,4,4,1
604,4,2_back,633,mst_157_A_foil.png,12834834,4,4,1
604,4,2_back,634,mst_552_A_foil.png,12837255,5,5,1
604,4,2_back,635,mst_358_A_foil.png,12839356,3,2,2
