subj_id,block,task,trial_id,stim_id,eye,onset,offset,dur
603,1,1_back,1,NA,L,670723,670794,72
603,1,1_back,3,mst_706_A_foil.png,L,675135,675204,70
603,1,1_back,5,mst_345_A_l2.png,L,681838,681897,60
603,1,1_back,6,mst_271_A_l2.png,L,683382,683571,190
603,1,1_back,8,mst_699_A_foil.png,L,687904,687949,46
603,1,1_back,10,mst_051_A_l1.png,L,692451,692587,137
603,1,1_back,12,mst_330_A_l2.png,L,696695,696850,156
603,1,1_back,13,mst_194_A_l2.png,L,698863,699013,151
603,1,1_back,17,mst_377_A_foil.png,L,707462,707622,161
603,1,1_back,18,mst_233_A_l2.png,L,710012,710219,208
603,1,1_back,20,mst_087_A_foil.png,L,714715,714867,153
603,1,1_back,22,mst_217_A_l2.png,L,719056,719213,158
603,1,1_back,23,mst_349_A_foil.png,L,721834,721995,162
603,1,1_back,25,mst_073_A_l1.png,L,726751,726832,82
603,1,1_back,27,mst_269_A_foil.png,L,731332,731465,134
603,1,1_back,29,mst_251_A_l2.png,L,736371,736564,194
603,1,1_back,32,mst_292_B_l2.png,L,742986,743013,28
603,1,1_back,33,mst_292_B_l2.png,L,743656,743796,141
603,1,1_back,34,mst_358_A_l2.png,L,747525,747711,187
603,1,1_back,35,mst_033_A_l1.png,L,750239,750351,113
603,1,1_back,36,mst_199_A_l2.png,L,752191,752367,177
603,1,1_back,40,mst_229_A_l2.png,L,760598,760772,175
603,1,1_back,42,mst_022_A_l1.png,L,765653,765840,188
603,1,1_back,44,mst_673_A_foil.png,L,770126,770338,213
603,1,1_back,44,mst_673_A_foil.png,L,770585,770792,208
603,1,1_back,46,mst_085_A_foil.png,L,774697,774846,150
603,1,1_back,48,mst_085_A_foil.png,L,777977,778150,174
603,1,1_back,50,mst_320_A_l2.png,L,782408,782542,135
603,1,1_back,51,mst_196_A_l2.png,L,786175,786339,165
603,1,1_back,53,mst_044_A_l1.png,L,790251,790392,142
603,1,1_back,55,mst_151_A_foil.png,L,794353,794556,204
603,1,1_back,57,mst_151_A_foil.png,L,797603,797742,140
603,1,1_back,57,mst_271_B_l2.png,L,798956,799191,236
603,1,1_back,60,mst_137_A_l1.png,L,805646,806082,437
603,1,1_back,61,mst_333_B_l2.png,L,808499,808864,366
603,1,1_back,62,mst_333_B_l2.png,L,809132,809205,74
603,1,1_back,67,mst_585_A_foil.png,L,822179,822667,489
603,1,1_back,71,mst_251_B_l2.png,L,831454,831561,108
603,1,1_back,74,mst_606_A_foil.png,L,837583,837942,360
603,1,1_back,77,mst_362_A_foil.png,L,843717,843854,138
603,1,1_back,79,mst_307_A_l2.png,L,848620,848775,156
603,1,1_back,81,mst_651_A_foil.png,L,853279,853477,199
603,1,1_back,84,mst_305_A_foil.png,L,860896,860994,99
603,1,1_back,85,mst_305_A_foil.png,L,862902,863103,202
603,1,1_back,86,mst_163_A_foil.png,L,865157,865701,545
603,1,1_back,90,mst_076_A_l1.png,L,874679,874863,185
603,1,1_back,90,mst_076_A_l1.png,L,875071,875289,219
603,1,1_back,92,mst_005_A_foil.png,L,879321,879451,131
603,1,1_back,95,mst_412_A_foil.png,L,884743,884899,157
603,1,1_back,96,mst_021_A_l1.png,L,887987,888200,214
603,1,1_back,98,mst_100_A_l1.png,L,892584,892810,227
603,1,1_back,101,mst_273_A_foil.png,L,899629,899745,117
603,1,1_back,102,mst_273_A_foil.png,L,900806,900945,140
603,1,1_back,103,mst_345_B_l2.png,L,903954,904111,158
603,1,1_back,103,mst_345_B_l2.png,L,904349,904558,210
603,1,1_back,106,mst_359_B_l2.png,L,909896,910203,308
603,1,1_back,106,mst_245_A_l2.png,L,911505,911637,133
603,1,1_back,109,mst_410_A_foil.png,L,918425,918636,212
603,1,1_back,111,mst_410_A_foil.png,L,921618,921812,195
603,1,1_back,111,mst_164_A_foil.png,L,922512,922765,254
603,1,1_back,112,mst_164_A_foil.png,L,924367,924446,80
603,1,1_back,112,mst_164_A_foil.png,L,924631,924792,162
603,1,1_back,115,mst_715_A_foil.png,L,929979,930073,95
603,1,1_back,115,mst_176_A_l1.png,L,931477,931673,197
603,1,1_back,120,mst_201_B_l2.png,L,941525,941619,95
603,1,1_back,120,mst_196_B_l2.png,L,942115,942368,254
603,1,1_back,121,mst_329_B_l2.png,L,944657,945100,444
603,1,1_back,123,mst_064_A_l1.png,L,947887,948039,153
603,1,1_back,125,mst_092_B_l1.png,L,953870,953951,82
603,1,1_back,126,mst_092_B_l1.png,L,954860,955025,166
603,1,1_back,130,mst_015_B_l1.png,L,964227,964359,133
603,1,1_back,130,mst_240_B_l2.png,L,965127,965278,152
603,1,1_back,131,mst_165_A_l1.png,L,967356,967593,238
603,1,1_back,134,mst_063_B_l1.png,L,974190,974330,141
603,1,1_back,135,mst_063_B_l1.png,L,975348,975504,157
603,1,1_back,136,mst_204_A_foil.png,L,978711,978835,125
603,1,1_back,136,mst_204_A_foil.png,L,979006,979200,195
603,1,1_back,139,mst_305_A_l2.png,L,985778,985828,51
603,1,1_back,141,mst_305_B_l2.png,L,989293,989443,151
603,1,1_back,141,mst_526_A_foil.png,L,990297,990482,186
603,1,1_back,141,mst_526_A_foil.png,L,990692,991069,378
603,1,1_back,143,mst_170_A_l1.png,L,994572,994882,311
603,1,1_back,145,mst_300_A_l2.png,L,999035,999213,179
603,1,1_back,147,mst_300_B_l2.png,L,1002209,1002391,183
603,1,1_back,149,mst_028_A_foil.png,L,1007051,1007262,212
603,1,1_back,150,mst_340_B_l2.png,L,1010456,1010723,268
603,1,1_back,150,mst_340_B_l2.png,L,1010981,1011194,214
603,1,1_back,153,mst_423_A_foil.png,L,1016022,1016225,204
603,1,1_back,156,mst_279_A_l2.png,L,1023967,1024552,586
603,1,1_back,157,mst_077_A_l1.png,L,1026522,1026580,59
603,1,1_back,158,mst_077_B_l1.png,L,1028084,1028244,161
603,1,1_back,159,mst_100_B_l1.png,L,1030668,1030812,145
603,1,1_back,160,mst_471_A_foil.png,L,1033346,1033782,437
603,1,1_back,162,mst_073_B_l1.png,L,1036815,1036895,81
603,1,1_back,162,mst_073_B_l1.png,L,1037230,1037658,429
603,1,1_back,163,mst_107_A_l1.png,L,1039667,1040156,490
603,1,1_back,165,mst_239_B_l2.png,L,1044424,1044522,99
603,1,1_back,167,mst_221_B_l2.png,L,1049767,1049931,165
603,1,1_back,170,mst_033_B_l1.png,L,1056148,1056241,94
603,1,1_back,171,mst_330_B_l2.png,L,1058517,1058701,185
603,1,1_back,171,mst_330_B_l2.png,L,1058876,1059193,318
603,1,1_back,172,mst_330_B_l2.png,L,1059589,1059813,225
603,1,1_back,172,mst_081_A_l1.png,L,1061248,1061454,207
603,1,1_back,179,mst_028_B_l1.png,L,1076515,1076689,175
603,1,2_back,2,mst_230_A_foil.png,L,1319558,1319796,239
603,1,2_back,6,mst_067_B_l1.png,L,1327205,1327287,83
603,1,2_back,6,mst_101_A_l1.png,L,1328277,1328479,203
603,1,2_back,9,mst_060_A_l1.png,L,1335175,1335305,131
603,1,2_back,10,mst_060_A_l1.png,L,1336327,1336548,222
603,1,2_back,11,mst_199_A_l2.png,L,1339400,1339501,102
603,1,2_back,13,mst_199_A_l2.png,L,1344198,1344254,57
603,1,2_back,14,mst_199_A_l2.png,L,1345156,1345331,176
603,1,2_back,14,mst_200_A_l2.png,L,1346253,1346481,229
603,1,2_back,17,mst_345_B_l2.png,L,1353488,1353624,137
603,1,2_back,21,mst_180_A_l1.png,L,1361063,1361182,120
603,1,2_back,23,mst_348_A_l2.png,L,1366453,1366638,186
603,1,2_back,24,mst_107_A_l1.png,L,1368562,1368880,319
603,1,2_back,28,mst_130_A_l1.png,L,1377329,1377401,73
603,1,2_back,28,mst_130_A_l1.png,L,1377625,1377855,231
603,1,2_back,31,mst_165_A_l1.png,L,1384043,1384221,179
603,1,2_back,31,mst_165_A_l1.png,L,1384426,1384776,351
603,1,2_back,32,mst_102_A_l1.png,L,1386996,1387184,189
603,1,2_back,35,mst_277_A_l2.png,L,1393148,1393493,346
603,1,2_back,39,mst_084_B_l1.png,L,1401185,1401263,79
603,1,2_back,39,mst_084_B_l1.png,L,1401458,1401678,221
603,1,2_back,40,mst_076_A_l1.png,L,1405683,1405969,287
603,1,2_back,42,mst_076_B_l1.png,L,1409287,1409773,487
603,1,2_back,44,mst_025_A_l1.png,L,1414506,1414607,102
603,1,2_back,45,mst_025_A_l1.png,L,1414897,1415072,176
603,1,2_back,47,mst_025_A_l1.png,L,1419769,1419919,151
603,1,2_back,48,mst_113_A_l1.png,L,1423935,1424270,336
603,1,2_back,52,mst_035_A_l1.png,L,1432933,1433412,480
603,1,2_back,53,mst_279_A_l2.png,L,1435404,1435528,125
603,1,2_back,55,mst_035_A_l1.png,L,1438471,1438612,142
603,1,2_back,55,mst_035_A_l1.png,L,1438912,1439066,155
603,1,2_back,55,mst_307_A_l2.png,L,1440073,1440262,190
603,1,2_back,56,mst_106_A_l1.png,L,1442557,1442754,198
603,1,2_back,57,mst_307_A_l2.png,L,1444486,1445306,821
603,1,2_back,58,mst_307_A_l2.png,L,1445474,1445905,432
603,1,2_back,58,mst_264_A_l2.png,L,1447168,1447527,360
603,1,2_back,59,mst_251_A_l2.png,L,1449521,1449760,240
603,1,2_back,60,mst_264_B_l2.png,L,1451743,1451769,27
603,1,2_back,62,mst_123_A_l1.png,L,1455676,1456206,531
603,1,2_back,63,mst_052_A_l1.png,L,1458415,1458567,153
603,1,2_back,65,mst_123_A_l1.png,L,1459303,1461873,2571
603,1,2_back,74,mst_275_A_l2.png,L,1462276,1483536,21261
603,1,2_back,79,mst_170_A_l1.png,L,1484424,1494844,10421
603,1,2_back,84,mst_028_A_l1.png,L,1494949,1505269,10321
603,1,2_back,84,mst_028_A_l1.png,L,1506090,1506533,444
603,1,2_back,85,mst_330_B_l2.png,L,1507961,1508066,106
603,1,2_back,85,mst_330_B_l2.png,L,1508386,1508716,331
603,1,2_back,87,mst_358_A_l2.png,L,1511406,1511537,132
603,1,2_back,91,mst_217_A_l2.png,L,1520368,1520497,130
603,1,2_back,91,mst_329_A_l2.png,L,1521923,1522127,205
603,1,2_back,92,mst_245_A_l2.png,L,1524031,1524290,260
603,1,2_back,93,mst_021_A_l1.png,L,1526203,1526483,281
603,1,2_back,96,mst_015_A_l1.png,L,1532168,1532207,40
603,1,2_back,97,mst_194_A_l2.png,L,1534545,1534765,221
603,1,2_back,97,mst_194_A_l2.png,L,1535032,1535170,139
603,1,2_back,101,mst_081_A_l1.png,L,1543927,1544184,258
603,1,2_back,102,mst_081_A_l1.png,L,1545165,1545383,219
603,1,2_back,102,mst_073_A_l1.png,L,1545838,1546128,291
603,1,2_back,103,mst_257_A_l2.png,L,1547965,1548099,135
603,1,2_back,103,mst_257_A_l2.png,L,1548347,1548572,226
603,1,2_back,104,mst_160_A_l1.png,L,1550730,1550988,259
603,1,2_back,109,mst_149_A_l1.png,L,1561534,1561556,23
603,1,2_back,109,mst_149_A_l1.png,L,1561604,1561641,38
603,1,2_back,110,mst_292_A_l2.png,L,1564382,1564467,86
603,1,2_back,111,mst_292_A_l2.png,L,1564748,1565040,293
603,1,2_back,113,mst_086_A_l1.png,L,1571416,1571495,80
603,1,2_back,113,mst_086_A_l1.png,L,1571862,1572086,225
603,1,2_back,116,mst_239_A_l2.png,L,1577626,1577718,93
603,1,2_back,116,mst_240_A_l2.png,L,1578046,1578111,66
603,1,2_back,119,mst_240_B_l2.png,L,1584050,1584430,381
603,1,2_back,119,mst_340_A_l2.png,L,1585044,1585511,468
603,1,2_back,120,mst_125_A_l1.png,L,1587685,1587817,133
603,1,2_back,121,mst_139_A_l1.png,L,1589634,1589992,359
603,1,2_back,123,mst_139_A_l1.png,L,1594266,1594290,25
603,1,2_back,124,mst_176_A_l1.png,L,1596650,1596882,233
603,1,2_back,125,mst_063_A_l1.png,L,1599161,1599453,293
603,1,2_back,126,mst_201_A_l2.png,L,1601103,1601319,217
603,1,2_back,128,mst_063_A_l1.png,L,1604913,1605038,126
603,1,2_back,129,mst_305_A_l2.png,L,1608407,1608547,141
603,1,2_back,130,mst_224_A_l2.png,L,1610592,1610808,217
603,1,2_back,132,mst_305_B_l2.png,L,1614076,1614225,150
603,1,2_back,138,mst_221_B_l2.png,L,1628752,1628891,140
603,1,2_back,139,mst_221_B_l2.png,L,1629544,1629921,378
603,1,2_back,141,mst_100_A_l1.png,L,1634953,1635102,150
603,1,2_back,142,mst_092_A_l1.png,L,1637272,1637459,188
603,1,2_back,144,mst_092_B_l1.png,L,1641626,1641760,135
603,1,2_back,147,mst_137_A_l1.png,L,1648667,1648908,242
603,1,2_back,150,mst_137_B_l1.png,L,1654065,1654199,135
603,1,2_back,151,mst_214_A_l2.png,L,1657437,1657792,356
603,1,2_back,156,mst_254_A_foil.png,L,1667728,1668012,285
603,1,2_back,159,mst_174_A_foil.png,L,1674752,1675444,693
603,2,1_back,182,mst_446_A_foil.png,L,1862884,1863031,148
603,2,1_back,183,mst_283_A_l2.png,L,1865093,1865248,156
603,2,1_back,185,mst_283_B_l2.png,L,1867926,1868146,221
603,2,1_back,187,mst_255_A_l2.png,L,1873681,1873831,151
603,2,1_back,189,mst_255_B_l2.png,L,1876750,1877017,268
603,2,1_back,189,mst_280_A_foil.png,L,1877784,1877973,190
603,2,1_back,191,mst_280_A_foil.png,L,1881271,1881476,206
603,2,1_back,192,mst_126_A_l1.png,L,1883378,1883557,180
603,2,1_back,193,mst_126_B_l1.png,L,1885559,1885754,196
603,2,1_back,193,mst_315_A_l2.png,L,1886787,1887182,396
603,2,1_back,200,mst_339_A_l2.png,L,1903245,1903546,302
603,2,1_back,202,mst_226_A_l2.png,L,1907494,1907622,129
603,2,1_back,203,mst_197_A_l2.png,L,1909743,1910082,340
603,2,1_back,206,mst_160_A_foil.png,L,1916502,1916549,48
603,2,1_back,206,mst_160_A_foil.png,L,1916763,1916921,159
603,2,1_back,206,mst_160_A_foil.png,L,1917287,1917540,254
603,2,1_back,208,mst_160_A_foil.png,L,1920089,1920216,128
603,2,1_back,209,mst_059_A_foil.png,L,1923476,1923584,109
603,2,1_back,211,mst_059_A_foil.png,L,1926041,1926351,311
603,2,1_back,212,mst_021_A_foil.png,L,1930319,1930478,160
603,2,1_back,213,mst_303_A_foil.png,L,1932154,1932290,137
603,2,1_back,213,mst_303_A_foil.png,L,1932562,1932719,158
603,2,1_back,214,mst_303_A_foil.png,L,1935091,1935256,166
603,2,1_back,215,mst_569_A_foil.png,L,1936426,1936585,160
603,2,1_back,217,mst_220_A_l2.png,L,1940900,1940983,84
603,2,1_back,217,mst_220_A_l2.png,L,1941299,1941550,252
603,2,1_back,222,mst_289_B_l2.png,L,1952254,1952338,85
603,2,1_back,223,mst_289_B_l2.png,L,1952993,1953165,173
603,2,1_back,227,mst_135_A_l1.png,L,1963365,1963629,265
603,2,1_back,233,mst_380_A_foil.png,L,1975989,1976567,579
603,2,1_back,234,mst_380_A_foil.png,L,1976848,1977032,185
603,2,1_back,235,mst_240_A_foil.png,L,1980990,1981122,133
603,2,1_back,240,mst_311_A_l2.png,L,1991397,1991519,123
603,2,1_back,254,mst_169_A_l1.png,L,2023749,2023909,161
603,2,1_back,254,mst_169_A_l1.png,L,2024180,2024329,150
603,2,1_back,256,mst_460_A_foil.png,L,2028072,2028401,330
603,2,1_back,257,mst_460_A_foil.png,L,2029360,2029454,95
603,2,1_back,258,mst_460_A_foil.png,L,2031517,2031602,86
603,2,1_back,264,mst_455_A_foil.png,L,2045102,2045357,256
603,2,1_back,266,mst_455_A_foil.png,L,2049548,2049606,59
603,2,1_back,268,mst_220_B_l2.png,L,2054239,2054254,16
603,2,1_back,268,mst_220_B_l2.png,L,2054413,2054941,529
603,2,1_back,269,mst_296_A_l2.png,L,2057689,2057737,49
603,2,1_back,271,mst_071_A_l1.png,L,2061419,2061621,203
603,2,1_back,271,mst_071_A_l1.png,L,2061995,2062177,183
603,2,1_back,273,mst_072_A_l1.png,L,2066143,2066218,76
603,2,1_back,275,mst_072_B_l1.png,L,2069255,2069267,13
603,2,1_back,275,mst_092_A_foil.png,L,2070624,2070991,368
603,2,1_back,276,mst_092_A_foil.png,L,2073737,2073851,115
603,2,1_back,281,mst_110_B_l1.png,L,2084400,2084463,64
603,2,1_back,281,mst_110_B_l1.png,L,2084914,2084990,77
603,2,1_back,282,mst_024_B_l1.png,L,2086395,2086498,104
603,2,1_back,282,mst_024_B_l1.png,L,2086766,2087064,299
603,2,1_back,288,mst_326_B_l2.png,L,2100249,2100273,25
603,2,1_back,289,mst_326_B_l2.png,L,2101181,2101369,189
603,2,1_back,290,mst_762_A_foil.png,L,2105173,2105191,19
603,2,1_back,291,mst_314_B_l2.png,L,2107496,2107582,87
603,2,1_back,292,mst_168_A_l1.png,L,2110032,2110287,256
603,2,1_back,293,mst_188_B_l2.png,L,2111959,2112412,454
603,2,1_back,300,mst_249_B_l2.png,L,2127422,2127450,29
603,2,1_back,303,mst_114_B_l1.png,L,2132962,2133131,170
603,2,1_back,303,mst_536_A_foil.png,L,2134433,2134535,103
603,2,1_back,305,mst_310_A_l2.png,L,2139242,2139433,192
603,2,1_back,310,mst_014_B_l1.png,L,2150803,2151061,259
603,2,1_back,313,mst_013_A_l1.png,L,2156392,2156487,96
603,2,1_back,313,mst_013_A_l1.png,L,2156817,2156908,92
603,2,1_back,322,mst_476_A_foil.png,L,2176225,2176368,144
603,2,1_back,325,mst_183_A_l2.png,L,2183412,2183662,251
603,2,1_back,326,mst_048_B_l1.png,L,2185364,2185385,22
603,2,1_back,329,mst_169_B_l1.png,L,2192113,2192260,148
603,2,1_back,332,mst_294_B_l2.png,L,2198906,2199085,180
603,2,1_back,335,mst_397_A_foil.png,L,2203661,2203850,190
603,2,1_back,335,mst_173_B_l1.png,L,2205929,2206211,283
603,2,1_back,336,mst_112_B_l1.png,L,2207656,2208407,752
603,2,1_back,339,mst_252_B_l2.png,L,2213144,2213345,202
603,2,1_back,341,mst_225_B_l2.png,L,2218183,2218273,91
603,2,1_back,343,mst_157_A_l1.png,L,2223483,2223928,446
603,2,1_back,344,mst_157_A_l1.png,L,2224582,2224798,217
603,2,1_back,345,mst_157_B_l1.png,L,2227065,2227277,213
603,2,1_back,345,mst_550_A_foil.png,L,2228273,2228575,303
603,2,1_back,350,mst_318_A_l2.png,L,2239626,2239689,64
603,2,1_back,352,mst_169_A_foil.png,L,2244063,2244435,373
603,2,1_back,354,mst_169_A_foil.png,L,2247457,2247650,194
603,2,2_back,160,mst_389_A_foil.png,L,2428335,2428457,123
603,2,2_back,160,mst_389_A_foil.png,L,2428938,2429067,130
603,2,2_back,163,mst_014_A_l1.png,L,2436050,2436197,148
603,2,2_back,166,mst_074_A_l1.png,L,2442769,2443068,300
603,2,2_back,167,mst_273_A_l2.png,L,2444874,2445057,184
603,2,2_back,170,mst_273_A_l2.png,L,2450464,2450665,202
603,2,2_back,171,mst_029_A_l1.png,L,2454469,2454570,102
603,2,2_back,173,mst_195_A_l2.png,L,2457866,2457941,76
603,2,2_back,179,mst_098_A_l1.png,L,2472685,2472833,149
603,2,2_back,184,mst_236_A_l2.png,L,2483124,2483217,94
603,2,2_back,185,mst_236_A_l2.png,L,2484479,2484641,163
603,2,2_back,185,mst_148_A_l1.png,L,2485900,2486155,256
603,2,2_back,189,mst_357_B_l2.png,L,2493520,2493629,110
603,2,2_back,189,mst_153_A_l1.png,L,2494284,2494490,207
603,2,2_back,192,mst_153_B_l1.png,L,2500424,2500550,127
603,2,2_back,193,mst_355_B_l2.png,L,2502887,2503001,115
603,2,2_back,194,mst_197_A_l2.png,L,2506679,2506842,164
603,2,2_back,196,mst_183_B_l2.png,L,2509620,2510071,452
603,2,2_back,198,mst_289_A_l2.png,L,2515305,2515330,26
603,2,2_back,198,mst_289_A_l2.png,L,2515559,2515689,131
603,2,2_back,201,mst_142_A_l1.png,L,2522077,2522192,116
603,2,2_back,201,mst_142_A_l1.png,L,2522540,2522823,284
603,2,2_back,204,mst_114_B_l1.png,L,2528336,2528395,60
603,2,2_back,209,mst_282_A_l2.png,L,2539124,2539150,27
603,2,2_back,209,mst_282_A_l2.png,L,2539413,2539610,198
603,2,2_back,209,mst_282_A_l2.png,L,2540051,2540261,211
603,2,2_back,212,mst_282_A_l2.png,L,2544575,2544641,67
603,2,2_back,212,mst_334_A_l2.png,L,2546523,2546730,208
603,2,2_back,215,mst_310_A_l2.png,L,2552642,2552789,148
603,2,2_back,215,mst_310_A_l2.png,L,2552993,2553333,341
603,2,2_back,224,mst_207_A_l2.png,L,2573038,2573089,52
603,2,2_back,225,mst_061_B_l1.png,L,2575632,2575879,248
603,2,2_back,226,mst_061_B_l1.png,L,2576537,2576782,246
603,2,2_back,226,mst_173_A_l1.png,L,2577474,2577688,215
603,2,2_back,226,mst_173_A_l1.png,L,2578249,2578487,239
603,2,2_back,227,mst_346_A_l2.png,L,2580360,2580510,151
603,2,2_back,228,mst_173_A_l1.png,L,2582221,2582585,365
603,2,2_back,235,mst_234_A_l2.png,L,2595464,2595490,27
603,2,2_back,239,mst_356_A_l2.png,L,2606293,2606347,55
603,2,2_back,241,mst_356_A_l2.png,L,2610638,2610788,151
603,2,2_back,245,mst_339_B_l2.png,L,2618284,2618504,221
603,2,2_back,245,mst_057_A_l1.png,L,2620168,2620366,199
603,2,2_back,256,mst_119_A_l1.png,L,2644378,2644592,215
603,2,2_back,262,mst_252_A_l2.png,L,2656414,2656482,69
603,2,2_back,267,mst_112_A_l1.png,L,2669650,2669702,53
603,2,2_back,273,mst_024_B_l1.png,L,2680732,2681683,952
603,2,2_back,275,mst_072_A_l1.png,L,2686290,2686484,195
603,2,2_back,281,mst_038_A_l1.png,L,2698096,2698447,352
603,2,2_back,283,mst_350_A_l2.png,L,2703998,2704167,170
603,2,2_back,284,mst_093_A_l1.png,L,2706492,2706631,140
603,2,2_back,284,mst_093_A_l1.png,L,2707010,2707167,158
603,2,2_back,287,mst_093_A_l1.png,L,2711731,2712132,402
603,2,2_back,289,mst_108_A_l1.png,L,2712728,2717290,4563
603,2,2_back,293,mst_225_B_l2.png,L,2726571,2726648,78
603,2,2_back,294,mst_225_B_l2.png,L,2727666,2727909,244
603,2,2_back,298,mst_247_A_l2.png,L,2737182,2737452,271
603,2,2_back,300,mst_018_B_l1.png,L,2740653,2740738,86
603,2,2_back,305,mst_228_B_l2.png,L,2753728,2753979,252
603,2,2_back,308,mst_071_A_l1.png,L,2760399,2760575,177
603,2,2_back,310,mst_317_A_l2.png,L,2764245,2764338,94
603,2,2_back,310,mst_317_A_l2.png,L,2764673,2764969,297
603,2,2_back,313,mst_317_A_l2.png,L,2769935,2770059,125
603,2,2_back,313,mst_535_A_foil.png,L,2770993,2771370,378
603,3,1_back,361,NA,L,2930915,2931017,103
603,3,1_back,361,mst_042_A_l1.png,L,2932685,2932945,261
603,3,1_back,363,mst_268_A_l2.png,L,2935636,2935795,160
603,3,1_back,363,mst_232_A_l2.png,L,2936979,2937220,242
603,3,1_back,365,mst_132_A_l1.png,L,2940737,2940949,213
603,3,1_back,367,mst_132_B_l1.png,L,2943961,2944059,99
603,3,1_back,367,mst_302_A_l2.png,L,2945396,2945614,219
603,3,1_back,368,mst_105_A_l1.png,L,2947206,2947310,105
603,3,1_back,370,mst_105_B_l1.png,L,2950387,2950533,147
603,3,1_back,370,mst_031_A_l1.png,L,2951969,2952109,141
603,3,1_back,371,mst_078_A_l1.png,L,2953940,2954132,193
603,3,1_back,372,mst_322_A_l2.png,L,2955770,2955920,151
603,3,1_back,372,mst_322_A_l2.png,L,2956061,2956207,147
603,3,1_back,372,mst_322_A_l2.png,L,2956480,2956662,183
603,3,1_back,376,mst_190_A_l2.png,L,2965396,2966052,657
603,3,1_back,378,mst_190_B_l2.png,L,2968626,2968858,233
603,3,1_back,378,mst_141_A_l1.png,L,2970037,2970272,236
603,3,1_back,383,mst_099_B_l1.png,L,2979685,2979930,246
603,3,1_back,385,mst_003_A_foil.png,L,2984754,2984891,138
603,3,1_back,385,mst_301_A_l2.png,L,2985739,2985942,204
603,3,1_back,386,mst_378_A_foil.png,L,2987998,2988118,121
603,3,1_back,386,mst_378_A_foil.png,L,2988692,2988915,224
603,3,1_back,392,mst_174_A_l1.png,L,3001977,3002070,94
603,3,1_back,400,mst_395_A_foil.png,L,3019190,3019902,713
603,3,1_back,406,mst_103_A_l1.png,L,3033181,3033350,170
603,3,1_back,407,mst_117_B_l1.png,L,3035623,3035988,366
603,3,1_back,408,mst_210_A_l2.png,L,3037604,3037769,166
603,3,1_back,412,mst_347_A_l2.png,L,3046189,3046620,432
603,3,1_back,413,mst_062_B_l1.png,L,3048885,3049030,146
603,3,1_back,415,mst_226_A_foil.png,L,3052135,3052232,98
603,3,1_back,415,mst_226_A_foil.png,L,3053113,3053258,146
603,3,1_back,417,mst_286_B_l2.png,L,3057364,3058029,666
603,3,1_back,418,mst_286_B_l2.png,L,3058113,3058479,367
603,3,1_back,425,mst_198_A_l2.png,L,3074439,3075032,594
603,3,1_back,427,mst_198_B_l2.png,L,3077192,3078043,852
603,3,1_back,428,mst_648_A_foil.png,L,3081835,3082457,623
603,3,1_back,430,mst_227_A_l2.png,L,3085213,3086394,1182
603,3,1_back,432,mst_227_B_l2.png,L,3089485,3089733,249
603,3,1_back,432,mst_109_A_foil.png,L,3090691,3091015,325
603,3,1_back,436,mst_285_A_l2.png,L,3098216,3098331,116
603,3,1_back,436,mst_285_B_l2.png,L,3098658,3098817,160
603,3,1_back,439,mst_219_A_foil.png,L,3105183,3105194,12
603,3,1_back,441,mst_642_A_foil.png,L,3110066,3110293,228
603,3,1_back,442,mst_642_A_foil.png,L,3110835,3111586,752
603,3,1_back,443,mst_192_A_l2.png,L,3115589,3115653,65
603,3,1_back,447,mst_053_A_l1.png,L,3119675,3125346,5672
603,3,1_back,454,mst_290_A_l2.png,L,3138905,3139071,167
603,3,1_back,456,mst_204_B_l2.png,L,3142781,3144255,1475
603,3,1_back,459,mst_161_A_l1.png,L,3149150,3152006,2857
603,3,1_back,463,mst_388_A_foil.png,L,3156336,3160055,3720
603,3,1_back,465,mst_387_A_foil.png,L,3164696,3164696,1
603,3,1_back,468,mst_274_A_foil.png,L,3171842,3171906,65
603,3,1_back,471,mst_097_B_l1.png,L,3177292,3177502,211
603,3,1_back,472,mst_321_A_foil.png,L,3180421,3180539,119
603,3,1_back,477,mst_012_B_l1.png,L,3191793,3191996,204
603,3,1_back,477,mst_012_B_l1.png,L,3192574,3192707,134
603,3,1_back,479,mst_053_B_l1.png,L,3195747,3196168,422
603,3,1_back,480,mst_145_A_foil.png,L,3198832,3199014,183
603,3,1_back,481,mst_145_A_foil.png,L,3200363,3200491,129
603,3,1_back,481,mst_145_A_foil.png,L,3200638,3200781,144
603,3,1_back,482,mst_145_A_foil.png,L,3201720,3201932,213
603,3,1_back,482,mst_210_B_l2.png,L,3203452,3203557,106
603,3,1_back,483,mst_323_A_l2.png,L,3205512,3205789,278
603,3,1_back,484,mst_323_B_l2.png,L,3207772,3207908,137
603,3,1_back,484,mst_323_B_l2.png,L,3208215,3208560,346
603,3,1_back,489,mst_293_A_l2.png,L,3218687,3218925,239
603,3,1_back,489,mst_293_A_l2.png,L,3219370,3219522,153
603,3,1_back,490,mst_138_A_foil.png,L,3220942,3221003,62
603,3,1_back,491,mst_138_A_foil.png,L,3223226,3223306,81
603,3,1_back,494,mst_032_A_l1.png,L,3231027,3231110,84
603,3,1_back,497,mst_241_B_l2.png,L,3236828,3237085,258
603,3,1_back,498,mst_761_A_foil.png,L,3239106,3239381,276
603,3,1_back,499,mst_761_A_foil.png,L,3241112,3241374,263
603,3,1_back,500,mst_150_A_l1.png,L,3244008,3244118,111
603,3,1_back,501,mst_002_B_l1.png,L,3245740,3245980,241
603,3,1_back,503,mst_347_B_l2.png,L,3249096,3249187,92
603,3,1_back,505,mst_157_A_foil.png,L,3254739,3254965,227
603,3,1_back,508,mst_319_A_l2.png,L,3261228,3261564,337
603,3,1_back,510,mst_319_B_l2.png,L,3264313,3264535,223
603,3,1_back,510,mst_103_B_l1.png,L,3265689,3265938,250
603,3,1_back,511,mst_103_B_l1.png,L,3266718,3266882,165
603,3,1_back,514,mst_459_A_foil.png,L,3274449,3274495,47
603,3,1_back,516,mst_316_A_l2.png,L,3278091,3279098,1008
603,3,1_back,518,mst_268_B_l2.png,L,3282999,3283341,343
603,3,1_back,518,mst_065_A_l1.png,L,3283802,3284153,352
603,3,1_back,520,mst_065_B_l1.png,L,3285627,3288139,2513
603,3,1_back,523,mst_500_A_foil.png,L,3295825,3295862,38
603,3,1_back,524,mst_500_A_foil.png,L,3295953,3296607,655
603,3,1_back,525,mst_287_A_foil.png,L,3298133,3299489,1357
603,3,1_back,526,mst_287_A_foil.png,L,3302343,3302508,166
603,3,1_back,528,mst_042_B_l1.png,L,3306223,3306538,316
603,3,1_back,529,mst_189_A_l2.png,L,3309032,3309165,134
603,3,1_back,530,mst_189_B_l2.png,L,3310826,3310976,151
603,3,1_back,532,mst_124_B_l1.png,L,3315927,3316382,456
603,3,1_back,534,mst_293_B_l2.png,L,3320742,3320799,58
603,3,1_back,536,mst_023_B_l1.png,L,3324836,3325019,184
603,3,1_back,536,mst_023_B_l1.png,L,3325610,3325610,1
603,3,1_back,538,mst_155_B_l1.png,L,3328039,3328750,712
603,3,1_back,539,mst_184_A_l2.png,L,3329172,3331139,1968
603,3,1_back,540,mst_184_B_l2.png,L,3334523,3334524,2
603,3,2_back,318,mst_759_A_foil.png,L,3595953,3596130,178
603,3,2_back,320,mst_280_A_l2.png,L,3599911,3600102,192
603,3,2_back,321,mst_331_A_l2.png,L,3602076,3602251,176
603,3,2_back,323,mst_280_B_l2.png,L,3605600,3605655,56
603,3,2_back,324,mst_331_B_l2.png,L,3607491,3607647,157
603,3,2_back,325,mst_174_A_l1.png,L,3610262,3610300,39
603,3,2_back,325,mst_054_A_l1.png,L,3611016,3611218,203
603,3,2_back,326,mst_182_A_l2.png,L,3613261,3613443,183
603,3,2_back,328,mst_182_A_l2.png,L,3617704,3617778,75
603,3,2_back,329,mst_182_A_l2.png,L,3618877,3619015,139
603,3,2_back,330,mst_335_A_l2.png,L,3622458,3622726,269
603,3,2_back,332,mst_335_A_l2.png,L,3627806,3627907,102
603,3,2_back,342,mst_272_A_l2.png,L,3649988,3650168,181
603,3,2_back,345,mst_150_A_l1.png,L,3656551,3656753,203
603,3,2_back,349,mst_058_B_l1.png,L,3665501,3665659,159
603,3,2_back,354,mst_268_B_l2.png,L,3677363,3677372,10
603,3,2_back,355,mst_268_B_l2.png,L,3677877,3678085,209
603,3,2_back,356,mst_347_A_l2.png,L,3680984,3681173,190
603,3,2_back,356,mst_347_A_l2.png,L,3681357,3681634,278
603,3,2_back,358,mst_347_A_l2.png,L,3685751,3685880,130
603,3,2_back,359,mst_347_A_l2.png,L,3686784,3686937,154
603,3,2_back,360,mst_161_A_l1.png,L,3690127,3690323,197
603,3,2_back,362,mst_232_A_l2.png,L,3693710,3693916,207
603,3,2_back,363,mst_198_A_l2.png,L,3697061,3697139,79
603,3,2_back,364,mst_312_A_l2.png,L,3699213,3699410,198
603,3,2_back,367,mst_162_B_l1.png,L,3706123,3706320,198
603,3,2_back,369,mst_002_A_l1.png,L,3710364,3710575,212
603,3,2_back,369,mst_002_A_l1.png,L,3710749,3711011,263
603,3,2_back,371,mst_002_B_l1.png,L,3714892,3714984,93
603,3,2_back,372,mst_250_A_l2.png,L,3716864,3717045,182
603,3,2_back,372,mst_250_A_l2.png,L,3717217,3717412,196
603,3,2_back,373,mst_124_A_l1.png,L,3719506,3719675,170
603,3,2_back,374,mst_019_A_l1.png,L,3721275,3721524,250
603,3,2_back,376,mst_124_A_l1.png,L,3724637,3724806,170
603,3,2_back,376,mst_019_A_l1.png,L,3725889,3726327,439
603,3,2_back,377,mst_066_A_l1.png,L,3728003,3728171,169
603,3,2_back,377,mst_066_A_l1.png,L,3728448,3728616,169
603,3,2_back,378,mst_117_A_l1.png,L,3730359,3730820,462
603,3,2_back,380,mst_117_B_l1.png,L,3734572,3734767,196
603,3,2_back,383,mst_323_B_l2.png,L,3741964,3742120,157
603,3,2_back,383,mst_323_B_l2.png,L,3742351,3742631,281
603,3,2_back,387,mst_011_A_l1.png,L,3750690,3750990,301
603,3,2_back,389,mst_306_A_l2.png,L,3753670,3753879,210
603,3,2_back,390,mst_011_A_l1.png,L,3755669,3755895,227
603,3,2_back,390,mst_306_B_l2.png,L,3757031,3757163,133
603,3,2_back,391,mst_306_B_l2.png,L,3758337,3758567,231
603,3,2_back,391,mst_005_A_l1.png,L,3759698,3760002,305
603,3,2_back,392,mst_185_A_l2.png,L,3762008,3762215,208
603,3,2_back,393,mst_005_A_l1.png,L,3764534,3764659,126
603,3,2_back,394,mst_005_A_l1.png,L,3765335,3765562,228
603,3,2_back,396,mst_204_A_l2.png,L,3771317,3771386,70
603,3,2_back,397,mst_050_A_l1.png,L,3773593,3773755,163
603,3,2_back,399,mst_319_A_l2.png,L,3777368,3777575,208
603,3,2_back,401,mst_319_B_l2.png,L,3781784,3781817,34
603,3,2_back,401,mst_319_B_l2.png,L,3782581,3782718,138
603,3,2_back,402,mst_105_A_l1.png,L,3784244,3784426,183
603,3,2_back,406,mst_085_B_l1.png,L,3791633,3791847,215
603,3,2_back,406,mst_285_B_l2.png,L,3792439,3792632,194
603,3,2_back,411,mst_045_A_l1.png,L,3802248,3802317,70
603,3,2_back,413,mst_309_A_l2.png,L,3807975,3808084,110
603,3,2_back,414,mst_301_A_l2.png,L,3809601,3810135,535
603,3,2_back,415,mst_155_A_l1.png,L,3812817,3812958,142
603,3,2_back,417,mst_301_B_l2.png,L,3815332,3815519,188
603,3,2_back,417,mst_155_A_l1.png,L,3817326,3817495,170
603,3,2_back,420,mst_293_A_l2.png,L,3823035,3823141,107
603,3,2_back,420,mst_293_A_l2.png,L,3823346,3823664,319
603,3,2_back,422,mst_316_A_l2.png,L,3826699,3826915,217
603,3,2_back,424,mst_189_A_l2.png,L,3832165,3832455,291
603,3,2_back,426,mst_078_A_l1.png,L,3835086,3835275,190
603,3,2_back,429,mst_156_B_l1.png,L,3842358,3842529,172
603,3,2_back,436,mst_053_A_l1.png,L,3858724,3858787,64
603,3,2_back,437,mst_053_A_l1.png,L,3859301,3859502,202
603,3,2_back,437,mst_302_A_l2.png,L,3860504,3860660,157
603,3,2_back,439,mst_210_A_l2.png,L,3865375,3865802,428
603,3,2_back,441,mst_049_A_l1.png,L,3869043,3869093,51
603,3,2_back,441,mst_103_A_l1.png,L,3870120,3870376,257
603,3,2_back,443,mst_103_A_l1.png,L,3874735,3874823,89
603,3,2_back,446,mst_322_A_l2.png,L,3881564,3881668,105
603,3,2_back,446,mst_322_A_l2.png,L,3882294,3882371,78
603,3,2_back,447,mst_342_A_l2.png,L,3883912,3884224,313
603,3,2_back,448,mst_322_B_l2.png,L,3886695,3886928,234
603,3,2_back,450,mst_009_A_l1.png,L,3890615,3890838,224
603,3,2_back,452,mst_009_B_l1.png,L,3895264,3895368,105
603,3,2_back,458,mst_099_A_l1.png,L,3908949,3908997,49
603,3,2_back,459,mst_099_A_l1.png,L,3909747,3910003,257
603,3,2_back,459,mst_030_A_l1.png,L,3911629,3911759,131
603,3,2_back,460,mst_192_A_l2.png,L,3912956,3913658,703
603,3,2_back,463,mst_192_A_l2.png,L,3918560,3918715,156
603,3,2_back,463,mst_095_A_l1.png,L,3919927,3920304,378
603,3,2_back,466,mst_287_B_l2.png,L,3927645,3927786,142
603,3,2_back,467,mst_287_B_l2.png,L,3928039,3928398,360
603,3,2_back,471,mst_032_B_l1.png,L,3937008,3937030,23
603,3,2_back,474,mst_364_A_foil.png,L,3944926,3945040,115
603,3,2_back,475,mst_543_A_foil.png,L,3947216,3947659,444
603,4,1_back,542,mst_248_B_l2.png,L,4071729,4071850,122
603,4,1_back,543,mst_436_A_foil.png,L,4073118,4073292,175
603,4,1_back,545,mst_436_A_foil.png,L,4076561,4076605,45
603,4,1_back,545,mst_046_A_l1.png,L,4077365,4077842,478
603,4,1_back,547,mst_070_A_l1.png,L,4081959,4082127,169
603,4,1_back,548,mst_179_A_l1.png,L,4083893,4084087,195
603,4,1_back,550,mst_645_A_foil.png,L,4089407,4089535,129
603,4,1_back,551,mst_645_A_foil.png,L,4089797,4089959,163
603,4,1_back,553,mst_020_B_l1.png,L,4094527,4094628,102
603,4,1_back,553,mst_036_A_l1.png,L,4095811,4095932,122
603,4,1_back,555,mst_036_B_l1.png,L,4099101,4099257,157
603,4,1_back,555,mst_303_A_l2.png,L,4100206,4100416,211
603,4,1_back,556,mst_203_A_l2.png,L,4102562,4102754,193
603,4,1_back,559,mst_467_A_foil.png,L,4108508,4108657,150
603,4,1_back,562,mst_175_A_l1.png,L,4116700,4116931,232
603,4,1_back,564,mst_311_A_foil.png,L,4121315,4121441,127
603,4,1_back,566,mst_311_A_foil.png,L,4124350,4124521,172
603,4,1_back,566,mst_043_A_l1.png,L,4125601,4125859,259
603,4,1_back,567,mst_001_A_l1.png,L,4128140,4128573,434
603,4,1_back,569,mst_211_A_l2.png,L,4133028,4133174,147
603,4,1_back,571,mst_260_A_l2.png,L,4137583,4137747,165
603,4,1_back,572,mst_084_A_foil.png,L,4139703,4139836,134
603,4,1_back,573,mst_084_A_foil.png,L,4140724,4140807,84
603,4,1_back,577,mst_498_A_foil.png,L,4149890,4150016,127
603,4,1_back,578,mst_164_A_l1.png,L,4153376,4153527,152
603,4,1_back,581,mst_083_A_l1.png,L,4159662,4159747,86
603,4,1_back,581,mst_083_A_l1.png,L,4160007,4160404,398
603,4,1_back,583,mst_083_B_l1.png,L,4162888,4163022,135
603,4,1_back,583,mst_083_B_l1.png,L,4163197,4163291,95
603,4,1_back,584,mst_604_A_foil.png,L,4166804,4166963,160
603,4,1_back,590,mst_178_A_foil.png,L,4179972,4180155,184
603,4,1_back,591,mst_178_A_foil.png,L,4180742,4180977,236
603,4,1_back,602,mst_055_B_l1.png,L,4206382,4206487,106
603,4,1_back,602,mst_116_A_l1.png,L,4207383,4207960,578
603,4,1_back,603,mst_116_B_l1.png,L,4210550,4210634,85
603,4,1_back,604,mst_269_A_l2.png,L,4211838,4212282,445
603,4,1_back,605,mst_104_A_l1.png,L,4214054,4214813,760
603,4,1_back,606,mst_584_A_foil.png,L,4216695,4216879,185
603,4,1_back,608,mst_584_A_foil.png,L,4219918,4220068,151
603,4,1_back,611,mst_215_A_foil.png,L,4228200,4228293,94
603,4,1_back,611,mst_215_A_foil.png,L,4228557,4228748,192
603,4,1_back,615,mst_339_A_foil.png,L,4237697,4237777,81
603,4,1_back,616,mst_339_A_foil.png,L,4238016,4238261,246
603,4,1_back,623,mst_418_A_foil.png,L,4255482,4255577,96
603,4,1_back,628,mst_205_A_l2.png,L,4265322,4265566,245
603,4,1_back,632,mst_209_B_l2.png,L,4273957,4274808,852
603,4,1_back,633,mst_056_A_l1.png,L,4277636,4278104,469
603,4,1_back,635,mst_327_A_l2.png,L,4281902,4282219,318
603,4,1_back,637,mst_327_B_l2.png,L,4285212,4285361,150
603,4,1_back,637,mst_297_B_l2.png,L,4286479,4286892,414
603,4,1_back,638,mst_138_A_l1.png,L,4288562,4288811,250
603,4,1_back,639,mst_138_B_l1.png,L,4290555,4290672,118
603,4,1_back,639,mst_138_B_l1.png,L,4291137,4291374,238
603,4,1_back,640,mst_222_A_l2.png,L,4292849,4293113,265
603,4,1_back,647,mst_464_A_foil.png,L,4308455,4308509,55
603,4,1_back,647,mst_270_A_l2.png,L,4310101,4310255,155
603,4,1_back,654,mst_587_A_foil.png,L,4325547,4325665,119
603,4,1_back,655,mst_253_A_l2.png,L,4326179,4327580,1402
603,4,1_back,657,mst_069_A_l1.png,L,4331510,4331704,195
603,4,1_back,660,mst_213_A_foil.png,L,4338579,4338667,89
603,4,1_back,663,mst_633_A_foil.png,L,4344775,4345310,536
603,4,1_back,666,mst_094_A_l1.png,L,4351191,4351233,43
603,4,1_back,667,mst_098_A_foil.png,L,4354725,4354801,77
603,4,1_back,668,mst_098_A_foil.png,L,4355679,4355932,254
603,4,1_back,668,mst_360_A_foil.png,L,4357236,4357363,128
603,4,1_back,671,mst_341_A_l2.png,L,4363407,4363878,472
603,4,1_back,678,mst_281_B_l2.png,L,4377681,4377813,133
603,4,1_back,682,mst_213_B_l2.png,L,4387295,4387416,122
603,4,1_back,682,mst_163_A_l1.png,L,4388126,4388411,286
603,4,1_back,685,mst_343_B_l2.png,L,4395045,4395218,174
603,4,1_back,687,mst_634_A_foil.png,L,4399761,4399848,88
603,4,1_back,687,mst_634_A_foil.png,L,4400094,4400180,87
603,4,1_back,688,mst_634_A_foil.png,L,4400529,4400720,192
603,4,1_back,689,mst_177_A_l1.png,L,4402135,4402896,762
603,4,1_back,689,mst_177_B_l1.png,L,4404640,4404867,228
603,4,1_back,690,mst_242_B_l2.png,L,4406369,4406575,207
603,4,1_back,691,mst_341_B_l2.png,L,4408419,4408590,172
603,4,1_back,694,mst_216_B_l2.png,L,4416385,4416406,22
603,4,1_back,695,mst_269_B_l2.png,L,4417592,4417879,288
603,4,1_back,699,mst_295_A_l2.png,L,4425413,4426842,1430
603,4,1_back,703,mst_175_B_l1.png,L,4436411,4436737,327
603,4,1_back,704,mst_175_B_l1.png,L,4436890,4437667,778
603,4,1_back,704,mst_179_B_l1.png,L,4438901,4438917,17
603,4,1_back,705,mst_206_B_l2.png,L,4441060,4441387,328
603,4,1_back,706,mst_080_A_l1.png,L,4443470,4443693,224
603,4,1_back,709,mst_266_A_l2.png,L,4450220,4450522,303
603,4,1_back,711,mst_163_B_l1.png,L,4455038,4455088,51
603,4,1_back,711,mst_163_B_l1.png,L,4455260,4455345,86
603,4,1_back,711,mst_163_B_l1.png,L,4455598,4455731,134
603,4,1_back,712,mst_163_B_l1.png,L,4456074,4456241,168
603,4,1_back,712,mst_303_B_l2.png,L,4457615,4458101,487
603,4,1_back,713,mst_303_B_l2.png,L,4458567,4458752,186
603,4,1_back,714,mst_140_B_l1.png,L,4461600,4461753,154
603,4,1_back,714,mst_140_B_l1.png,L,4462399,4462489,91
603,4,1_back,715,mst_332_A_l2.png,L,4463873,4463950,78
603,4,1_back,715,mst_332_A_l2.png,L,4464430,4464547,118
603,4,1_back,715,mst_332_A_l2.png,L,4464731,4464932,202
603,4,1_back,717,mst_636_A_foil.png,L,4468461,4468583,123
603,4,1_back,718,mst_636_A_foil.png,L,4470692,4471200,509
603,4,1_back,719,mst_068_A_l1.png,L,4473007,4473215,209
603,4,2_back,476,mst_108_A_foil.png,L,4623233,4623372,140
603,4,2_back,476,mst_108_A_foil.png,L,4624240,4624417,178
603,4,2_back,488,mst_037_B_l1.png,L,4650805,4650866,62
603,4,2_back,489,mst_206_A_l2.png,L,4653181,4653494,314
603,4,2_back,491,mst_179_A_l1.png,L,4657692,4657863,172
603,4,2_back,493,mst_332_B_l2.png,L,4660951,4660978,28
603,4,2_back,493,mst_332_B_l2.png,L,4661186,4661285,100
603,4,2_back,493,mst_179_B_l1.png,L,4662117,4662196,80
603,4,2_back,493,mst_179_B_l1.png,L,4662552,4662820,269
603,4,2_back,494,mst_094_A_l1.png,L,4664365,4664516,152
603,4,2_back,494,mst_094_A_l1.png,L,4664772,4664948,177
603,4,2_back,496,mst_094_B_l1.png,L,4668806,4668976,171
603,4,2_back,496,mst_094_B_l1.png,L,4669176,4669415,240
603,4,2_back,497,mst_163_A_l1.png,L,4671386,4671495,110
603,4,2_back,498,mst_163_A_l1.png,L,4671817,4672032,216
603,4,2_back,498,mst_171_A_l1.png,L,4673319,4673514,196
603,4,2_back,499,mst_118_A_l1.png,L,4676139,4676224,86
603,4,2_back,501,mst_118_B_l1.png,L,4680066,4680182,117
603,4,2_back,502,mst_354_A_l2.png,L,4682017,4682249,233
603,4,2_back,503,mst_068_A_l1.png,L,4684438,4684540,103
603,4,2_back,504,mst_146_A_l1.png,L,4686442,4686578,137
603,4,2_back,504,mst_146_A_l1.png,L,4686807,4686877,71
603,4,2_back,505,mst_230_A_l2.png,L,4688617,4689097,481
603,4,2_back,506,mst_230_A_l2.png,L,4689871,4689951,81
603,4,2_back,507,mst_146_B_l1.png,L,4692171,4692211,41
603,4,2_back,507,mst_230_B_l2.png,L,4692762,4692813,52
603,4,2_back,507,mst_230_B_l2.png,L,4693068,4693207,140
603,4,2_back,508,mst_230_B_l2.png,L,4693978,4694037,60
603,4,2_back,508,mst_261_A_l2.png,L,4694713,4694900,188
603,4,2_back,508,mst_261_A_l2.png,L,4695364,4695490,127
603,4,2_back,512,mst_036_B_l1.png,L,4702844,4702871,28
603,4,2_back,512,mst_343_A_l2.png,L,4703977,4704291,315
603,4,2_back,517,mst_222_A_l2.png,L,4713450,4713750,301
603,4,2_back,517,mst_222_A_l2.png,L,4713981,4713989,9
603,4,2_back,517,mst_090_A_l1.png,L,4714051,4715398,1348
603,4,2_back,518,mst_222_B_l2.png,L,4716983,4717056,74
603,4,2_back,519,mst_253_A_l2.png,L,4719830,4719973,144
603,4,2_back,522,mst_253_A_l2.png,L,4724867,4725041,175
603,4,2_back,522,mst_115_A_l1.png,L,4725526,4725744,219
603,4,2_back,523,mst_213_A_l2.png,L,4728009,4728190,182
603,4,2_back,523,mst_213_A_l2.png,L,4728429,4728742,314
603,4,2_back,525,mst_079_A_l1.png,L,4733698,4733792,95
603,4,2_back,526,mst_088_A_l1.png,L,4735305,4735555,251
603,4,2_back,529,mst_046_A_l1.png,L,4742027,4742267,241
603,4,2_back,530,mst_327_A_l2.png,L,4744455,4744696,242
603,4,2_back,540,mst_353_A_l2.png,L,4767812,4767890,79
603,4,2_back,541,mst_353_A_l2.png,L,4768825,4769035,211
603,4,2_back,541,mst_203_A_l2.png,L,4770091,4770572,482
603,4,2_back,542,mst_007_A_l1.png,L,4772584,4772748,165
603,4,2_back,544,mst_203_B_l2.png,L,4775858,4776094,237
603,4,2_back,544,mst_263_A_l2.png,L,4776758,4777176,419
603,4,2_back,546,mst_263_A_l2.png,L,4781153,4781633,481
603,4,2_back,546,mst_263_A_l2.png,L,4781990,4782145,156
603,4,2_back,547,mst_269_B_l2.png,L,4783640,4783802,163
603,4,2_back,547,mst_269_B_l2.png,L,4784279,4784407,129
603,4,2_back,548,mst_091_A_l1.png,L,4785614,4785801,188
603,4,2_back,548,mst_091_A_l1.png,L,4786148,4786330,183
603,4,2_back,549,mst_091_A_l1.png,L,4786578,4786772,195
603,4,2_back,551,mst_091_B_l1.png,L,4791034,4791232,199
603,4,2_back,551,mst_281_A_l2.png,L,4792393,4792573,181
603,4,2_back,553,mst_281_B_l2.png,L,4797257,4797400,144
603,4,2_back,553,mst_281_B_l2.png,L,4797609,4797815,207
603,4,2_back,554,mst_055_A_l1.png,L,4799538,4799548,11
603,4,2_back,554,mst_055_A_l1.png,L,4799711,4799924,214
603,4,2_back,556,mst_313_A_l2.png,L,4803673,4803913,241
603,4,2_back,556,mst_313_A_l2.png,L,4804102,4804475,374
603,4,2_back,558,mst_111_B_l1.png,L,4807056,4807245,190
603,4,2_back,559,mst_260_A_l2.png,L,4811213,4811879,667
603,4,2_back,562,mst_104_B_l1.png,L,4817733,4817842,110
603,4,2_back,563,mst_259_A_l2.png,L,4819889,4820074,186
603,4,2_back,571,mst_215_A_l2.png,L,4837526,4837770,245
603,4,2_back,572,mst_043_A_l1.png,L,4839319,4839661,343
603,4,2_back,573,mst_215_A_l2.png,L,4841916,4842092,177
603,4,2_back,575,mst_083_A_l1.png,L,4846725,4846995,271
603,4,2_back,582,mst_262_A_l2.png,L,4858553,4861104,2552
603,4,2_back,583,mst_151_A_l1.png,L,4864355,4864470,116
603,4,2_back,583,mst_151_A_l1.png,L,4864891,4865079,189
603,4,2_back,585,mst_151_A_l1.png,L,4869143,4869284,142
603,4,2_back,586,mst_151_A_l1.png,L,4869694,4869897,204
603,4,2_back,586,mst_209_A_l2.png,L,4871119,4871120,2
603,4,2_back,590,mst_303_A_l2.png,L,4880374,4880890,517
603,4,2_back,591,mst_341_A_l2.png,L,4882258,4882380,123
603,4,2_back,593,mst_303_B_l2.png,L,4885115,4885984,870
603,4,2_back,595,mst_216_A_l2.png,L,4891177,4891365,189
603,4,2_back,596,mst_172_A_l1.png,L,4893634,4893858,225
603,4,2_back,597,mst_172_A_l1.png,L,4894394,4894531,138
603,4,2_back,597,mst_216_B_l2.png,L,4896057,4896296,240
603,4,2_back,598,mst_216_B_l2.png,L,4896793,4896973,181
603,4,2_back,599,mst_008_A_l1.png,L,4899976,4900397,422
603,4,2_back,605,mst_177_B_l1.png,L,4913997,4914288,292
603,4,2_back,607,mst_288_A_l2.png,L,4917887,4918237,351
603,4,2_back,611,mst_164_A_l1.png,L,4925173,4925563,391
603,4,2_back,611,mst_034_B_l1.png,L,4926137,4927308,1172
603,4,2_back,616,mst_276_B_l2.png,L,4934896,4938147,3252
603,4,2_back,618,mst_202_A_l2.png,L,4942890,4943052,163
603,4,2_back,619,mst_001_B_l1.png,L,4945510,4945659,150
603,4,2_back,620,mst_202_B_l2.png,L,4947337,4947554,218
603,4,2_back,620,mst_202_B_l2.png,L,4947861,4948019,159
603,4,2_back,625,mst_127_A_l1.png,L,4958940,4959167,228
603,4,2_back,625,mst_127_A_l1.png,L,4959408,4959728,321
603,4,2_back,626,mst_242_A_l2.png,L,4961333,4961911,579
603,4,2_back,627,mst_127_A_l1.png,L,4964266,4964375,110
603,4,2_back,628,mst_716_A_foil.png,L,4965862,4966329,468
603,4,2_back,630,mst_533_A_foil.png,L,4971049,4971252,204
603,4,2_back,631,mst_662_A_foil.png,L,4972740,4972946,207
603,4,2_back,632,mst_662_A_foil.png,L,4973625,4973812,188
