eye,onset,offset,duration,x,y,pupil_size,trial_id,task,stim_id
L,31306495,31308658,2164,945.7,540,5054,1,1_back,mst_178_A_l1.png
L,31308673,31309361,689,914.9,530.6,4638,1,1_back,mst_178_A_l1.png
L,31309373,31311631,2259,942.3,529,4406,2,1_back,mst_178_B_l1.png
L,31311649,31312474,826,912.7,488.3,4563,3,1_back,mst_075_A_l1.png
L,31312488,31313416,929,928.8,505.8,4974,3,1_back,mst_075_A_l1.png
L,31313433,31313608,176,974.9,526.5,4819,3,1_back,mst_075_A_l1.png
L,31313801,31316008,2208,957.8,545.3,4613,4,1_back,mst_199_A_l2.png
L,31316015,31316717,703,965.7,515.6,3828,4,1_back,mst_199_A_l2.png
L,31316726,31316999,274,952.3,526.3,3864,5,1_back,mst_215_A_l2.png
L,31317150,31318032,883,956.8,528.3,3987,5,1_back,mst_215_A_l2.png
L,31318040,31318402,363,988.2,531.4,3871,5,1_back,mst_215_A_l2.png
L,31318417,31320290,1874,953.7,536,4384,6,1_back,mst_215_B_l2.png
L,31320303,31320494,192,1007.5,544.9,4071,6,1_back,mst_215_B_l2.png
L,31320514,31320945,432,952,557.9,4224,6,1_back,mst_215_B_l2.png
L,31320952,31322350,1399,954.3,538.5,4451,7,1_back,mst_265_A_l2.png
L,31322366,31322539,174,982,528,4397,7,1_back,mst_265_A_l2.png
L,31322737,31323133,397,995.9,532,3884,7,1_back,mst_265_A_l2.png
L,31323153,31323754,602,967.5,502,3947,8,1_back,mst_760_A_foil.png
L,31323768,31324635,868,972,533.2,4442,8,1_back,mst_760_A_foil.png
L,31324657,31325189,533,1035.3,537.5,3991,8,1_back,mst_760_A_foil.png
L,31325204,31325668,465,981.2,554.7,3859,8,1_back,mst_760_A_foil.png
L,31325690,31326084,395,1017.2,510.9,4042,9,1_back,mst_760_A_foil.png
L,31326101,31327154,1054,979.1,535.1,4478,9,1_back,mst_760_A_foil.png
L,31327168,31327504,337,1028,538.6,4020,9,1_back,mst_760_A_foil.png
L,31327519,31327789,271,974.6,551.7,3881,9,1_back,mst_760_A_foil.png
L,31327802,31328172,371,1017.8,541,3915,9,1_back,mst_760_A_foil.png
L,31328191,31329181,991,966.9,534.6,3953,10,1_back,mst_579_A_foil.png
L,31329396,31329577,182,941.2,528.4,3709,10,1_back,mst_579_A_foil.png
L,31329590,31329997,408,972.5,523.1,3608,10,1_back,mst_579_A_foil.png
L,31330012,31330338,327,944.8,528.6,3513,10,1_back,mst_579_A_foil.png
L,31330345,31330642,298,974.9,514.8,3540,11,1_back,mst_579_A_foil.png
L,31330652,31331490,839,956.2,508.4,3430,11,1_back,mst_579_A_foil.png
L,31331506,31331839,334,1028.4,529.7,3350,11,1_back,mst_579_A_foil.png
L,31331857,31333467,1611,973.3,539.3,3959,12,1_back,mst_355_A_l2.png
L,31333492,31333657,166,854.7,529.6,4191,12,1_back,mst_355_A_l2.png
L,31333672,31333857,186,801.9,503.2,3729,12,1_back,mst_355_A_l2.png
L,31334055,31334319,265,802.6,482.3,3686,12,1_back,mst_355_A_l2.png
L,31334335,31334731,397,850.7,496.8,3735,13,1_back,mst_458_A_foil.png
L,31334750,31335114,365,925.6,542,3893,13,1_back,mst_458_A_foil.png
L,31335138,31336012,875,952.5,531.8,4374,13,1_back,mst_458_A_foil.png
L,31336033,31336243,211,991.7,541.9,4051,13,1_back,mst_458_A_foil.png
L,31336264,31337041,778,978.1,572.2,3866,13,1_back,mst_458_A_foil.png
L,31337055,31338239,1185,965.3,547,4144,14,1_back,mst_458_A_foil.png
L,31338248,31338437,190,996.2,561.8,3763,14,1_back,mst_458_A_foil.png
L,31338449,31338975,527,972.6,589,3796,14,1_back,mst_458_A_foil.png
L,31338987,31339176,190,972.2,561.6,3884,14,1_back,mst_458_A_foil.png
L,31339197,31339310,114,972.1,505.9,3917,15,1_back,mst_013_A_l1.png
L,31339535,31340233,699,982.3,519.3,4059,15,1_back,mst_013_A_l1.png
L,31340249,31340660,412,972.2,535.6,4166,15,1_back,mst_013_A_l1.png
L,31340677,31341104,428,1021.1,544.2,3874,15,1_back,mst_013_A_l1.png
L,31341118,31341615,498,979.8,549.1,3914,15,1_back,mst_013_A_l1.png
L,31341810,31343387,1578,971.6,529.8,4137,16,1_back,mst_362_A_foil.png
L,31343599,31344396,798,953.5,538.9,3876,17,1_back,mst_362_A_foil.png
L,31344410,31345787,1378,966.6,541.4,4059,17,1_back,mst_362_A_foil.png
L,31345798,31346036,239,999.1,548.7,3942,17,1_back,mst_362_A_foil.png
L,31346051,31347837,1787,970.8,534,4081,18,1_back,mst_017_A_l1.png
L,31348060,31350157,2098,969.6,532,4251,19,1_back,mst_721_A_foil.png
L,31350180,31350957,778,959.2,433.1,3775,19,1_back,mst_721_A_foil.png
L,31350977,31351237,261,948.6,485.6,3892,20,1_back,mst_721_A_foil.png
L,31351252,31360460,9209,964.8,521.9,4392,24,1_back,mst_545_A_foil.png
L,31360486,31360853,368,949.1,550.7,4950,24,1_back,mst_545_A_foil.png
L,31361073,31361244,172,971.5,526.6,4362,24,1_back,mst_545_A_foil.png
L,31361263,31361867,605,938.9,502.3,4515,24,1_back,mst_545_A_foil.png
L,31361880,31362276,397,902,488.9,4592,25,1_back,mst_545_A_foil.png
L,31362295,31362497,203,942.2,523.1,4612,25,1_back,mst_545_A_foil.png
L,31362516,31363297,782,938.6,521.2,4678,25,1_back,mst_545_A_foil.png
L,31363314,31363491,178,918,496.7,4611,25,1_back,mst_545_A_foil.png
L,31363506,31363947,442,941.5,505.6,4462,25,1_back,mst_545_A_foil.png
L,31363970,31364448,479,908.7,475,4492,25,1_back,mst_545_A_foil.png
L,31364458,31364728,271,942.1,467.2,4148,26,1_back,mst_279_A_foil.png
L,31364743,31365620,878,937.9,498.4,4238,26,1_back,mst_279_A_foil.png
L,31365631,31365761,131,969.2,518.5,4223,26,1_back,mst_279_A_foil.png
L,31366008,31366682,675,963.6,508.7,3838,26,1_back,mst_279_A_foil.png
L,31366696,31367149,454,945.3,511.7,3692,27,1_back,mst_279_A_foil.png
L,31367167,31367281,115,1009.1,523.4,3722,27,1_back,mst_279_A_foil.png
L,31367301,31367779,479,963.7,532.3,3972,27,1_back,mst_279_A_foil.png
L,31367796,31368043,248,993.9,567.3,3729,27,1_back,mst_279_A_foil.png
L,31368057,31368400,344,959.4,586.8,3669,27,1_back,mst_279_A_foil.png
L,31368411,31368827,417,956.9,541.9,3587,27,1_back,mst_279_A_foil.png
L,31369053,31370247,1195,966.8,533.3,3940,28,1_back,mst_216_A_l2.png
L,31370272,31370744,473,1053.9,479.9,3448,28,1_back,mst_216_A_l2.png
L,31370761,31370913,153,992.1,489.9,3395,28,1_back,mst_216_A_l2.png
L,31371113,31372316,1204,962.1,527.9,3828,29,1_back,mst_153_A_l1.png
L,31372327,31372521,195,954.8,497.7,4011,29,1_back,mst_153_A_l1.png
L,31372730,31373426,697,966.6,514.8,3917,29,1_back,mst_153_A_l1.png
L,31373447,31373837,391,972.9,521.4,4090,30,1_back,mst_377_A_foil.png
L,31373845,31374406,562,965.7,520.4,4287,30,1_back,mst_377_A_foil.png
L,31374419,31374596,178,973.3,545.1,4057,30,1_back,mst_377_A_foil.png
L,31374614,31374801,188,917.9,571.9,3945,30,1_back,mst_377_A_foil.png
L,31375022,31375141,120,1023.3,628.9,3831,30,1_back,mst_377_A_foil.png
L,31375161,31375341,181,1070,675.2,3871,30,1_back,mst_377_A_foil.png
L,31375362,31375569,208,992.3,638.6,3791,31,1_back,mst_377_A_foil.png
L,31375589,31375754,166,909.4,646.6,3746,31,1_back,mst_377_A_foil.png
L,31375782,31376646,865,945.8,551.9,4092,31,1_back,mst_377_A_foil.png
L,31376670,31376979,310,865.5,586.4,4002,31,1_back,mst_377_A_foil.png
L,31377011,31377260,250,1065.1,674.6,3958,31,1_back,mst_377_A_foil.png
L,31377270,31377436,167,1044.4,661.5,3930,31,1_back,mst_377_A_foil.png
L,31377463,31378181,719,971.3,522,3883,32,1_back,mst_293_A_l2.png
L,31378198,31379127,930,964.9,546.3,4249,32,1_back,mst_293_A_l2.png
L,31379144,31379383,240,1023.1,553.8,3686,32,1_back,mst_293_A_l2.png
L,31379578,31381387,1810,964,549.6,3943,33,1_back,mst_525_A_foil.png
L,31381407,31381722,316,940.3,483.3,3739,33,1_back,mst_525_A_foil.png
L,31381729,31382120,392,949.7,459.5,3564,33,1_back,mst_525_A_foil.png
L,31382141,31382383,243,974.2,526,3440,33,1_back,mst_525_A_foil.png
L,31382403,31382863,461,949.9,473.4,3523,34,1_back,mst_525_A_foil.png
L,31382878,31385071,2194,950.6,499.1,3982,35,1_back,mst_111_A_l1.png
L,31385078,31385239,162,974,498.2,3987,35,1_back,mst_111_A_l1.png
L,31385250,31385451,202,945.4,508.9,4104,35,1_back,mst_111_A_l1.png
L,31385464,31386271,808,970.3,508.7,4160,35,1_back,mst_111_A_l1.png
L,31386279,31386426,148,950.1,480.4,3629,35,1_back,mst_111_A_l1.png
L,31386647,31387738,1092,968.2,485.6,3590,36,1_back,mst_293_B_l2.png
L,31387763,31388511,749,969.7,512.7,4033,36,1_back,mst_293_B_l2.png
L,31388526,31388971,446,1032,503.6,3815,36,1_back,mst_293_B_l2.png
L,31388986,31389229,244,973.7,512.8,3893,36,1_back,mst_293_B_l2.png
L,31389245,31389884,640,958.9,512.8,3850,37,1_back,mst_119_A_l1.png
L,31389905,31390292,388,946.7,529.6,4085,37,1_back,mst_119_A_l1.png
L,31390313,31390582,270,1005.2,542.4,3736,37,1_back,mst_119_A_l1.png
L,31390600,31395665,5066,946.8,535.7,4433,39,1_back,mst_345_B_l2.png
L,31395687,31395911,225,914.9,546.5,4279,39,1_back,mst_345_B_l2.png
L,31395923,31397453,1531,941,541.7,4510,40,1_back,mst_710_A_foil.png
L,31397684,31398180,497,938.1,531.6,3805,40,1_back,mst_710_A_foil.png
L,31398194,31398503,310,977.3,530.4,3860,40,1_back,mst_710_A_foil.png
L,31398520,31398740,221,930.8,535.2,3939,41,1_back,mst_710_A_foil.png
L,31398749,31402249,3501,952.1,534.3,4214,42,1_back,mst_216_B_l2.png
L,31402275,31402784,510,1084.6,498.8,3962,42,1_back,mst_216_B_l2.png
L,31402827,31403058,232,873.7,513.7,3937,43,1_back,mst_153_B_l1.png
L,31403075,31403635,561,928.6,518.6,4029,43,1_back,mst_153_B_l1.png
L,31403653,31404051,399,974.5,533,4183,43,1_back,mst_153_B_l1.png
L,31404068,31404605,538,958.8,501.2,3764,43,1_back,mst_153_B_l1.png
L,31404620,31404650,31,1032.2,499.1,3707,43,1_back,mst_153_B_l1.png
L,31404894,31405203,310,1008,505.1,3887,44,1_back,mst_126_A_l1.png
L,31405218,31406011,794,963.7,511.5,3982,44,1_back,mst_126_A_l1.png
L,31406024,31406567,544,921.3,505.8,3730,44,1_back,mst_126_A_l1.png
L,31406581,31406852,272,980.6,501.9,3811,44,1_back,mst_126_A_l1.png
L,31406864,31407988,1125,937.2,502.3,3937,45,1_back,mst_111_B_l1.png
L,31408007,31408258,252,982.8,498.6,4057,45,1_back,mst_111_B_l1.png
L,31408273,31408620,348,947.9,487.6,3777,45,1_back,mst_111_B_l1.png
L,31408633,31408951,319,980.7,491.7,3807,45,1_back,mst_111_B_l1.png
L,31408964,31409263,300,924.9,495.3,3810,46,1_back,mst_636_A_foil.png
L,31409278,31409488,211,969.8,493,3835,46,1_back,mst_636_A_foil.png
L,31409495,31410441,947,950.5,516.9,4173,46,1_back,mst_636_A_foil.png
L,31410710,31413019,2310,965.7,504.7,4282,47,1_back,mst_636_A_foil.png
L,31413040,31413198,159,952,503.4,4382,47,1_back,mst_636_A_foil.png
L,31413222,31413870,649,908.3,476.3,4468,48,1_back,mst_173_A_l1.png
L,31413882,31414073,192,925,487.2,4402,48,1_back,mst_173_A_l1.png
L,31414087,31414702,616,937.6,505.5,4514,48,1_back,mst_173_A_l1.png
L,31414726,31414992,267,1006.2,536.1,4321,48,1_back,mst_173_A_l1.png
L,31415000,31415351,352,1007.5,504.1,3739,48,1_back,mst_173_A_l1.png
L,31415597,31416064,468,1024.9,514.6,3736,49,1_back,mst_306_A_l2.png
L,31416076,31416287,212,1009.3,506.6,3684,49,1_back,mst_306_A_l2.png
L,31416305,31416478,174,943,512.1,3732,49,1_back,mst_306_A_l2.png
L,31416502,31417384,883,963.6,524.7,4180,49,1_back,mst_306_A_l2.png
L,31417403,31417585,183,947.5,494.4,4196,49,1_back,mst_306_A_l2.png
L,31417599,31417777,179,932.5,464.5,4268,49,1_back,mst_306_A_l2.png
L,31417788,31418210,423,945.8,441,4331,49,1_back,mst_306_A_l2.png
L,31418229,31418400,172,963,496.8,4315,50,1_back,mst_050_A_foil.png
L,31418409,31418680,272,992.6,505.7,4302,50,1_back,mst_050_A_foil.png
L,31418691,31419666,976,954,513.6,4339,50,1_back,mst_050_A_foil.png
L,31419681,31422141,2461,970.8,510.1,3996,51,1_back,mst_050_A_foil.png
L,31422162,31422333,172,980.1,463.7,3614,51,1_back,mst_050_A_foil.png
L,31422345,31422604,260,955.5,444.3,3602,51,1_back,mst_050_A_foil.png
L,31422624,31423398,775,971.5,501.3,3646,52,1_back,mst_124_A_l1.png
L,31423607,31424352,746,977.5,507.9,3985,52,1_back,mst_124_A_l1.png
L,31424375,31425437,1063,963.8,415.5,3783,53,1_back,mst_249_A_foil.png
L,31425448,31426409,962,973.1,478,4102,53,1_back,mst_249_A_foil.png
L,31426416,31426779,364,974.5,506.3,4327,53,1_back,mst_249_A_foil.png
L,31426797,31427397,601,958.4,523.5,3883,53,1_back,mst_249_A_foil.png
L,31427588,31429227,1640,986.9,518.7,4368,54,1_back,mst_249_A_foil.png
L,31429254,31432190,2937,960.7,533.4,4287,55,1_back,mst_563_A_foil.png
L,31432213,31432749,537,1003.2,499,4309,56,1_back,mst_563_A_foil.png
L,31432771,31433522,752,974.7,524.5,4294,56,1_back,mst_563_A_foil.png
L,31433547,31434011,465,959.9,424,3875,56,1_back,mst_563_A_foil.png
L,31434228,31434771,544,972.9,433.5,4174,57,1_back,mst_503_A_foil.png
L,31434790,31435465,676,959.2,490.1,4218,57,1_back,mst_503_A_foil.png
L,31435494,31435736,243,1018.5,553.9,4162,57,1_back,mst_503_A_foil.png
L,31435762,31437858,2097,963,508.3,4250,58,1_back,mst_503_A_foil.png
L,31437880,31438091,212,991.4,520.3,4261,58,1_back,mst_503_A_foil.png
L,31438111,31438298,188,949.9,489.8,3887,58,1_back,mst_503_A_foil.png
L,31438318,31438858,541,978,474.1,3754,58,1_back,mst_503_A_foil.png
L,31438879,31440162,1284,976.6,489.6,3865,59,1_back,mst_311_A_l2.png
L,31440185,31440496,312,898.7,502.3,4047,59,1_back,mst_311_A_l2.png
L,31440514,31446523,6010,947.6,506,4325,62,1_back,mst_628_A_foil.png
L,31446533,31446834,302,946.6,529.8,4853,62,1_back,mst_628_A_foil.png
L,31446862,31447131,270,958.4,527.1,4259,62,1_back,mst_628_A_foil.png
L,31447409,31447632,224,985.9,491.3,3603,62,1_back,mst_628_A_foil.png
L,31447646,31448940,1295,962.8,503.8,3844,63,1_back,mst_358_A_l2.png
L,31448955,31449120,166,995.8,533.3,4221,63,1_back,mst_358_A_l2.png
L,31449133,31449404,272,966.1,513.7,3710,63,1_back,mst_358_A_l2.png
L,31449420,31449785,366,982,553.4,3543,63,1_back,mst_358_A_l2.png
L,31449806,31451551,1746,963.9,502.4,3821,64,1_back,mst_358_B_l2.png
L,31451576,31451932,357,965.3,532.4,3729,64,1_back,mst_358_B_l2.png
L,31452165,31452265,101,985.2,504.8,3842,64,1_back,mst_358_B_l2.png
L,31452295,31452471,177,950.9,546,3976,64,1_back,mst_358_B_l2.png
L,31452485,31452803,319,972.1,550.2,4004,65,1_back,mst_287_A_l2.png
L,31452819,31453025,207,949.1,526,3936,65,1_back,mst_287_A_l2.png
L,31453047,31453245,199,971.2,521.2,4034,65,1_back,mst_287_A_l2.png
L,31453255,31455821,2567,951.3,522.6,3920,66,1_back,mst_138_A_l1.png
L,31455836,31456337,502,915.9,505.4,3824,66,1_back,mst_138_A_l1.png
L,31456355,31456833,479,909.4,517.8,3728,66,1_back,mst_138_A_l1.png
L,31456849,31457051,203,961.1,517.5,3931,67,1_back,mst_138_B_l1.png
L,31457065,31457334,270,921.5,515.9,3931,67,1_back,mst_138_B_l1.png
L,31457355,31458076,722,955.1,518.1,4148,67,1_back,mst_138_B_l1.png
L,31458290,31458316,27,929.6,489.4,3623,67,1_back,mst_138_B_l1.png
L,31458325,31459195,871,941.6,535.9,3927,68,1_back,mst_282_A_l2.png
L,31459204,31459370,167,922.1,529.3,4185,68,1_back,mst_282_A_l2.png
L,31459386,31459560,175,954.2,543.2,4187,68,1_back,mst_282_A_l2.png
L,31459580,31459789,210,912.2,544.8,4348,68,1_back,mst_282_A_l2.png
L,31459812,31460889,1078,948.5,544.4,4229,68,1_back,mst_282_A_l2.png
L,31460906,31461100,195,915.9,543.9,4093,68,1_back,mst_282_A_l2.png
L,31461116,31461308,193,947.7,550.6,4141,68,1_back,mst_282_A_l2.png
L,31461327,31461644,318,899.9,543.2,4079,69,1_back,mst_284_A_l2.png
L,31461658,31463012,1355,921.9,538.6,4248,69,1_back,mst_284_A_l2.png
L,31463029,31463299,271,936.7,520.7,4109,69,1_back,mst_284_A_l2.png
L,31463314,31463733,420,969.7,513.1,4241,69,1_back,mst_284_A_l2.png
L,31463749,31465206,1458,932.7,521.7,4357,70,1_back,mst_284_B_l2.png
L,31465220,31465504,285,960.2,529,3869,70,1_back,mst_284_B_l2.png
L,31465521,31465581,61,922.5,529.1,3909,70,1_back,mst_284_B_l2.png
L,31465782,31466124,343,941.8,548.3,4108,70,1_back,mst_284_B_l2.png
L,31466156,31466435,280,882.6,539.9,4315,71,1_back,mst_128_A_l1.png
L,31466455,31466665,211,949,543.3,4317,71,1_back,mst_128_A_l1.png
L,31466687,31466909,223,922.5,539.9,4415,71,1_back,mst_128_A_l1.png
L,31466939,31467719,781,951,541.7,4477,71,1_back,mst_128_A_l1.png
L,31467731,31467918,188,970.8,515.6,4012,71,1_back,mst_128_A_l1.png
L,31467941,31468404,464,922.7,529.6,4212,71,1_back,mst_128_A_l1.png
L,31468421,31469591,1171,952.4,534.3,4425,72,1_back,mst_128_B_l1.png
L,31469611,31469799,189,1008.1,512.2,4066,72,1_back,mst_128_B_l1.png
L,31469823,31470606,784,959.6,534.1,4179,73,1_back,mst_055_A_l1.png
L,31470630,31471694,1065,972.5,562.9,4473,73,1_back,mst_055_A_l1.png
L,31471714,31471802,89,967.1,536.3,3882,73,1_back,mst_055_A_l1.png
L,31472005,31472248,244,971.6,517.4,3795,73,1_back,mst_055_A_l1.png
L,31472265,31473514,1250,955.7,519,3982,74,1_back,mst_055_B_l1.png
L,31473533,31473981,449,997.8,546.6,3940,74,1_back,mst_055_B_l1.png
L,31474004,31474203,200,944.7,505.5,3811,74,1_back,mst_055_B_l1.png
L,31474221,31474415,195,991,516.3,3892,74,1_back,mst_055_B_l1.png
L,31474427,31475037,611,1011.3,549.7,4089,75,1_back,mst_101_A_l1.png
L,31475056,31475725,670,965.6,541.1,4223,75,1_back,mst_101_A_l1.png
L,31475749,31476009,261,1017.9,574.1,4103,75,1_back,mst_101_A_l1.png
L,31476031,31476291,261,955.7,523.3,3859,75,1_back,mst_101_A_l1.png
L,31476302,31476455,154,980.1,529.4,3784,75,1_back,mst_101_A_l1.png
L,31476480,31476688,209,1033.4,624.6,3796,75,1_back,mst_101_A_l1.png
L,31476712,31477256,545,1008,548,3848,76,1_back,mst_219_A_l2.png
L,31477269,31478480,1212,984.8,542.1,4330,76,1_back,mst_219_A_l2.png
L,31478699,31478935,237,927.7,476.1,3688,76,1_back,mst_219_A_l2.png
L,31478951,31479746,796,985.7,459.3,3796,77,1_back,mst_193_A_l2.png
L,31479764,31480026,263,977.8,496.2,4297,77,1_back,mst_193_A_l2.png
L,31480046,31482567,2522,980.9,527.6,4377,78,1_back,mst_026_A_l1.png
L,31482584,31482616,33,943,518.4,4453,78,1_back,mst_026_A_l1.png
L,31482835,31483480,646,956.5,487.8,3742,78,1_back,mst_026_A_l1.png
L,31483496,31483790,295,997.3,507.6,3726,79,1_back,mst_026_B_l1.png
L,31483808,31485121,1314,955.1,511.9,4073,79,1_back,mst_026_B_l1.png
L,31485135,31485364,230,999.8,535.1,4075,79,1_back,mst_026_B_l1.png
L,31485385,31485630,246,959.9,525.7,4275,79,1_back,mst_026_B_l1.png
L,31485650,31485866,217,977.6,524.5,4287,79,1_back,mst_026_B_l1.png
L,31485886,31486373,488,949.2,514.7,3858,80,1_back,mst_075_B_l1.png
L,31486558,31486956,399,949.1,527.4,3820,80,1_back,mst_075_B_l1.png
L,31486975,31487648,674,984.2,536.3,4159,80,1_back,mst_075_B_l1.png
L,31487670,31488627,958,927.8,546.3,4540,81,1_back,mst_199_B_l2.png
L,31488647,31490052,1406,976.2,535.7,4243,81,1_back,mst_199_B_l2.png
L,31490274,31492044,1771,957.9,506.7,3519,82,1_back,mst_059_A_l1.png
L,31492255,31492521,267,979.1,514.9,3712,82,1_back,mst_059_A_l1.png
L,31492541,31492820,280,971.2,548,3819,82,1_back,mst_059_A_l1.png
L,31492839,31493408,570,940.1,523.5,3775,83,1_back,mst_059_B_l1.png
L,31493440,31494318,879,964.8,531.7,4254,83,1_back,mst_059_B_l1.png
L,31494338,31494950,613,973.3,534.6,3825,83,1_back,mst_059_B_l1.png
L,31494966,31496761,1796,975.8,520.1,4048,84,1_back,mst_256_A_foil.png
L,31497009,31497028,20,972.8,496.9,3599,84,1_back,mst_256_A_foil.png
L,31497047,31497372,326,987.5,525.4,3718,84,1_back,mst_256_A_foil.png
L,31497381,31498420,1040,953.9,513.7,3655,85,1_back,mst_256_A_foil.png
L,31498444,31499158,715,990.5,535.3,4197,85,1_back,mst_256_A_foil.png
L,31499177,31499437,261,926.3,522.6,3733,85,1_back,mst_256_A_foil.png
L,31499453,31500488,1036,967.3,536.9,4100,86,1_back,mst_077_A_l1.png
L,31500508,31501257,750,988.1,538.2,4252,86,1_back,mst_077_A_l1.png
L,31501280,31501856,577,962.3,481.5,3998,86,1_back,mst_077_A_l1.png
L,31501878,31502484,607,1027.8,551.1,4111,87,1_back,mst_017_B_l1.png
L,31502500,31503073,574,1002.2,545.6,4141,87,1_back,mst_017_B_l1.png
L,31503369,31505161,1793,987.5,523.2,4045,88,1_back,mst_077_B_l1.png
L,31505177,31505406,230,928.4,507.8,3867,88,1_back,mst_077_B_l1.png
L,31505422,31505772,351,956.5,465.7,3793,88,1_back,mst_077_B_l1.png
L,31505791,31506419,629,1010.4,518.4,3937,89,1_back,mst_229_A_l2.png
L,31506427,31507832,1406,981.5,534.8,4215,89,1_back,mst_229_A_l2.png
L,31507856,31508937,1082,985.1,493.3,4350,90,1_back,mst_229_B_l2.png
L,31508960,31509771,812,957.9,510.1,4430,90,1_back,mst_229_B_l2.png
L,31509788,31510075,288,1003.5,488.5,3809,90,1_back,mst_229_B_l2.png
L,31510092,31510528,437,964.7,499,4084,90,1_back,mst_229_B_l2.png
L,31510541,31510946,406,992.5,492.1,4248,91,1_back,mst_124_B_l1.png
L,31510967,31511736,770,989.1,521,4538,91,1_back,mst_124_B_l1.png
L,31511762,31511957,196,954.3,452.1,4512,91,1_back,mst_124_B_l1.png
L,31511974,31512049,76,971.8,400.7,4019,91,1_back,mst_124_B_l1.png
L,31512286,31512516,231,1001.7,381.3,3801,91,1_back,mst_124_B_l1.png
L,31512527,31512561,35,976.4,394.1,3903,91,1_back,mst_124_B_l1.png
L,31512859,31513062,204,992.6,432.1,3764,92,1_back,mst_566_A_foil.png
L,31513070,31513255,186,952.6,443,3955,92,1_back,mst_566_A_foil.png
L,31513273,31513444,172,993.1,480.1,3879,92,1_back,mst_566_A_foil.png
L,31513451,31514184,734,972.9,481.2,3931,92,1_back,mst_566_A_foil.png
L,31514199,31514502,304,961.5,503.1,3922,92,1_back,mst_566_A_foil.png
L,31514513,31514743,231,994.3,498.7,3938,92,1_back,mst_566_A_foil.png
L,31514757,31515097,341,965.9,476.4,3935,92,1_back,mst_566_A_foil.png
L,31515140,31515295,156,987.6,584.5,3999,92,1_back,mst_566_A_foil.png
L,31515307,31515639,333,1010.3,562.5,3934,93,1_back,mst_566_A_foil.png
L,31515651,31515839,189,988.1,532.6,3849,93,1_back,mst_566_A_foil.png
L,31515847,31516351,505,983.4,518.4,3975,93,1_back,mst_566_A_foil.png
L,31516365,31516768,404,979.2,540.7,3994,93,1_back,mst_566_A_foil.png
L,31516784,31517726,943,1007.3,549.8,4232,94,1_back,mst_112_A_l1.png
L,31517752,31518706,955,974.9,525.2,4389,94,1_back,mst_112_A_l1.png
L,31518716,31519199,484,972.9,541.6,3902,94,1_back,mst_112_A_l1.png
L,31519418,31519609,192,933.7,495.3,3640,94,1_back,mst_112_A_l1.png
L,31519629,31520043,415,989.1,558.3,3883,95,1_back,mst_112_B_l1.png
L,31520061,31521039,979,969,545.2,4360,95,1_back,mst_112_B_l1.png
L,31521059,31521295,237,1035.8,560.1,4061,95,1_back,mst_112_B_l1.png
L,31521319,31523119,1801,961.5,552.2,4298,96,1_back,mst_013_B_l1.png
L,31523141,31523312,172,994.6,548.2,4345,96,1_back,mst_013_B_l1.png
L,31523563,31523582,20,959.8,527.3,4150,96,1_back,mst_013_B_l1.png
L,31523588,31523931,344,970,545,4241,96,1_back,mst_013_B_l1.png
L,31523947,31524336,390,1004.1,538,4032,97,1_back,mst_123_A_l1.png
L,31524358,31524546,189,952.7,527.3,3758,97,1_back,mst_123_A_l1.png
L,31524554,31525171,618,977.8,534.4,3792,97,1_back,mst_123_A_l1.png
L,31525192,31525373,182,954.6,547.7,4319,97,1_back,mst_123_A_l1.png
L,31525394,31525560,167,985.6,558.4,4134,97,1_back,mst_123_A_l1.png
L,31525793,31526863,1071,973.2,555.4,3627,98,1_back,mst_123_B_l1.png
L,31526883,31527898,1016,968.4,527.7,4298,98,1_back,mst_123_B_l1.png
L,31527920,31528621,702,974.5,574.5,4192,98,1_back,mst_123_B_l1.png
L,31528639,31528853,215,993.9,516.2,4617,99,1_back,mst_225_A_l2.png
L,31528885,31529084,200,949,522.6,4667,99,1_back,mst_225_A_l2.png
L,31529104,31529314,211,976.9,539.7,4619,99,1_back,mst_225_A_l2.png
L,31529336,31529912,577,980.9,536.4,4789,99,1_back,mst_225_A_l2.png
L,31529936,31530142,207,959.1,555.1,5023,99,1_back,mst_225_A_l2.png
L,31530182,31530388,207,984.2,632.9,4476,99,1_back,mst_225_A_l2.png
L,31530425,31530657,233,923.2,471.5,4080,99,1_back,mst_225_A_l2.png
L,31530683,31530947,265,1086,454.6,4037,99,1_back,mst_225_A_l2.png
L,31530968,31531324,357,1020.7,464.8,4161,99,1_back,mst_225_A_l2.png
L,31531358,31531578,221,1001.5,558.6,4228,100,1_back,mst_225_B_l2.png
L,31531592,31531970,379,988.4,523.7,4313,100,1_back,mst_225_B_l2.png
L,31531992,31532924,933,969.6,524.9,4307,100,1_back,mst_225_B_l2.png
L,31533185,31533642,458,1005.1,528.7,3977,100,1_back,mst_225_B_l2.png
L,31533657,31533935,279,1026.8,565.9,4077,101,1_back,mst_669_A_foil.png
L,31533954,31534156,203,985.7,537.4,4102,101,1_back,mst_669_A_foil.png
L,31534177,31534361,185,965.8,533.4,4254,101,1_back,mst_669_A_foil.png
L,31534395,31534753,359,1002.8,547.8,4577,101,1_back,mst_669_A_foil.png
L,31534774,31535594,821,1064.6,555.3,3978,101,1_back,mst_669_A_foil.png
L,31535611,31536239,629,1085.5,557.7,4027,102,1_back,mst_669_A_foil.png
L,31536258,31536434,177,1028.5,540.3,4086,102,1_back,mst_669_A_foil.png
L,31536467,31536733,267,956.2,546.7,4205,102,1_back,mst_669_A_foil.png
L,31536765,31537205,441,989.1,547.8,4546,102,1_back,mst_669_A_foil.png
L,31537231,31537738,508,1059.9,573,4059,102,1_back,mst_669_A_foil.png
L,31537757,31538128,372,1069.1,580,4121,102,1_back,mst_669_A_foil.png
L,31538165,31538372,208,968.4,550.7,4450,102,1_back,mst_669_A_foil.png
L,31538398,31538610,213,1062.1,572.4,4411,103,1_back,mst_108_A_l1.png
L,31538867,31538928,62,1050.5,551.5,4036,103,1_back,mst_108_A_l1.png
L,31538953,31539673,721,987.1,548.3,4366,103,1_back,mst_108_A_l1.png
L,31539692,31539862,171,1051.1,537.4,4179,103,1_back,mst_108_A_l1.png
L,31539882,31540337,456,1005.7,497,4143,103,1_back,mst_108_A_l1.png
L,31540351,31540556,206,966.8,504.2,3982,103,1_back,mst_108_A_l1.png
L,31540577,31540944,368,1003.6,513.2,3903,104,1_back,mst_108_B_l1.png
L,31540963,31542147,1185,992.7,536,4224,104,1_back,mst_108_B_l1.png
L,31542169,31542617,449,1053.6,551.5,4027,104,1_back,mst_108_B_l1.png
L,31542640,31542939,300,1006.3,548.5,4192,104,1_back,mst_108_B_l1.png
L,31542962,31543133,172,1035.4,516.6,4259,104,1_back,mst_108_B_l1.png
L,31543152,31543468,317,1029.8,474.1,4397,105,1_back,mst_164_A_l1.png
L,31543678,31544222,545,983.1,507.4,4456,105,1_back,mst_164_A_l1.png
L,31544243,31544441,199,962.1,486,4080,105,1_back,mst_164_A_l1.png
L,31544472,31544973,502,990.9,368.6,3780,105,1_back,mst_164_A_l1.png
L,31545016,31545130,115,961.7,456.9,3847,105,1_back,mst_164_A_l1.png
L,31545159,31545366,208,966.8,583.3,3949,105,1_back,mst_164_A_l1.png
L,31545388,31545792,405,971.3,478.3,3851,106,1_back,mst_306_B_l2.png
L,31545813,31546755,943,972.3,509.5,4352,106,1_back,mst_306_B_l2.png
L,31546776,31546971,196,993.3,532.2,4405,106,1_back,mst_306_B_l2.png
L,31546989,31547802,814,961.6,520.6,4497,106,1_back,mst_306_B_l2.png
L,31547829,31547997,169,967.2,570.8,4626,107,1_back,mst_629_A_foil.png
L,31548020,31548228,209,916,543.8,4703,107,1_back,mst_629_A_foil.png
L,31548244,31548863,620,948,523.3,4708,107,1_back,mst_629_A_foil.png
L,31548880,31549465,586,991.8,527.1,4188,107,1_back,mst_629_A_foil.png
L,31549475,31549708,234,1012.7,516,4040,107,1_back,mst_629_A_foil.png
L,31549728,31549881,154,976.4,583.3,4079,107,1_back,mst_629_A_foil.png
L,31550091,31550314,224,1017.5,630.1,3994,108,1_back,mst_629_A_foil.png
L,31550341,31551052,712,961.7,540.5,4273,108,1_back,mst_629_A_foil.png
L,31551083,31551555,473,1005,518.5,4137,108,1_back,mst_629_A_foil.png
L,31551608,31551863,256,1028.4,656.6,4160,108,1_back,mst_629_A_foil.png
L,31551886,31552424,539,986,647.2,4236,109,1_back,mst_157_A_l1.png
L,31552437,31553464,1028,969.8,569.9,4684,109,1_back,mst_157_A_l1.png
L,31553484,31553885,402,993.6,538.8,4221,109,1_back,mst_157_A_l1.png
L,31553906,31554087,182,914.4,520.7,3882,109,1_back,mst_157_A_l1.png
L,31554095,31554338,244,897.5,505.2,3854,109,1_back,mst_157_A_l1.png
L,31554360,31555861,1502,975.8,547.4,4162,110,1_back,mst_440_A_foil.png
L,31555877,31556075,199,965.5,564,4218,110,1_back,mst_440_A_foil.png
L,31556110,31556469,360,928.3,447.5,4081,110,1_back,mst_440_A_foil.png
L,31556492,31556746,255,1004.8,457.8,3939,110,1_back,mst_440_A_foil.png
L,31556773,31556928,156,1028.6,612.6,3953,110,1_back,mst_440_A_foil.png
L,31556968,31557271,304,865.3,438.2,3986,111,1_back,mst_440_A_foil.png
L,31557296,31558289,994,978.9,531.5,4452,111,1_back,mst_440_A_foil.png
L,31558313,31558491,179,886.9,466.6,4251,111,1_back,mst_440_A_foil.png
L,31558518,31558776,259,870.4,426.4,4125,111,1_back,mst_440_A_foil.png
L,31558795,31559319,525,869.6,449.4,4115,111,1_back,mst_440_A_foil.png
L,31559342,31560256,915,957.6,521.9,4290,112,1_back,mst_287_B_l2.png
L,31560275,31560421,147,1001.3,556.4,4256,112,1_back,mst_287_B_l2.png
L,31560725,31561109,385,1008.7,541.7,3955,112,1_back,mst_287_B_l2.png
L,31561128,31561519,392,1003.5,582.2,3745,113,1_back,mst_173_B_l1.png
L,31561535,31562362,828,975,539.2,3944,113,1_back,mst_173_B_l1.png
L,31562386,31562586,201,921.6,538.4,4155,113,1_back,mst_173_B_l1.png
L,31562601,31563178,578,900.7,504,3775,113,1_back,mst_173_B_l1.png
L,31563488,31563563,76,922.8,476.9,3696,113,1_back,mst_173_B_l1.png
L,31563577,31563768,192,892.7,492.6,3886,114,1_back,mst_194_A_l2.png
L,31563789,31563953,165,949.7,514.8,3823,114,1_back,mst_194_A_l2.png
L,31563964,31564120,157,979.7,512.6,3676,114,1_back,mst_194_A_l2.png
L,31564136,31564630,495,956.8,531,3956,114,1_back,mst_194_A_l2.png
L,31564650,31564865,216,1013.9,529.3,3872,114,1_back,mst_194_A_l2.png
L,31564882,31565436,555,977.5,516.3,3752,114,1_back,mst_194_A_l2.png
L,31565703,31565979,277,979.3,496.2,4008,115,1_back,mst_074_B_l1.png
L,31565995,31566178,184,989.6,523.8,4044,115,1_back,mst_074_B_l1.png
L,31566196,31566515,320,953.2,526.9,3997,115,1_back,mst_074_B_l1.png
L,31566538,31566999,462,999.1,540.6,4188,115,1_back,mst_074_B_l1.png
L,31567021,31567140,120,1032.6,513.1,3923,115,1_back,mst_074_B_l1.png
L,31567409,31567555,147,980.9,486.2,3811,115,1_back,mst_074_B_l1.png
L,31567573,31567748,176,1025.3,524.7,3982,115,1_back,mst_074_B_l1.png
L,31567755,31568071,317,1000.6,519.4,3837,115,1_back,mst_074_B_l1.png
L,31568350,31568416,67,965.7,483.4,3809,116,1_back,mst_601_A_foil.png
L,31568422,31568488,67,973.6,489.3,3889,116,1_back,mst_601_A_foil.png
L,31568506,31569178,673,991.2,530.9,4089,116,1_back,mst_601_A_foil.png
L,31569196,31569330,135,957.5,542.8,3935,116,1_back,mst_601_A_foil.png
L,31569545,31569952,408,946.4,533.7,3859,116,1_back,mst_601_A_foil.png
L,31569971,31570332,362,1012.6,549.9,3942,116,1_back,mst_601_A_foil.png
L,31570348,31570491,144,967.7,551.1,4004,117,1_back,mst_601_A_foil.png
L,31570752,31570828,77,955.9,512.9,4066,117,1_back,mst_601_A_foil.png
L,31570836,31570915,80,960.8,520.9,4180,117,1_back,mst_601_A_foil.png
L,31570950,31571873,924,982.9,554.6,4181,117,1_back,mst_601_A_foil.png
L,31571890,31572038,149,1038.7,566.3,4135,117,1_back,mst_601_A_foil.png
L,31572058,31572364,307,981.9,559.2,4319,117,1_back,mst_601_A_foil.png
L,31572383,31572932,550,945,554.7,4251,118,1_back,mst_349_A_l2.png
L,31572947,31573161,215,980.3,556.3,4262,118,1_back,mst_349_A_l2.png
L,31573183,31573421,239,943.1,565.4,4488,118,1_back,mst_349_A_l2.png
L,31573453,31573659,207,987,574.8,4406,118,1_back,mst_349_A_l2.png
L,31573672,31573901,230,961.5,552.1,4017,118,1_back,mst_349_A_l2.png
L,31573910,31574321,412,984,549.2,4093,118,1_back,mst_349_A_l2.png
L,31574340,31575695,1356,973.4,555.5,4377,119,1_back,mst_349_B_l2.png
L,31575722,31576026,305,1075.5,556.2,4362,119,1_back,mst_349_B_l2.png
L,31576048,31576651,604,997.1,544.9,3966,119,1_back,mst_349_B_l2.png
L,31576848,31579003,2156,972.8,544.1,4429,120,1_back,mst_201_A_l2.png
L,31579028,31579569,542,919.9,532.7,4453,121,1_back,mst_201_B_l2.png
L,31579589,31579806,218,983.1,525.5,4341,121,1_back,mst_201_B_l2.png
L,31579829,31580151,323,951.4,532.8,4539,121,1_back,mst_201_B_l2.png
L,31580176,31580551,376,1045.2,561.9,4196,121,1_back,mst_201_B_l2.png
L,31580573,31580724,152,934.6,556.2,3959,121,1_back,mst_201_B_l2.png
L,31580749,31580938,190,1053.8,581.7,4043,121,1_back,mst_201_B_l2.png
L,31581145,31581362,218,1036.8,532.8,4011,121,1_back,mst_201_B_l2.png
L,31581385,31582659,1275,948.5,543.2,4259,122,1_back,mst_299_A_l2.png
L,31582680,31583118,439,1038.8,557.8,4047,122,1_back,mst_299_A_l2.png
L,31583159,31583794,636,939.4,519.5,3890,123,1_back,mst_299_B_l2.png
L,31583811,31584010,200,998.7,531.1,4037,123,1_back,mst_299_B_l2.png
L,31584022,31584295,274,960.9,534.9,4257,123,1_back,mst_299_B_l2.png
L,31584313,31584494,182,1010.6,537.4,4495,123,1_back,mst_299_B_l2.png
L,31584513,31585405,893,968.8,533.1,4360,123,1_back,mst_299_B_l2.png
L,31585419,31585702,284,1028.2,514.5,3879,123,1_back,mst_299_B_l2.png
L,31585722,31585930,209,957.1,520.1,4082,123,1_back,mst_299_B_l2.png
L,31585950,31586183,234,874,502.6,4208,124,1_back,mst_208_A_l2.png
L,31586208,31586414,207,1015.1,516.4,4305,124,1_back,mst_208_A_l2.png
L,31586433,31586585,153,968.8,524.8,4280,124,1_back,mst_208_A_l2.png
L,31586848,31587043,196,967.8,521,4459,124,1_back,mst_208_A_l2.png
L,31587059,31587330,272,996,534.2,4470,124,1_back,mst_208_A_l2.png
L,31587341,31587524,184,971,533.8,4183,124,1_back,mst_208_A_l2.png
L,31587548,31587711,164,1055.3,580.9,3971,124,1_back,mst_208_A_l2.png
L,31587727,31587946,220,1077.9,630.2,3954,124,1_back,mst_208_A_l2.png
L,31587967,31588149,183,1017.5,593.7,3961,124,1_back,mst_208_A_l2.png
L,31588164,31588321,158,1029.7,621.2,3927,124,1_back,mst_208_A_l2.png
L,31588343,31588578,236,1136,641.5,3957,124,1_back,mst_208_A_l2.png
L,31588591,31588852,262,1105.9,631.4,3937,125,1_back,mst_265_B_l2.png
L,31588875,31589823,949,1012.8,590.9,4132,125,1_back,mst_265_B_l2.png
L,31589845,31589959,115,958.1,536.7,3966,125,1_back,mst_265_B_l2.png
L,31590199,31590502,304,953.1,468.6,3522,125,1_back,mst_265_B_l2.png
L,31590516,31590830,315,996.3,484,3643,125,1_back,mst_265_B_l2.png
L,31590851,31591044,194,951.2,484,3650,126,1_back,mst_540_A_foil.png
L,31591058,31591228,171,985.4,491.5,3717,126,1_back,mst_540_A_foil.png
L,31591237,31591408,172,965.1,498.9,3746,126,1_back,mst_540_A_foil.png
L,31591422,31592182,761,992.8,515.6,4007,126,1_back,mst_540_A_foil.png
L,31592199,31592514,316,1051.9,524.4,4150,126,1_back,mst_540_A_foil.png
L,31592537,31592798,262,997,525.6,4265,126,1_back,mst_540_A_foil.png
L,31592812,31593550,739,1005.7,523.6,4418,127,1_back,mst_540_A_foil.png
L,31593573,31594203,631,965.7,544,4645,127,1_back,mst_540_A_foil.png
L,31594227,31595003,777,1022.5,541.2,4320,127,1_back,mst_540_A_foil.png
L,31595012,31595811,800,993.8,549.3,4805,128,1_back,mst_063_A_foil.png
L,31595835,31596081,247,952.1,560.4,5084,128,1_back,mst_063_A_foil.png
L,31596102,31596553,452,972.7,562.2,5247,128,1_back,mst_063_A_foil.png
L,31596566,31596925,360,958.4,563.8,4524,128,1_back,mst_063_A_foil.png
L,31596936,31597182,247,925.5,544.3,4251,128,1_back,mst_063_A_foil.png
L,31597211,31597540,330,1005.3,580.4,4402,128,1_back,mst_063_A_foil.png
L,31597560,31598912,1353,979,530,4655,129,1_back,mst_063_A_foil.png
L,31598933,31599124,192,947.1,537.5,4187,129,1_back,mst_063_A_foil.png
L,31599147,31599326,180,883.5,532.4,4212,129,1_back,mst_063_A_foil.png
L,31599345,31600045,701,884.5,493.5,4237,130,1_back,mst_311_A_foil.png
L,31600069,31600689,621,946.3,519.6,4600,130,1_back,mst_311_A_foil.png
L,31600712,31600809,98,1012.2,562.1,4804,130,1_back,mst_311_A_foil.png
L,31601055,31603424,2370,949.1,515.2,4709,131,1_back,mst_311_A_foil.png
L,31603442,31604641,1200,990.9,558.9,4936,132,1_back,mst_356_A_l2.png
L,31604672,31606887,2216,973.6,547.3,5120,133,1_back,mst_002_A_l1.png
L,31606906,31608522,1617,978.1,523.8,5300,133,1_back,mst_002_A_l1.png
L,31608823,31609132,310,957.3,513.2,5269,134,1_back,mst_002_B_l1.png
L,31609153,31614031,4879,970.4,537.2,4975,136,1_back,mst_264_A_l2.png
L,31614050,31615336,1287,961.8,524.3,5003,136,1_back,mst_264_A_l2.png
L,31615363,31615584,222,981,518.1,4590,136,1_back,mst_264_A_l2.png
L,31615606,31615737,132,945,515.4,4742,136,1_back,mst_264_A_l2.png
L,31616000,31616077,78,987.3,553.9,4598,136,1_back,mst_264_A_l2.png
L,31616096,31617175,1080,960.7,517.2,4616,137,1_back,mst_264_B_l2.png
L,31617198,31617372,175,1069.7,560.5,4109,137,1_back,mst_264_B_l2.png
L,31617397,31618005,609,913.9,524.7,4129,137,1_back,mst_264_B_l2.png
L,31618261,31618379,119,939.8,486.8,4079,138,1_back,mst_337_A_foil.png
L,31618390,31618705,316,929.8,519.3,4151,138,1_back,mst_337_A_foil.png
L,31618738,31619031,294,940.4,529,4357,138,1_back,mst_337_A_foil.png
L,31619056,31619594,539,1059.9,557.4,4122,138,1_back,mst_337_A_foil.png
L,31619611,31619919,309,1094.6,589.8,3918,138,1_back,mst_337_A_foil.png
L,31619937,31620246,310,1036.9,562.7,3814,139,1_back,mst_337_A_foil.png
L,31620268,31620642,375,940.3,524.1,4006,139,1_back,mst_337_A_foil.png
L,31620663,31621316,654,978.3,538.5,4528,139,1_back,mst_337_A_foil.png
L,31621341,31621796,456,1062.8,563.6,4322,139,1_back,mst_337_A_foil.png
L,31621817,31622019,203,1045.2,550.1,4147,139,1_back,mst_337_A_foil.png
L,31622046,31622732,687,921.3,528.8,4267,140,1_back,mst_282_B_l2.png
L,31622761,31623990,1230,958.3,535.7,4707,140,1_back,mst_282_B_l2.png
L,31624012,31625118,1107,1040.9,557.4,4177,141,1_back,mst_053_A_l1.png
L,31625144,31625367,224,986.5,548.7,4500,141,1_back,mst_053_A_l1.png
L,31625376,31626291,916,987.7,542.8,4736,141,1_back,mst_053_A_l1.png
L,31626312,31626425,114,1022,540.2,4538,141,1_back,mst_053_A_l1.png
L,31626438,31626472,35,994.3,538.1,4411,141,1_back,mst_053_A_l1.png
L,31626748,31627045,298,993.9,532.4,4187,141,1_back,mst_053_A_l1.png
L,31627060,31627154,95,956.2,546.5,4287,141,1_back,mst_053_A_l1.png
L,31627168,31627294,127,911.8,550.6,4213,141,1_back,mst_053_A_l1.png
L,31627313,31627678,366,992.6,548.9,4084,142,1_back,mst_208_B_l2.png
L,31627694,31627952,259,960.2,542.9,4006,142,1_back,mst_208_B_l2.png
L,31627974,31628726,753,997.8,547.5,4366,142,1_back,mst_208_B_l2.png
L,31628746,31629192,447,909.9,510.8,4015,142,1_back,mst_208_B_l2.png
L,31629214,31629250,37,877.7,526.8,4117,142,1_back,mst_208_B_l2.png
L,31629274,31629402,129,932.3,585.3,4124,142,1_back,mst_208_B_l2.png
L,31629425,31629665,241,883,604.6,4132,142,1_back,mst_208_B_l2.png
L,31629687,31629997,311,912.8,606.6,4086,143,1_back,mst_355_B_l2.png
L,31630014,31630224,211,947.6,578.5,4008,143,1_back,mst_355_B_l2.png
L,31630242,31630491,250,976.4,547.7,4129,143,1_back,mst_355_B_l2.png
L,31630514,31630700,187,1091.7,479,4098,143,1_back,mst_355_B_l2.png
L,31630722,31631940,1219,1115,442.5,4114,144,1_back,mst_352_A_l2.png
L,31631970,31632580,611,1020.3,482.3,4664,144,1_back,mst_352_A_l2.png
L,31632604,31632891,288,971.9,514.9,4405,144,1_back,mst_352_A_l2.png
L,31632906,31633131,226,1010.9,507.5,3949,144,1_back,mst_352_A_l2.png
L,31633143,31633307,165,980.4,483.2,3963,144,1_back,mst_352_A_l2.png
L,31633320,31634838,1519,1000,502.5,4323,145,1_back,mst_352_B_l2.png
L,31634849,31635035,187,1002.9,513.2,4608,145,1_back,mst_352_B_l2.png
L,31635291,31635774,484,991.4,495.5,3741,145,1_back,mst_352_B_l2.png
L,31635789,31636049,261,951.7,477.1,3682,145,1_back,mst_352_B_l2.png
L,31636064,31636370,307,994.8,461.1,3758,146,1_back,mst_021_A_l1.png
L,31636382,31636535,154,959.7,483.7,3934,146,1_back,mst_021_A_l1.png
L,31636550,31637195,646,975.1,507.6,4476,146,1_back,mst_021_A_l1.png
L,31637216,31637428,213,1021.9,523.5,4754,146,1_back,mst_021_A_l1.png
L,31637450,31639641,2192,961.7,525,5139,147,1_back,mst_021_B_l1.png
L,31639662,31640162,501,1062.6,560.8,4777,147,1_back,mst_021_B_l1.png
L,31640184,31640427,244,974,536,5040,147,1_back,mst_021_B_l1.png
L,31640440,31640863,424,990.1,533.3,5299,148,1_back,mst_050_A_l1.png
L,31640886,31641020,135,944.8,538.4,5212,148,1_back,mst_050_A_l1.png
L,31641043,31641307,265,978.6,548.7,5119,148,1_back,mst_050_A_l1.png
L,31641328,31641653,326,946.8,540.2,5289,148,1_back,mst_050_A_l1.png
L,31641675,31642070,396,972,542.4,5264,148,1_back,mst_050_A_l1.png
L,31642344,31642793,450,980.2,504.7,4175,148,1_back,mst_050_A_l1.png
L,31642804,31642995,192,953.1,510.3,4330,148,1_back,mst_050_A_l1.png
L,31643009,31643586,578,980.5,510.5,4572,149,1_back,mst_050_B_l1.png
L,31643607,31644661,1055,963.8,509.7,4636,149,1_back,mst_050_B_l1.png
L,31644678,31644861,184,993.2,476,4844,149,1_back,mst_050_B_l1.png
L,31644892,31645931,1040,965.3,498.6,5028,150,1_back,mst_111_A_foil.png
L,31645947,31646111,165,963.5,508,5298,150,1_back,mst_111_A_foil.png
L,31646133,31646363,231,1001,551.7,4885,150,1_back,mst_111_A_foil.png
L,31646378,31646931,554,973.5,552.8,4204,150,1_back,mst_111_A_foil.png
L,31646949,31647267,319,1033.6,567.8,4212,150,1_back,mst_111_A_foil.png
L,31647285,31647567,283,988.2,552.6,4496,151,1_back,mst_111_A_foil.png
L,31647582,31648810,1229,964.5,541.8,4798,151,1_back,mst_111_A_foil.png
L,31648826,31649192,367,1016.8,554.5,4250,151,1_back,mst_111_A_foil.png
L,31649210,31649457,248,1021.1,580.5,4246,151,1_back,mst_111_A_foil.png
L,31649650,31651194,1545,976.6,543,4305,152,1_back,mst_119_B_l1.png
L,31651209,31651781,573,981.9,533.2,4056,152,1_back,mst_119_B_l1.png
L,31651793,31652038,246,1012.5,525.1,4183,153,1_back,mst_149_A_l1.png
L,31652056,31652555,500,987.7,536.2,4407,153,1_back,mst_149_A_l1.png
L,31652577,31653091,515,960.9,545.3,4706,153,1_back,mst_149_A_l1.png
L,31653103,31653219,117,992.5,552.1,4271,153,1_back,mst_149_A_l1.png
L,31653443,31654061,619,976.9,512.8,4052,153,1_back,mst_149_A_l1.png
L,31654082,31654280,199,1013.1,532.3,4309,154,1_back,mst_149_B_l1.png
L,31654313,31654520,208,967.1,529.8,4440,154,1_back,mst_149_B_l1.png
L,31654541,31654771,231,988,529.4,4455,154,1_back,mst_149_B_l1.png
L,31654797,31655632,836,955.9,530.1,4615,154,1_back,mst_149_B_l1.png
L,31655649,31655800,152,989.7,552.1,3949,154,1_back,mst_149_B_l1.png
L,31656040,31656502,463,970.1,520.6,4230,155,1_back,mst_222_A_l2.png
L,31656510,31657729,1220,977.9,516.9,4444,155,1_back,mst_222_A_l2.png
L,31657746,31657920,175,1006.3,528.4,4697,155,1_back,mst_222_A_l2.png
L,31657935,31658163,229,973.5,515.8,4193,155,1_back,mst_222_A_l2.png
L,31658182,31658652,471,1006.2,523.8,4050,155,1_back,mst_222_A_l2.png
L,31658671,31660193,1523,958.5,530.6,4320,156,1_back,mst_222_B_l2.png
L,31660214,31660496,283,1002.3,538.5,4147,156,1_back,mst_222_B_l2.png
L,31660512,31661461,950,968,535.5,4372,157,1_back,mst_194_B_l2.png
L,31661494,31662093,600,966.3,545.4,4880,157,1_back,mst_194_B_l2.png
L,31662116,31662234,119,1024.8,564.7,4625,157,1_back,mst_194_B_l2.png
L,31662518,31663345,828,1011.8,527.3,4014,158,1_back,mst_356_B_l2.png
L,31663360,31664236,877,984.1,541.5,4286,158,1_back,mst_356_B_l2.png
L,31664255,31664612,358,1053.2,539.6,4025,158,1_back,mst_356_B_l2.png
L,31664632,31665609,978,1024.1,564,4070,159,1_back,mst_062_A_l1.png
L,31665618,31668877,3260,989.4,544.3,4417,160,1_back,mst_062_B_l1.png
L,31668897,31669093,197,945.2,540.4,4398,160,1_back,mst_062_B_l1.png
L,31669114,31669186,73,1029.1,505.8,4535,160,1_back,mst_062_B_l1.png
L,31669441,31672646,3206,982.8,516.1,4540,162,1_back,mst_346_A_l2.png
L,31672665,31673486,822,966.9,532.8,4998,162,1_back,mst_346_A_l2.png
L,31673520,31673733,214,967.9,468.7,4289,162,1_back,mst_346_A_l2.png
L,31673744,31673952,209,970.4,424.5,3941,162,1_back,mst_346_A_l2.png
L,31673960,31674633,674,966.9,414.7,3990,162,1_back,mst_346_A_l2.png
L,31674646,31674742,97,995.7,447.1,4175,163,1_back,mst_346_B_l2.png
L,31674919,31675725,807,963.7,485.5,4154,163,1_back,mst_346_B_l2.png
L,31675745,31676182,438,966.2,417.2,3761,163,1_back,mst_346_B_l2.png
L,31676204,31676477,274,987.2,493.9,4042,163,1_back,mst_346_B_l2.png
L,31676497,31676768,272,959,483,4330,164,1_back,mst_126_B_l1.png
L,31676787,31677254,468,975.1,464.2,4401,164,1_back,mst_126_B_l1.png
L,31677299,31678082,784,982,543.8,4612,164,1_back,mst_126_B_l1.png
L,31678102,31678341,240,928.1,526.6,4078,164,1_back,mst_126_B_l1.png
L,31678360,31678662,303,981.7,534,4067,164,1_back,mst_126_B_l1.png
L,31678683,31678925,243,958.8,547,4286,164,1_back,mst_126_B_l1.png
L,31678942,31680277,1336,981.8,540.1,4340,165,1_back,mst_157_B_l1.png
L,31680552,31680820,269,1019,505.4,4082,165,1_back,mst_157_B_l1.png
L,31680836,31682103,1268,982.8,537,4392,166,1_back,mst_164_B_l1.png
L,31682149,31682346,198,1043.9,446.5,4306,166,1_back,mst_164_B_l1.png
L,31682369,31682616,248,1018.8,451.4,3924,166,1_back,mst_164_B_l1.png
L,31682626,31682788,163,1024.5,481.9,3960,166,1_back,mst_164_B_l1.png
L,31682839,31682983,145,898.6,691,3981,166,1_back,mst_164_B_l1.png
L,31683028,31683537,510,1070.9,431.9,3976,167,1_back,mst_101_B_l1.png
L,31683557,31683719,163,1041.8,467.1,4112,167,1_back,mst_101_B_l1.png
L,31683732,31684594,863,1000.5,492.6,4684,167,1_back,mst_101_B_l1.png
L,31684615,31684731,117,958.4,493.8,4500,167,1_back,mst_101_B_l1.png
L,31685328,31685660,333,1003,489.8,4633,167,1_back,mst_101_B_l1.png
L,31685677,31685852,176,969.4,499.9,4373,168,1_back,mst_257_A_l2.png
L,31685864,31686409,546,992.1,497.6,4160,168,1_back,mst_257_A_l2.png
L,31686418,31686957,540,985.4,503.8,4571,168,1_back,mst_257_A_l2.png
L,31686981,31687916,936,1043.8,552.7,4238,168,1_back,mst_257_A_l2.png
L,31687937,31688139,203,957.8,526.1,4442,168,1_back,mst_257_A_l2.png
L,31688159,31688386,228,981.9,519.4,4487,169,1_back,mst_257_B_l2.png
L,31688393,31688637,245,966.5,515.6,4532,169,1_back,mst_257_B_l2.png
L,31688655,31688790,136,1009.8,525.6,4644,169,1_back,mst_257_B_l2.png
L,31688821,31689484,664,976.2,526,4907,169,1_back,mst_257_B_l2.png
L,31689507,31689918,412,1037.6,573.2,4658,169,1_back,mst_257_B_l2.png
L,31689939,31690177,239,959.3,554.5,4686,169,1_back,mst_257_B_l2.png
L,31690212,31690487,276,963.6,490.9,4471,169,1_back,mst_257_B_l2.png
L,31690496,31690766,271,981.4,490.4,4347,170,1_back,mst_626_A_foil.png
L,31690780,31691466,687,967.1,508,4593,170,1_back,mst_626_A_foil.png
L,31691494,31691721,228,1023.7,555.5,4630,170,1_back,mst_626_A_foil.png
L,31691743,31692033,291,965.9,507.3,4273,170,1_back,mst_626_A_foil.png
L,31692063,31692224,162,1027.5,603.6,4131,170,1_back,mst_626_A_foil.png
L,31692250,31692447,198,1032.7,669,4145,170,1_back,mst_626_A_foil.png
L,31692487,31693847,1361,946.6,499.7,4256,171,1_back,mst_626_A_foil.png
L,31693869,31694178,310,1003.9,527.7,4238,171,1_back,mst_626_A_foil.png
L,31694221,31694382,162,1004.5,575.4,4410,171,1_back,mst_626_A_foil.png
L,31694428,31694602,175,1013.3,670.4,4513,171,1_back,mst_626_A_foil.png
L,31694624,31695124,501,967.6,684.3,4413,172,1_back,mst_193_B_l2.png
L,31695142,31695309,168,976.6,609.6,4398,172,1_back,mst_193_B_l2.png
L,31695322,31698462,3141,957,549.7,4682,173,1_back,mst_295_B_l2.png
L,31698762,31698860,99,937.3,488.2,4544,173,1_back,mst_295_B_l2.png
L,31698871,31699261,391,969.5,519.1,4733,173,1_back,mst_295_B_l2.png
L,31699282,31699631,350,922.4,518.5,4542,174,1_back,mst_469_A_foil.png
L,31699655,31701108,1454,952.9,519.3,5005,174,1_back,mst_469_A_foil.png
L,31701130,31701323,194,971.2,490.8,5290,174,1_back,mst_469_A_foil.png
L,31701345,31701574,230,942.3,473.3,5423,174,1_back,mst_469_A_foil.png
L,31701597,31701872,276,942,456.6,5463,175,1_back,mst_469_A_foil.png
L,31701892,31702072,181,947.6,474.8,5360,175,1_back,mst_469_A_foil.png
L,31702092,31702236,145,959.6,495.6,5363,175,1_back,mst_469_A_foil.png
L,31702251,31702415,165,930.6,503,5353,175,1_back,mst_469_A_foil.png
L,31702433,31703508,1076,972.5,496.1,5297,175,1_back,mst_469_A_foil.png
L,31703828,31704023,196,966.9,539.1,5119,175,1_back,mst_469_A_foil.png
L,31704276,31704530,255,973.3,502.7,4994,176,1_back,mst_053_B_l1.png
L,31704546,31706062,1517,993.9,550.5,4486,176,1_back,mst_053_B_l1.png
L,31706081,31706728,648,959,543.7,4665,177,1_back,mst_276_A_l2.png
L,31706749,31707907,1159,988.6,526.1,4614,177,1_back,mst_276_A_l2.png
L,31708221,31708703,483,977.9,469.9,4226,178,1_back,mst_276_B_l2.png
L,31708713,31708999,287,990.6,493.7,4113,178,1_back,mst_276_B_l2.png
L,31709012,31709140,129,1011.8,514.2,4156,178,1_back,mst_276_B_l2.png
L,31709148,31710104,957,971.5,514.5,4300,178,1_back,mst_276_B_l2.png
L,31710126,31710469,344,1032.3,459.8,3903,178,1_back,mst_276_B_l2.png
L,31710488,31711017,530,968.6,463,3937,179,1_back,mst_083_A_l1.png
L,31711031,31711287,257,965.3,496.8,4008,179,1_back,mst_083_A_l1.png
L,31711307,31711601,295,945.7,515.3,4379,179,1_back,mst_083_A_l1.png
L,31711621,31711804,184,1046.6,552.6,4481,179,1_back,mst_083_A_l1.png
L,31711840,31712292,453,1075.8,618.3,4141,179,1_back,mst_083_A_l1.png
L,31712317,31712662,346,1033.7,566.3,4247,179,1_back,mst_083_A_l1.png
L,31712686,31713232,547,966.1,531,4216,180,1_back,mst_083_B_l1.png
L,31713238,31713589,352,964.1,531.9,4513,180,1_back,mst_083_B_l1.png
L,31713619,31713871,253,997.9,528,4829,180,1_back,mst_083_B_l1.png
L,31713895,31713918,24,1074.8,536.4,4820,180,1_back,mst_083_B_l1.png
L,31714128,31714431,304,1053.9,554.4,4246,180,1_back,mst_083_B_l1.png
L,31714454,31714738,285,1072.1,610.3,4232,180,1_back,mst_083_B_l1.png
L,31714765,31715458,694,906.8,530.6,4050,180,1_back,mst_083_B_l1.png
L,31821905,31823588,1684,941.9,544.8,5598,1,2_back,mst_406_A_foil.png
L,31823608,31823774,167,1006.5,532.1,5378,1,2_back,mst_406_A_foil.png
L,31823795,31824057,263,959.1,537,4658,1,2_back,mst_406_A_foil.png
L,31824072,31824278,207,1021.9,523.2,4411,1,2_back,mst_406_A_foil.png
L,31824296,31825971,1676,942.9,535.1,5099,2,2_back,mst_672_A_foil.png
L,31826141,31826437,297,952.2,575.9,4186,2,2_back,mst_672_A_foil.png
L,31826464,31826779,316,1037.7,498,4033,2,2_back,mst_672_A_foil.png
L,31826803,31829684,2882,956.4,524.5,4562,4,2_back,mst_264_A_l2.png
L,31829704,31830319,616,957.9,542.8,5199,4,2_back,mst_264_A_l2.png
L,31830341,31830777,437,1028.3,584.5,4382,4,2_back,mst_264_A_l2.png
L,31830787,31830958,172,1040.2,596,4265,4,2_back,mst_264_A_l2.png
L,31830979,31832800,1822,945,544.8,4961,5,2_back,mst_235_A_l2.png
L,31832828,31833067,240,1064.8,545.3,4401,5,2_back,mst_235_A_l2.png
L,31833088,31833250,163,983.5,549.6,4355,5,2_back,mst_235_A_l2.png
L,31833262,31833314,53,1005,523.4,4427,5,2_back,mst_235_A_l2.png
L,31833502,31834217,716,981.9,556.4,4703,6,2_back,mst_264_B_l2.png
L,31834228,31834698,471,953.9,563.1,4971,6,2_back,mst_264_B_l2.png
L,31834725,31835124,400,1079.8,587.6,4546,6,2_back,mst_264_B_l2.png
L,31835148,31835383,236,948.6,565.5,4240,6,2_back,mst_264_B_l2.png
L,31835408,31835650,243,1085.4,595.6,4261,6,2_back,mst_264_B_l2.png
L,31835675,31836127,453,1000.9,539.4,4314,7,2_back,mst_044_A_l1.png
L,31836138,31837033,896,977.6,554.7,4658,7,2_back,mst_044_A_l1.png
L,31837055,31837479,425,967.8,464.1,4066,7,2_back,mst_044_A_l1.png
L,31837684,31837875,192,986.9,485.4,4057,7,2_back,mst_044_A_l1.png
L,31837891,31838558,668,964.5,474.7,4157,8,2_back,mst_345_A_l2.png
L,31838578,31841363,2786,959.5,532.5,4559,9,2_back,mst_044_A_l1.png
L,31841382,31841634,253,976.5,482.2,4150,9,2_back,mst_044_A_l1.png
L,31841643,31841890,248,963.3,514.5,3892,9,2_back,mst_044_A_l1.png
L,31841898,31842227,330,984.1,507,3909,9,2_back,mst_044_A_l1.png
L,31842236,31842759,524,955.9,525.3,4081,10,2_back,mst_345_A_l2.png
L,31842766,31844142,1377,970.6,541.1,4602,10,2_back,mst_345_A_l2.png
L,31844151,31844404,254,986,525.6,4422,10,2_back,mst_345_A_l2.png
L,31844419,31845073,655,934.5,539.6,4461,11,2_back,mst_002_A_l1.png
L,31845088,31845322,235,968.1,543.7,4466,11,2_back,mst_002_A_l1.png
L,31845342,31845772,431,958.5,557.8,4530,11,2_back,mst_002_A_l1.png
L,31845787,31846087,301,1001.9,544.8,4185,11,2_back,mst_002_A_l1.png
L,31846098,31846276,179,965,531.7,4048,11,2_back,mst_002_A_l1.png
L,31846482,31848673,2192,956.9,528.8,4348,12,2_back,mst_225_A_l2.png
L,31848692,31849607,916,958.5,508.4,4384,13,2_back,mst_002_A_l1.png
L,31849626,31850777,1152,947.1,519.5,4684,13,2_back,mst_002_A_l1.png
L,31850794,31851107,314,990.4,520,4355,13,2_back,mst_002_A_l1.png
L,31851122,31852973,1852,961.7,535,4692,14,2_back,mst_225_A_l2.png
L,31853008,31853216,209,981.9,663.5,4328,14,2_back,mst_225_A_l2.png
L,31853252,31853983,732,964.1,473.1,4253,15,2_back,mst_062_A_l1.png
L,31853991,31854579,589,965.1,493.9,4417,15,2_back,mst_062_A_l1.png
L,31854594,31854845,252,977.4,536.3,4348,15,2_back,mst_062_A_l1.png
L,31855026,31855277,252,976.7,568.2,3983,15,2_back,mst_062_A_l1.png
L,31855301,31855510,210,1015.2,503.6,3984,15,2_back,mst_062_A_l1.png
L,31855529,31856140,612,985.4,546.2,3953,16,2_back,mst_194_A_l2.png
L,31856156,31856638,483,955.3,532,4283,16,2_back,mst_194_A_l2.png
L,31856650,31856849,200,985.2,536.8,4230,16,2_back,mst_194_A_l2.png
L,31856866,31857311,446,950.7,511.9,3917,16,2_back,mst_194_A_l2.png
L,31857321,31857539,219,982.2,526.1,3990,16,2_back,mst_194_A_l2.png
L,31857560,31857851,292,948.9,526.5,4090,17,2_back,mst_185_A_l2.png
L,31857862,31858111,250,983.2,532.8,4193,17,2_back,mst_185_A_l2.png
L,31858129,31858991,863,951,536.9,4586,17,2_back,mst_185_A_l2.png
L,31859005,31859377,373,987.4,529.2,4132,17,2_back,mst_185_A_l2.png
L,31859395,31859684,290,960.9,508.4,3885,17,2_back,mst_185_A_l2.png
L,31859698,31860030,333,990.8,537.7,4181,17,2_back,mst_185_A_l2.png
L,31860042,31862063,2022,966.2,531,4388,18,2_back,mst_159_A_l1.png
L,31862076,31862429,354,1010.1,539.1,4779,19,2_back,mst_260_A_l2.png
L,31862439,31862851,413,988,536.3,4719,19,2_back,mst_260_A_l2.png
L,31862866,31863733,868,965.1,536.7,4867,19,2_back,mst_260_A_l2.png
L,31863757,31864001,245,973.4,456.8,4162,19,2_back,mst_260_A_l2.png
L,31864205,31864530,326,986.7,435.9,4098,19,2_back,mst_260_A_l2.png
L,31864549,31865139,591,960.7,462.7,4264,20,2_back,mst_334_A_l2.png
L,31865157,31865381,225,970.7,516.4,4446,20,2_back,mst_334_A_l2.png
L,31865392,31866544,1153,966,500,4503,20,2_back,mst_334_A_l2.png
L,31866559,31866770,212,995.8,493.3,4269,20,2_back,mst_334_A_l2.png
L,31866789,31869111,2323,964.4,500.3,4635,21,2_back,mst_128_A_l1.png
L,31869130,31869344,215,1000.4,480.6,5205,21,2_back,mst_128_A_l1.png
L,31869355,31870000,646,969.6,483,5146,22,2_back,mst_334_B_l2.png
L,31870021,31870878,858,969.4,499.6,5071,22,2_back,mst_334_B_l2.png
L,31870902,31871142,241,997,486.5,4151,22,2_back,mst_334_B_l2.png
L,31871161,31871502,342,972.1,502,4240,22,2_back,mst_334_B_l2.png
L,31871526,31871952,427,984.5,503.2,4541,23,2_back,mst_128_B_l1.png
L,31871963,31873204,1242,952.9,507.9,4872,23,2_back,mst_128_B_l1.png
L,31873214,31873603,390,966.7,540.3,4566,23,2_back,mst_128_B_l1.png
L,31873621,31873887,267,936,517.9,4690,23,2_back,mst_128_B_l1.png
L,31873898,31875084,1187,960.9,520.6,4771,24,2_back,mst_092_A_l1.png
L,31875285,31875821,537,959,482.3,4088,24,2_back,mst_092_A_l1.png
L,31875837,31876300,464,983.6,496.9,4064,25,2_back,mst_178_A_l1.png
L,31876313,31876504,192,961.6,499.6,4198,25,2_back,mst_178_A_l1.png
L,31876518,31876956,439,987.4,515.2,4432,25,2_back,mst_178_A_l1.png
L,31876972,31877271,300,945.4,499.7,4265,25,2_back,mst_178_A_l1.png
L,31877282,31877775,494,974.9,501.4,4257,25,2_back,mst_178_A_l1.png
L,31877786,31879564,1779,969.4,504.3,4551,26,2_back,mst_092_A_l1.png
L,31879589,31879702,114,966,470.4,3911,26,2_back,mst_092_A_l1.png
L,31879722,31879959,238,960.9,397,3803,26,2_back,mst_092_A_l1.png
L,31879988,31880795,808,974.6,501.6,3867,27,2_back,mst_178_A_l1.png
L,31880805,31882105,1301,966.9,524.7,4380,27,2_back,mst_178_A_l1.png
L,31882117,31883367,1251,956.8,520.5,4221,28,2_back,mst_124_A_l1.png
L,31883379,31883489,111,994.6,540.7,4243,28,2_back,mst_124_A_l1.png
L,31883500,31883813,314,964.8,537.6,4334,28,2_back,mst_124_A_l1.png
L,31883839,31884052,214,964.4,414.2,3958,28,2_back,mst_124_A_l1.png
L,31884234,31884597,364,956.8,417.2,3603,28,2_back,mst_124_A_l1.png
L,31884606,31885263,658,967.3,425.6,3728,29,2_back,mst_087_A_l1.png
L,31885277,31885898,622,962.2,475.8,4153,29,2_back,mst_087_A_l1.png
L,31885909,31886636,728,986.3,502.6,4088,29,2_back,mst_087_A_l1.png
L,31886647,31888228,1582,961.3,501.7,4522,30,2_back,mst_229_A_l2.png
L,31888241,31888872,632,998,477.1,4069,30,2_back,mst_229_A_l2.png
L,31888885,31889238,354,966.8,486.5,4529,31,2_back,mst_087_B_l1.png
L,31889245,31889783,539,966.9,482.2,4612,31,2_back,mst_087_B_l1.png
L,31889794,31890648,855,955.4,500.1,4850,31,2_back,mst_087_B_l1.png
L,31890667,31890879,213,1011.4,512.6,4079,31,2_back,mst_087_B_l1.png
L,31890897,31891294,398,968.4,513.4,4135,31,2_back,mst_087_B_l1.png
L,31891305,31891687,383,988.1,496.5,4159,32,2_back,mst_229_A_l2.png
L,31891699,31892534,836,963.8,506.8,4706,32,2_back,mst_229_A_l2.png
L,31892551,31893203,653,997.9,506,4288,32,2_back,mst_229_A_l2.png
L,31893226,31893596,371,997,479.8,4478,32,2_back,mst_229_A_l2.png
L,31893609,31894145,537,966.3,482.4,4384,33,2_back,mst_221_A_l2.png
L,31894164,31894513,350,984,495.1,4625,33,2_back,mst_221_A_l2.png
L,31894533,31894743,211,960.2,538,4472,33,2_back,mst_221_A_l2.png
L,31894753,31894921,169,938.7,539.2,4094,33,2_back,mst_221_A_l2.png
L,31895108,31895247,140,958.8,531.5,3871,33,2_back,mst_221_A_l2.png
L,31895258,31896020,763,932.8,510.3,3745,34,2_back,mst_017_A_l1.png
L,31896032,31896258,227,970.1,520.8,3902,34,2_back,mst_017_A_l1.png
L,31896280,31896933,654,950.6,535,4541,34,2_back,mst_017_A_l1.png
L,31896946,31897240,295,972.3,503.2,4365,34,2_back,mst_017_A_l1.png
L,31897251,31897837,587,1006.9,508.4,4268,34,2_back,mst_017_A_l1.png
L,31897856,31898117,262,953,499.7,4547,34,2_back,mst_017_A_l1.png
L,31898134,31898412,279,989,502.5,4598,35,2_back,mst_221_B_l2.png
L,31898422,31899236,815,963.2,506.2,4781,35,2_back,mst_221_B_l2.png
L,31899258,31900015,758,1038.4,507.4,4252,35,2_back,mst_221_B_l2.png
L,31900033,31900683,651,1021.2,513.8,4156,36,2_back,mst_074_A_l1.png
L,31900697,31901608,912,975.7,523.3,4621,36,2_back,mst_074_A_l1.png
L,31901624,31901797,174,1010.7,515.8,4350,36,2_back,mst_074_A_l1.png
L,31902022,31902273,252,1014.7,466.2,4181,36,2_back,mst_074_A_l1.png
L,31902289,31903500,1212,978.2,514.1,4398,37,2_back,mst_355_A_l2.png
L,31903524,31903709,186,877.4,534.4,4552,37,2_back,mst_355_A_l2.png
L,31903719,31904026,308,845.2,518.1,4126,37,2_back,mst_355_A_l2.png
L,31904050,31904288,239,962.7,509.2,3958,37,2_back,mst_355_A_l2.png
L,31904302,31904566,265,924.8,502.2,3885,37,2_back,mst_355_A_l2.png
L,31904580,31906025,1446,961.8,519.9,4411,38,2_back,mst_074_B_l1.png
L,31906045,31906492,448,1016.8,524.5,3999,38,2_back,mst_074_B_l1.png
L,31906502,31908214,1713,974.5,528.9,4370,39,2_back,mst_355_A_l2.png
L,31908241,31908408,168,845.9,528.2,4891,39,2_back,mst_355_A_l2.png
L,31908421,31909177,757,806.8,489.8,4023,39,2_back,mst_355_A_l2.png
L,31909203,31909442,240,917.4,571,4028,39,2_back,mst_355_A_l2.png
L,31909456,31909814,359,958.2,589,4106,40,2_back,mst_255_A_l2.png
L,31909836,31910033,198,948,502.4,4072,40,2_back,mst_255_A_l2.png
L,31910049,31910679,631,977.5,531.5,4390,40,2_back,mst_255_A_l2.png
L,31910692,31910875,184,1011.6,535.5,4153,40,2_back,mst_255_A_l2.png
L,31910890,31910923,34,965.6,495.5,3886,40,2_back,mst_255_A_l2.png
L,31911126,31911305,180,978.7,471.8,3708,40,2_back,mst_255_A_l2.png
L,31911325,31911567,243,1013.8,517.1,3769,40,2_back,mst_255_A_l2.png
L,31911589,31912272,684,973.9,450.1,3733,41,2_back,mst_265_A_l2.png
L,31912284,31913247,964,980.4,503.5,4296,41,2_back,mst_265_A_l2.png
L,31913258,31913514,257,1015.8,480.2,3952,41,2_back,mst_265_A_l2.png
L,31913530,31915284,1755,979.8,502.6,4414,42,2_back,mst_282_A_l2.png
L,31915294,31915724,431,999.5,516.9,4255,42,2_back,mst_282_A_l2.png
L,31915737,31916007,271,977.4,529.8,4581,42,2_back,mst_282_A_l2.png
L,31916020,31916415,396,988.5,500.2,4579,43,2_back,mst_265_A_l2.png
L,31916428,31917352,925,973.5,512.4,4589,43,2_back,mst_265_A_l2.png
L,31917367,31917570,204,1025.1,522,4161,43,2_back,mst_265_A_l2.png
L,31917586,31919223,1638,987,510.5,4620,44,2_back,mst_083_A_l1.png
L,31919240,31919540,301,1036.4,538.1,4544,44,2_back,mst_083_A_l1.png
L,31919553,31919631,79,1013.6,542.2,4367,44,2_back,mst_083_A_l1.png
L,31919655,31919879,225,1068.8,627.1,4372,44,2_back,mst_083_A_l1.png
L,31919904,31920024,121,956.8,515.7,4440,44,2_back,mst_083_A_l1.png
L,31920246,31922015,1770,969.6,502.6,4325,45,2_back,mst_075_A_l1.png
L,31922030,31923369,1340,972.1,511.1,4847,46,2_back,mst_083_B_l1.png
L,31923394,31923603,210,1047.8,550,4578,46,2_back,mst_083_B_l1.png
L,31923621,31924059,439,1070,592.8,4236,46,2_back,mst_083_B_l1.png
L,31924084,31924829,746,992,519.9,4235,47,2_back,mst_075_B_l1.png
L,31924843,31925582,740,957.9,525.3,4665,47,2_back,mst_075_B_l1.png
L,31925602,31926493,892,1010.2,541.7,4527,47,2_back,mst_075_B_l1.png
L,31926508,31927827,1320,959.7,543.6,4636,48,2_back,mst_112_A_l1.png
L,31928076,31928452,377,955.2,507.5,3991,48,2_back,mst_112_A_l1.png
L,31928467,31928807,341,1006.6,512.5,4034,49,2_back,mst_134_A_l1.png
L,31928826,31929102,277,943.7,519.5,4045,49,2_back,mst_134_A_l1.png
L,31929116,31929851,736,961.1,526.1,4458,49,2_back,mst_134_A_l1.png
L,31929871,31930622,752,994.3,508.3,4162,49,2_back,mst_134_A_l1.png
L,31930639,31931075,437,952.6,503.5,4411,50,2_back,mst_112_B_l1.png
L,31931089,31931313,225,981.2,501.8,4522,50,2_back,mst_112_B_l1.png
L,31931327,31932172,846,952.3,519.3,4764,50,2_back,mst_112_B_l1.png
L,31932193,31932448,256,1012.4,527.7,4484,50,2_back,mst_112_B_l1.png
L,31932468,31932793,326,952,528.7,4231,50,2_back,mst_112_B_l1.png
L,31932804,31933589,786,1000.3,524.7,4401,51,2_back,mst_219_A_l2.png
L,31933597,31935108,1512,993.4,540.2,4755,51,2_back,mst_219_A_l2.png
L,31935128,31935323,196,946.3,512.5,4021,51,2_back,mst_219_A_l2.png
L,31935337,31935752,416,945.8,466.9,3939,51,2_back,mst_219_A_l2.png
L,31935766,31936076,311,997.5,471.4,4000,52,2_back,mst_276_A_l2.png
L,31936097,31936198,102,977.1,509.9,4094,52,2_back,mst_276_A_l2.png
L,31936212,31937396,1185,972.1,534.1,4446,52,2_back,mst_276_A_l2.png
L,31937649,31938655,1007,990.9,508.3,4126,53,2_back,mst_059_A_l1.png
L,31938674,31939627,954,978.8,528.4,4674,53,2_back,mst_059_A_l1.png
L,31939639,31939995,357,973.6,550.8,4332,53,2_back,mst_059_A_l1.png
L,31940007,31940641,635,997.1,563.2,4154,53,2_back,mst_059_A_l1.png
L,31940651,31942594,1944,980.6,532.1,4346,54,2_back,mst_276_B_l2.png
L,31942608,31942911,304,965.9,539.7,4304,54,2_back,mst_276_B_l2.png
L,31942924,31943310,387,997.8,529.9,4435,55,2_back,mst_059_A_l1.png
L,31943325,31944132,808,974.7,535.3,4651,55,2_back,mst_059_A_l1.png
L,31944145,31944699,555,1000.8,552.8,4281,55,2_back,mst_059_A_l1.png
L,31944711,31945259,549,974.2,537.5,4375,56,2_back,mst_161_A_l1.png
L,31945277,31946019,743,976.3,539.6,4505,56,2_back,mst_161_A_l1.png
L,31946034,31946179,146,1017.3,563.2,4420,56,2_back,mst_161_A_l1.png
L,31946394,31946740,347,962.9,537.7,3896,56,2_back,mst_161_A_l1.png
L,31946753,31946925,173,1002.2,528.6,3843,56,2_back,mst_161_A_l1.png
L,31946943,31947194,252,925.9,538.3,3840,56,2_back,mst_161_A_l1.png
L,31947209,31948493,1285,974.4,539.7,4398,57,2_back,mst_295_A_l2.png
L,31948513,31948831,319,975,560.6,4207,57,2_back,mst_295_A_l2.png
L,31948849,31948927,79,980.1,615.9,3947,57,2_back,mst_295_A_l2.png
L,31948939,31949102,164,968.1,641.6,3914,57,2_back,mst_295_A_l2.png
L,31949125,31949512,388,986.4,543.4,3852,57,2_back,mst_295_A_l2.png
L,31949527,31950795,1269,971.2,520.1,4150,58,2_back,mst_161_A_l1.png
L,31950810,31951156,347,1021.4,539.4,4142,58,2_back,mst_161_A_l1.png
L,31951178,31951350,173,956.4,538.6,4197,58,2_back,mst_161_A_l1.png
L,31951370,31952133,764,1033.9,562.4,4419,59,2_back,mst_108_A_l1.png
L,31952151,31952326,176,978.8,547,4585,59,2_back,mst_108_A_l1.png
L,31952346,31952919,574,952.9,545.1,4754,59,2_back,mst_108_A_l1.png
L,31952939,31953313,375,1011.7,534.1,4450,59,2_back,mst_108_A_l1.png
L,31953328,31953467,140,1016.3,497.7,4468,59,2_back,mst_108_A_l1.png
L,31953488,31954203,716,1028.9,453.9,4510,60,2_back,mst_311_A_l2.png
L,31954225,31954409,185,1005.2,511.7,4628,60,2_back,mst_311_A_l2.png
L,31954434,31955004,571,955.8,547.6,4776,60,2_back,mst_311_A_l2.png
L,31955022,31955225,204,1010,544.3,4481,60,2_back,mst_311_A_l2.png
L,31955244,31956316,1073,973,536.8,4586,61,2_back,mst_108_B_l1.png
L,31956324,31957199,876,980,541.3,4882,61,2_back,mst_108_B_l1.png
L,31957220,31957514,295,1034.3,556.5,4668,61,2_back,mst_108_B_l1.png
L,31957539,31957694,156,1027.1,476.5,4369,61,2_back,mst_108_B_l1.png
L,31957704,31958229,526,1033.1,459.1,4452,61,2_back,mst_108_B_l1.png
L,31958268,31959790,1523,968.6,546,4845,62,2_back,mst_311_B_l2.png
L,31959811,31960207,397,1030.2,555.3,4538,62,2_back,mst_311_B_l2.png
L,31960226,31960696,471,971,524.4,4468,62,2_back,mst_311_B_l2.png
L,31960707,31960975,269,988.3,537.4,4727,63,2_back,mst_055_A_l1.png
L,31960998,31961297,300,935.7,501.4,4903,63,2_back,mst_055_A_l1.png
L,31961312,31961560,249,964.4,538.2,4868,63,2_back,mst_055_A_l1.png
L,31961581,31961825,245,955.3,527.4,4895,63,2_back,mst_055_A_l1.png
L,31961841,31963982,2142,976.1,534.7,4204,64,2_back,mst_173_A_l1.png
L,31963999,31964196,198,1010,535.9,4551,64,2_back,mst_173_A_l1.png
L,31964435,31964664,230,999.2,502.8,3779,64,2_back,mst_173_A_l1.png
L,31964680,31964979,300,1028.7,512.6,3788,64,2_back,mst_173_A_l1.png
L,31964995,31965750,756,993.9,517.4,3924,65,2_back,mst_055_A_l1.png
L,31965763,31966339,577,966.7,534.8,4480,65,2_back,mst_055_A_l1.png
L,31966359,31967584,1226,997.8,555.1,4100,66,2_back,mst_173_A_l1.png
L,31967600,31967812,213,953.5,526,4266,66,2_back,mst_173_A_l1.png
L,31967819,31968069,251,968.2,532.3,4398,66,2_back,mst_173_A_l1.png
L,31968091,31968690,600,965.4,543,4686,66,2_back,mst_173_A_l1.png
L,31968715,31969238,524,1036.3,524,4252,66,2_back,mst_173_A_l1.png
L,31969255,31969412,158,956.9,536.3,3720,66,2_back,mst_173_A_l1.png
L,31969434,31970302,869,1031.6,497.4,3733,67,2_back,mst_306_A_l2.png
L,31970317,31970567,251,1020.3,512.4,3825,67,2_back,mst_306_A_l2.png
L,31970580,31971408,829,994.1,529.4,4290,67,2_back,mst_306_A_l2.png
L,31971431,31971602,172,922.1,471.8,4281,67,2_back,mst_306_A_l2.png
L,31971824,31971854,31,959.3,454.4,4152,67,2_back,mst_306_A_l2.png
L,31971881,31972298,418,965,575.4,4309,67,2_back,mst_306_A_l2.png
L,31972321,31972815,495,1029.3,542.2,4473,68,2_back,mst_284_A_l2.png
L,31972835,31974215,1381,982.9,528.3,4624,68,2_back,mst_284_A_l2.png
L,31974231,31974613,383,1067.4,525.5,4348,68,2_back,mst_284_A_l2.png
L,31974629,31975130,502,1007.3,523.1,4488,69,2_back,mst_306_B_l2.png
L,31975139,31976014,876,985.6,524.9,4774,69,2_back,mst_306_B_l2.png
L,31976025,31976522,498,964.7,524.2,4769,69,2_back,mst_306_B_l2.png
L,31976546,31976824,279,1023.5,534,5006,69,2_back,mst_306_B_l2.png
L,31976846,31977149,304,969.2,516.8,5146,70,2_back,mst_293_A_l2.png
L,31977173,31977494,322,957.6,566.1,5191,70,2_back,mst_293_A_l2.png
L,31977511,31978165,655,951.7,510.6,5318,70,2_back,mst_293_A_l2.png
L,31978179,31978577,399,978.4,539.7,4764,70,2_back,mst_293_A_l2.png
L,31978810,31978874,65,978.1,490.7,3989,70,2_back,mst_293_A_l2.png
L,31978881,31979231,351,991.2,527.4,4145,70,2_back,mst_293_A_l2.png
L,31979246,31979671,426,949.3,521,4109,71,2_back,mst_266_A_l2.png
L,31979680,31979913,234,980.6,529.4,4169,71,2_back,mst_266_A_l2.png
L,31979921,31980794,874,961.7,541.4,4618,71,2_back,mst_266_A_l2.png
L,31980815,31981675,861,970.7,520.9,3992,71,2_back,mst_266_A_l2.png
L,31981683,31982212,530,956.5,527.7,4366,72,2_back,mst_293_A_l2.png
L,31982219,31983040,822,963.9,529.8,4490,72,2_back,mst_293_A_l2.png
L,31983060,31983306,247,1039.5,556.6,4123,72,2_back,mst_293_A_l2.png
L,31983321,31983548,228,989.5,547.7,4196,72,2_back,mst_293_A_l2.png
L,31983793,31984786,994,985.1,544.1,4402,73,2_back,mst_266_B_l2.png
L,31984809,31985202,394,1032,607.2,4240,73,2_back,mst_266_B_l2.png
L,31985241,31985564,324,974.3,476.7,4152,73,2_back,mst_266_B_l2.png
L,31985582,31985891,310,1000.9,550,4331,73,2_back,mst_266_B_l2.png
L,31985909,31987205,1297,987.9,541.1,4599,74,2_back,mst_050_A_l1.png
L,31987230,31987931,702,983.6,462.2,4056,74,2_back,mst_050_A_l1.png
L,31987943,31989478,1536,977.6,488.8,4375,75,2_back,mst_149_A_l1.png
L,31989488,31989706,219,994.5,505.6,4279,75,2_back,mst_149_A_l1.png
L,31989930,31990250,321,981.2,473.4,4214,75,2_back,mst_149_A_l1.png
L,31990269,31990913,645,1025.2,494.2,4285,76,2_back,mst_349_A_l2.png
L,31990932,31995030,4099,979.7,503.5,4585,77,2_back,mst_217_A_l2.png
L,31995052,31996352,1301,964.6,496.6,4901,78,2_back,mst_208_A_l2.png
L,31996658,31998529,1872,970.4,484,5102,79,2_back,mst_216_A_l2.png
L,31998540,31999503,964,1008.3,506.3,4509,79,2_back,mst_216_A_l2.png
L,31999516,32001464,1949,975.7,505.8,4838,80,2_back,mst_360_A_l2.png
L,32001480,32001813,334,1007.7,502.5,4638,80,2_back,mst_360_A_l2.png
L,32001829,32003487,1659,976.6,511.2,4899,81,2_back,mst_216_A_l2.png
L,32003746,32004129,384,985.5,511.2,4449,81,2_back,mst_216_A_l2.png
L,32004148,32004432,285,981.7,521,4437,82,2_back,mst_360_B_l2.png
L,32004439,32005948,1510,993.1,525.9,4592,82,2_back,mst_360_B_l2.png
L,32005967,32006221,255,986.8,550.7,4180,82,2_back,mst_360_B_l2.png
L,32006240,32006565,326,1034.5,522.5,4132,82,2_back,mst_360_B_l2.png
L,32006585,32007254,670,999,523.5,4010,83,2_back,mst_153_A_l1.png
L,32007266,32007750,485,972.3,529.6,4366,83,2_back,mst_153_A_l1.png
L,32007769,32008187,419,966.1,487.9,4123,83,2_back,mst_153_A_l1.png
L,32008196,32009336,1141,985,502.7,4469,84,2_back,mst_021_A_l1.png
L,32009357,32010101,745,967.8,512.9,4638,84,2_back,mst_021_A_l1.png
L,32010120,32010502,383,997.8,519,4430,84,2_back,mst_021_A_l1.png
L,32010511,32012417,1907,970.4,524.2,4731,85,2_back,mst_153_A_l1.png
L,32012640,32013248,609,990.5,523.2,4625,86,2_back,mst_021_B_l1.png
L,32013267,32013993,727,951.7,514.9,4767,86,2_back,mst_021_B_l1.png
L,32014020,32014272,253,1066.9,532.7,4549,86,2_back,mst_021_B_l1.png
L,32014300,32014452,153,924.3,521.5,4444,86,2_back,mst_021_B_l1.png
L,32014482,32014667,186,1073,534.1,4534,86,2_back,mst_021_B_l1.png
L,32014680,32014822,143,1103.8,561.3,4579,86,2_back,mst_021_B_l1.png
L,32014849,32016318,1470,950.3,522.8,4734,87,2_back,mst_129_A_l1.png
L,32016340,32016558,219,1030.6,556.1,4549,87,2_back,mst_129_A_l1.png
L,32016765,32016921,157,933.2,490.5,3935,87,2_back,mst_129_A_l1.png
L,32016948,32017116,169,1032.3,599.7,3964,87,2_back,mst_129_A_l1.png
L,32017137,32017261,125,1084.3,629.6,3919,87,2_back,mst_129_A_l1.png
L,32017292,32017525,234,941.3,486.3,3823,87,2_back,mst_129_A_l1.png
L,32017548,32017822,275,1044.7,545.6,3881,88,2_back,mst_346_A_l2.png
L,32017847,32018042,196,924.6,517.9,4082,88,2_back,mst_346_A_l2.png
L,32018059,32018747,689,958.9,541.4,4583,88,2_back,mst_346_A_l2.png
L,32018775,32019072,298,966.6,447.3,4282,88,2_back,mst_346_A_l2.png
L,32019088,32020081,994,967.5,409,4093,89,2_back,mst_053_A_l1.png
L,32020120,32020281,162,1003.5,501.9,4515,89,2_back,mst_053_A_l1.png
L,32020304,32020556,253,965,505.8,4582,89,2_back,mst_053_A_l1.png
L,32020580,32021811,1232,982.8,515.7,4706,89,2_back,mst_053_A_l1.png
L,32021822,32023357,1536,972.7,508.1,4916,90,2_back,mst_346_B_l2.png
L,32023387,32023927,541,974.1,424.7,4122,90,2_back,mst_346_B_l2.png
L,32024205,32024548,344,1016.5,451.8,4493,91,2_back,mst_053_B_l1.png
L,32024566,32025451,886,982.4,495.7,4721,91,2_back,mst_053_B_l1.png
L,32025468,32025904,437,1021.6,532.3,4693,91,2_back,mst_053_B_l1.png
L,32025924,32026376,453,956.3,490.3,4688,92,2_back,mst_111_A_l1.png
L,32026389,32027634,1246,984.4,502.8,4765,92,2_back,mst_111_A_l1.png
L,32027643,32027841,199,965.2,501.7,4051,92,2_back,mst_111_A_l1.png
L,32028075,32028146,72,985.2,478.5,4022,92,2_back,mst_111_A_l1.png
L,32028156,32028339,184,1031.1,499,4111,92,2_back,mst_111_A_l1.png
L,32028354,32028905,552,988.4,500.3,4012,93,2_back,mst_144_A_l1.png
L,32028915,32030002,1088,991.5,530.6,4404,93,2_back,mst_144_A_l1.png
L,32030015,32030326,312,966.4,522.9,3954,93,2_back,mst_144_A_l1.png
L,32030342,32030540,199,1016,528.2,3916,93,2_back,mst_144_A_l1.png
L,32030549,32030578,30,992.4,510.3,3917,93,2_back,mst_144_A_l1.png
L,32031368,32032768,1401,987.8,502.3,4301,94,2_back,mst_111_A_l1.png
L,32032782,32032995,214,1029.8,520.3,4424,94,2_back,mst_111_A_l1.png
L,32033017,32034389,1373,990.6,523.8,4762,95,2_back,mst_123_A_l1.png
L,32034412,32034914,503,1004.8,598.5,4253,95,2_back,mst_123_A_l1.png
L,32034928,32035115,188,990.7,561.6,4237,95,2_back,mst_123_A_l1.png
L,32035911,32037404,1494,976.4,509.5,4522,96,2_back,mst_032_A_l1.png
L,32037425,32037632,208,1020.9,503.6,4679,96,2_back,mst_032_A_l1.png
L,32037650,32039270,1621,977.2,502,4930,97,2_back,mst_298_A_l2.png
L,32039291,32039442,152,979.8,513.5,4384,97,2_back,mst_298_A_l2.png
L,32039703,32039905,203,982,482.6,4518,97,2_back,mst_298_A_l2.png
L,32039926,32040615,690,962.6,510.3,4712,98,2_back,mst_032_B_l1.png
L,32040628,32040894,267,983.9,507.9,4714,98,2_back,mst_032_B_l1.png
L,32040923,32041481,559,955,510.4,5009,98,2_back,mst_032_B_l1.png
L,32041502,32042631,1130,1031.7,526.5,4584,99,2_back,mst_200_A_l2.png
L,32042651,32042837,187,977.6,510.8,5008,99,2_back,mst_200_A_l2.png
L,32042856,32043714,859,970.5,515.6,5152,99,2_back,mst_200_A_l2.png
L,32043725,32043965,241,970.5,535.8,4658,99,2_back,mst_200_A_l2.png
L,32043976,32044286,311,941.1,541.4,4195,99,2_back,mst_200_A_l2.png
L,32044309,32044561,253,1029.1,552.3,4131,99,2_back,mst_200_A_l2.png
L,32044813,32045131,319,1002.6,521.3,4127,100,2_back,mst_352_A_l2.png
L,32045138,32045342,205,999.6,509.6,4164,100,2_back,mst_352_A_l2.png
L,32045361,32046103,743,971.9,530.1,4497,100,2_back,mst_352_A_l2.png
L,32046112,32046338,227,998,526.3,4110,100,2_back,mst_352_A_l2.png
L,32046360,32046629,270,1005.8,468.2,4026,100,2_back,mst_352_A_l2.png
L,32046656,32046907,252,991.8,571.2,4059,100,2_back,mst_352_A_l2.png
L,32046930,32047113,184,985.9,501.6,4082,100,2_back,mst_352_A_l2.png
L,32047139,32047367,229,984.7,403.3,4070,101,2_back,mst_200_A_l2.png
L,32047392,32048446,1055,985.6,518.4,4561,101,2_back,mst_200_A_l2.png
L,32048464,32048865,402,979,549.3,4206,101,2_back,mst_200_A_l2.png
L,32049162,32049813,652,1004.1,534.3,4372,102,2_back,mst_352_A_l2.png
L,32049820,32050946,1127,968.4,518,4786,102,2_back,mst_352_A_l2.png
L,32050971,32051228,258,1003.2,483.2,4211,102,2_back,mst_352_A_l2.png
L,32051252,32051664,413,984.7,410.1,3982,102,2_back,mst_352_A_l2.png
L,32051689,32051835,147,1001.4,509,4117,102,2_back,mst_352_A_l2.png
L,32051858,32052080,223,1018.6,460.2,4359,103,2_back,mst_060_A_l1.png
L,32052115,32052514,400,970.5,482.7,4417,103,2_back,mst_060_A_l1.png
L,32052541,32053535,995,977.7,506.6,4795,103,2_back,mst_060_A_l1.png
L,32053550,32053865,316,992.1,526.2,4140,103,2_back,mst_060_A_l1.png
L,32054654,32054964,311,972.5,496,4217,104,2_back,mst_052_A_l1.png
L,32054981,32055600,620,968.2,515.2,4693,104,2_back,mst_052_A_l1.png
L,32055619,32055750,132,988.4,538.3,4738,104,2_back,mst_052_A_l1.png
L,32055774,32056173,400,978.2,588.6,4260,104,2_back,mst_052_A_l1.png
L,32056186,32056376,191,993.3,592.2,4133,104,2_back,mst_052_A_l1.png
L,32056397,32056752,356,984.3,633.2,4159,104,2_back,mst_052_A_l1.png
L,32056777,32058129,1353,978.9,525.6,4374,105,2_back,mst_060_A_l1.png
L,32058144,32058224,81,1003.2,498.2,4133,105,2_back,mst_060_A_l1.png
L,32059048,32059264,217,984.2,497,4323,106,2_back,mst_052_A_l1.png
L,32059274,32060034,761,982,518.2,4531,106,2_back,mst_052_A_l1.png
L,32060050,32060251,202,995.7,542.9,4613,106,2_back,mst_052_A_l1.png
L,32060258,32060752,495,1007.4,565.9,4308,106,2_back,mst_052_A_l1.png
L,32060768,32061037,270,978.5,579.5,4297,106,2_back,mst_052_A_l1.png
L,32061050,32061550,501,996.3,533.3,4258,107,2_back,mst_138_A_l1.png
L,32061573,32062156,584,975.9,519.8,4500,107,2_back,mst_138_A_l1.png
L,32062178,32062462,285,880.8,546.6,4290,107,2_back,mst_138_A_l1.png
L,32062476,32062711,236,948,532.8,3994,107,2_back,mst_138_A_l1.png
L,32062727,32062969,243,894,532.9,3912,107,2_back,mst_138_A_l1.png
L,32062989,32063335,347,837.4,569.1,4023,107,2_back,mst_138_A_l1.png
L,32063362,32063823,462,957.5,516.2,4174,108,2_back,mst_139_A_l1.png
L,32063829,32064169,341,960.6,524.3,4506,108,2_back,mst_139_A_l1.png
L,32064189,32064423,235,971.5,510,4315,108,2_back,mst_139_A_l1.png
L,32065215,32065486,272,979.4,526,4205,109,2_back,mst_138_A_l1.png
L,32065501,32065695,195,950.3,508.9,4292,109,2_back,mst_138_A_l1.png
L,32065719,32066564,846,975.1,513.7,4494,109,2_back,mst_138_A_l1.png
L,32066574,32066706,133,1011.1,500.1,4078,109,2_back,mst_138_A_l1.png
L,32067494,32068475,982,981.3,528.5,4200,110,2_back,mst_139_A_l1.png
L,32068497,32069077,581,1005.4,542.1,3929,110,2_back,mst_139_A_l1.png
L,32069097,32069205,109,933.6,523.6,3950,110,2_back,mst_139_A_l1.png
L,32069225,32069389,165,920.6,487.3,4037,110,2_back,mst_139_A_l1.png
L,32069407,32069662,256,981.3,510.8,4253,111,2_back,mst_215_A_l2.png
L,32069680,32070533,854,966.3,535.7,4444,111,2_back,mst_215_A_l2.png
L,32070549,32070763,215,1004.5,552.2,4440,111,2_back,mst_215_A_l2.png
L,32070781,32073350,2570,971.8,542.3,4391,112,2_back,mst_101_A_l1.png
L,32073374,32073676,303,1027.8,585.7,4227,112,2_back,mst_101_A_l1.png
L,32073689,32073871,183,1003.3,584,4285,112,2_back,mst_101_A_l1.png
L,32073895,32074170,276,973.8,520.3,4302,113,2_back,mst_199_A_l2.png
L,32074194,32074397,204,1015.3,567.5,4381,113,2_back,mst_199_A_l2.png
L,32074406,32075336,931,993.8,545.8,4720,113,2_back,mst_199_A_l2.png
L,32075352,32075686,335,1020.9,535.9,4217,113,2_back,mst_199_A_l2.png
L,32076475,32076812,338,1000.7,514.2,4119,114,2_back,mst_101_B_l1.png
L,32076835,32077592,758,983.5,531.7,4617,114,2_back,mst_101_B_l1.png
L,32077614,32077887,274,1038.2,547.2,4560,114,2_back,mst_101_B_l1.png
L,32077910,32078136,227,1013.7,558.8,4471,114,2_back,mst_101_B_l1.png
L,32078162,32078406,245,959.7,479.1,4651,114,2_back,mst_101_B_l1.png
L,32079190,32080602,1413,978.1,513,4782,115,2_back,mst_199_A_l2.png
L,32080612,32080947,336,1015.4,512.3,4179,115,2_back,mst_199_A_l2.png
L,32080958,32082201,1244,991.2,509.3,4470,116,2_back,mst_308_A_l2.png
L,32082219,32082428,210,949.2,520.9,4617,116,2_back,mst_308_A_l2.png
L,32082450,32082819,370,1012.5,582.6,4189,116,2_back,mst_308_A_l2.png
L,32082840,32083027,188,948,521.6,4126,116,2_back,mst_308_A_l2.png
L,32083040,32083446,407,993.1,525.6,4067,117,2_back,mst_356_A_l2.png
L,32083461,32084639,1179,966.1,527.4,4201,117,2_back,mst_356_A_l2.png
L,32084663,32084936,274,1103.6,541.4,4171,117,2_back,mst_356_A_l2.png
L,32085163,32085630,468,1047,505.6,3985,117,2_back,mst_356_A_l2.png
L,32085649,32087429,1781,999,533.7,4314,118,2_back,mst_308_A_l2.png
L,32087670,32089281,1612,986.3,527.7,4605,119,2_back,mst_356_A_l2.png
L,32089302,32090584,1283,1020.6,552.4,4377,120,2_back,mst_157_A_l1.png
L,32090596,32090860,265,992.1,533.6,4686,120,2_back,mst_157_A_l1.png
L,32090869,32091447,579,983.2,540.5,4730,120,2_back,mst_157_A_l1.png
L,32091465,32091890,426,920.4,524.4,4118,120,2_back,mst_157_A_l1.png
L,32091904,32092090,187,968.4,537.2,4181,120,2_back,mst_157_A_l1.png
L,32092104,32092332,229,1037.6,533.4,4205,120,2_back,mst_157_A_l1.png
L,32092348,32093466,1119,976,525.6,4425,121,2_back,mst_026_A_l1.png
L,32093490,32093768,279,989.3,532.2,4878,121,2_back,mst_026_A_l1.png
L,32093784,32094119,336,959.1,501.8,4110,121,2_back,mst_026_A_l1.png
L,32094130,32094765,636,993.6,494.8,3965,121,2_back,mst_026_A_l1.png
L,32094776,32095115,340,968.9,485.2,4046,122,2_back,mst_119_A_l1.png
L,32095128,32095385,258,986.2,515.5,4212,122,2_back,mst_119_A_l1.png
L,32095406,32096003,598,969.2,517.7,4643,122,2_back,mst_119_A_l1.png
L,32096022,32096235,214,1029.9,535.9,4251,122,2_back,mst_119_A_l1.png
L,32096984,32098505,1522,987.1,507.3,4417,123,2_back,mst_077_A_l1.png
L,32098523,32098736,214,1037.7,485.6,4199,123,2_back,mst_077_A_l1.png
L,32098755,32099425,671,988.3,499.8,4478,124,2_back,mst_119_A_l1.png
L,32099433,32100651,1219,980.5,502.3,4631,124,2_back,mst_119_A_l1.png
L,32100669,32100902,234,1028.8,509.2,4262,124,2_back,mst_119_A_l1.png
L,32100920,32101407,488,970.1,504.4,4685,124,2_back,mst_119_A_l1.png
L,32101422,32101721,300,984.2,515.5,4737,125,2_back,mst_315_A_l2.png
L,32101740,32102718,979,961.3,521.8,5074,125,2_back,mst_315_A_l2.png
L,32102731,32102831,101,922.8,544.9,4898,125,2_back,mst_315_A_l2.png
L,32103084,32103278,195,831.6,556.5,4228,125,2_back,mst_315_A_l2.png
L,32103303,32103501,199,1006.6,543.4,4227,125,2_back,mst_315_A_l2.png
L,32103525,32103729,205,867.6,566.5,4138,125,2_back,mst_315_A_l2.png
L,32103755,32103968,214,1044.8,504.1,4138,126,2_back,mst_193_A_l2.png
L,32104002,32104246,245,905.1,532.9,4207,126,2_back,mst_193_A_l2.png
L,32104268,32105306,1039,965.8,524.5,4784,126,2_back,mst_193_A_l2.png
L,32105323,32105605,283,1009.4,510.3,4376,126,2_back,mst_193_A_l2.png
L,32105629,32107344,1716,970.6,520.4,4592,127,2_back,mst_315_B_l2.png
L,32107368,32107824,457,1033.2,556.6,4541,127,2_back,mst_315_B_l2.png
L,32107849,32108095,247,899.6,553.6,4268,127,2_back,mst_315_B_l2.png
L,32108117,32108942,826,989.3,545.1,4608,128,2_back,mst_193_B_l2.png
L,32108966,32110212,1247,960,544.9,4903,128,2_back,mst_193_B_l2.png
L,32110232,32110465,234,1030.8,530.5,4604,128,2_back,mst_193_B_l2.png
L,32110489,32110794,306,949.8,485.4,4738,128,2_back,mst_193_B_l2.png
L,32110815,32111277,463,991.6,537.9,4674,129,2_back,mst_073_A_l1.png
L,32111298,32111753,456,970.2,524.8,4766,129,2_back,mst_073_A_l1.png
L,32111783,32112385,603,977.1,542.1,4955,129,2_back,mst_073_A_l1.png
L,32112401,32112947,547,953.4,543.2,4050,129,2_back,mst_073_A_l1.png
L,32112962,32113444,483,1013.5,553.5,4034,130,2_back,mst_222_A_l2.png
L,32113466,32113686,221,937,540.8,4135,130,2_back,mst_222_A_l2.png
L,32113702,32113940,239,977.5,545.1,4183,130,2_back,mst_222_A_l2.png
L,32113965,32114443,479,954.1,554.1,4519,130,2_back,mst_222_A_l2.png
L,32114464,32115173,710,1027,542.9,4039,130,2_back,mst_222_A_l2.png
L,32115190,32115532,343,961.3,533,4201,130,2_back,mst_222_A_l2.png
L,32115549,32115790,242,1013.9,540.8,4258,131,2_back,mst_073_B_l1.png
L,32115804,32116776,973,977.8,544.4,4476,131,2_back,mst_073_B_l1.png
L,32116798,32116895,98,1034.4,559.8,4179,131,2_back,mst_073_B_l1.png
L,32117708,32119123,1416,960.4,538.8,4747,132,2_back,mst_201_A_l2.png
L,32119145,32119383,239,995,520,4287,132,2_back,mst_201_A_l2.png
L,32119402,32119687,286,951.1,507.1,4024,132,2_back,mst_201_A_l2.png
L,32119702,32119960,259,995.8,506.1,4071,132,2_back,mst_201_A_l2.png
L,32119978,32120483,506,961.5,511.2,4246,133,2_back,mst_030_A_l1.png
L,32120491,32120680,190,974.9,512.4,4277,133,2_back,mst_030_A_l1.png
L,32120687,32121524,838,960.4,518.9,4699,133,2_back,mst_030_A_l1.png
L,32121539,32121892,354,1015.3,517.5,4553,133,2_back,mst_030_A_l1.png
L,32121916,32122141,226,972.9,504.4,4618,133,2_back,mst_030_A_l1.png
L,32122431,32122719,289,987.1,480.7,4778,134,2_back,mst_201_B_l2.png
L,32122745,32122921,177,953.6,517,4762,134,2_back,mst_201_B_l2.png
L,32122935,32123754,820,977.3,526.5,4713,134,2_back,mst_201_B_l2.png
L,32123777,32124330,554,1033.6,550.2,3961,134,2_back,mst_201_B_l2.png
L,32124354,32124467,114,957.4,525.8,4030,134,2_back,mst_201_B_l2.png
L,32125227,32125802,576,972.1,519.5,4668,135,2_back,mst_030_B_l1.png
L,32125842,32126131,290,1059.7,537.6,4982,135,2_back,mst_030_B_l1.png
L,32126157,32126681,525,981.8,506.1,5038,135,2_back,mst_030_B_l1.png
L,32126695,32127261,567,982.5,543.1,5279,136,2_back,mst_299_A_l2.png
L,32127273,32127854,582,968.3,534.3,5147,136,2_back,mst_299_A_l2.png
L,32127871,32128242,372,978.1,542,4932,136,2_back,mst_299_A_l2.png
L,32128257,32128500,244,941.1,545.9,4385,136,2_back,mst_299_A_l2.png
L,32128524,32128812,289,1065.8,557.7,4005,136,2_back,mst_299_A_l2.png
L,32128828,32128934,107,1012.7,547.6,3922,136,2_back,mst_299_A_l2.png
L,32129693,32129865,173,953.7,546.3,4092,137,2_back,mst_164_A_l1.png
L,32129875,32130463,589,983.2,540.9,4539,137,2_back,mst_164_A_l1.png
L,32130487,32130697,211,962.2,513.2,4282,137,2_back,mst_164_A_l1.png
L,32130721,32130952,232,999.5,440,4129,137,2_back,mst_164_A_l1.png
L,32130973,32131291,319,992.5,406.3,4233,137,2_back,mst_164_A_l1.png
L,32131306,32131739,434,968.5,458.5,4582,138,2_back,mst_299_B_l2.png
L,32131763,32133186,1424,992.2,524.1,4787,138,2_back,mst_299_B_l2.png
L,32133205,32134174,970,1081.5,513.9,4724,139,2_back,mst_164_B_l1.png
L,32134195,32134443,249,1005.5,516.3,5120,139,2_back,mst_164_B_l1.png
L,32134475,32134866,392,969.1,505.4,5305,139,2_back,mst_164_B_l1.png
L,32134890,32135145,256,1043.7,462.7,4772,139,2_back,mst_164_B_l1.png
L,32135165,32135409,245,1075.7,402.8,4294,139,2_back,mst_164_B_l1.png
L,32135435,32135769,335,998.4,521.6,4374,139,2_back,mst_164_B_l1.png
L,32135788,32136270,483,1034.9,497.1,4466,140,2_back,mst_358_A_l2.png
L,32136280,32136495,216,1023.6,520.3,4527,140,2_back,mst_358_A_l2.png
L,32136516,32137110,595,990.9,538.2,4781,140,2_back,mst_358_A_l2.png
L,32137881,32138566,686,988.4,558,4324,141,2_back,mst_172_A_l1.png
L,32138574,32139210,637,985.5,546.3,4771,141,2_back,mst_172_A_l1.png
L,32139227,32139463,237,1028.7,544.3,4354,141,2_back,mst_172_A_l1.png
L,32139481,32140260,780,1005.7,546.9,4460,141,2_back,mst_172_A_l1.png
L,32140285,32141668,1384,985.4,557.9,5095,142,2_back,mst_358_A_l2.png
L,32141679,32141988,310,1022.3,572.2,4508,142,2_back,mst_358_A_l2.png
L,32142002,32143406,1405,983.6,560,4858,143,2_back,mst_274_A_l2.png
L,32143438,32143607,170,1022,575.4,4851,143,2_back,mst_274_A_l2.png
L,32143629,32143776,148,1027.7,497.9,4372,143,2_back,mst_274_A_l2.png
L,32144009,32144117,109,1044.1,685.9,4120,143,2_back,mst_274_A_l2.png
L,32144138,32144579,442,1036,659.8,4046,143,2_back,mst_274_A_l2.png
L,32144628,32144989,362,991.6,485.6,3848,144,2_back,mst_316_A_l2.png
L,32145004,32145807,804,992.7,518,4269,144,2_back,mst_316_A_l2.png
L,32145824,32146068,245,1022.6,530.4,4167,144,2_back,mst_316_A_l2.png
L,32146088,32147121,1034,999,537.1,4009,145,2_back,mst_274_B_l2.png
L,32147140,32147914,775,996.4,539.6,4474,145,2_back,mst_274_B_l2.png
L,32147944,32148231,288,1028.7,585.4,4175,145,2_back,mst_274_B_l2.png
L,32148254,32148472,219,1002.1,487.9,4052,145,2_back,mst_274_B_l2.png
L,32148700,32149253,554,1021.9,510.3,4466,146,2_back,mst_316_A_l2.png
L,32149274,32150241,968,988.9,513.3,4822,146,2_back,mst_316_A_l2.png
L,32150266,32151527,1262,1005.7,537.8,4393,147,2_back,mst_257_A_l2.png
L,32151537,32151745,209,983.2,545,4418,147,2_back,mst_257_A_l2.png
L,32151757,32151920,164,1011.5,534.8,4538,147,2_back,mst_257_A_l2.png
L,32151947,32152474,528,984.5,538.4,4854,147,2_back,mst_257_A_l2.png
L,32152495,32152661,167,991.4,572.2,4623,147,2_back,mst_257_A_l2.png
L,32152890,32152934,45,964.4,507,4459,147,2_back,mst_257_A_l2.png
L,32152944,32153109,166,970.2,535.5,4468,147,2_back,mst_257_A_l2.png
L,32153133,32154124,992,962.6,531.4,4661,148,2_back,mst_287_A_l2.png
L,32154156,32154733,578,985.9,531.9,4701,148,2_back,mst_287_A_l2.png
L,32154753,32154875,123,982.9,520.3,4183,148,2_back,mst_287_A_l2.png
L,32155166,32155220,55,959.8,461.9,4242,148,2_back,mst_287_A_l2.png
L,32155229,32156022,794,970.6,498.7,4386,149,2_back,mst_126_A_l1.png
L,32156042,32156130,89,963.8,520.7,4488,149,2_back,mst_126_A_l1.png
L,32156174,32157285,1112,952.2,519.9,4817,149,2_back,mst_126_A_l1.png
L,32157298,32158392,1095,987.3,517.1,4570,150,2_back,mst_287_B_l2.png
L,32158417,32159859,1443,964.2,516.4,4907,150,2_back,mst_287_B_l2.png
L,32159891,32160175,285,1014.4,513.5,4912,150,2_back,mst_287_B_l2.png
L,32160212,32160770,559,961.1,517.2,5202,151,2_back,mst_013_A_l1.png
L,32160800,32161503,704,982.2,521.6,5164,151,2_back,mst_013_A_l1.png
L,32161776,32162026,251,999.4,514.3,4945,151,2_back,mst_013_A_l1.png
L,32162050,32163717,1668,951,518,5144,152,2_back,mst_403_A_foil.png
L,32163734,32164016,283,977.9,531.1,4372,152,2_back,mst_403_A_foil.png
L,32164036,32165815,1780,953.7,535.9,4799,153,2_back,mst_013_B_l1.png
L,32165837,32166132,296,1025.6,518.4,5114,153,2_back,mst_013_B_l1.png
L,32166167,32167000,834,957.2,513.6,5358,154,2_back,mst_631_A_foil.png
L,32167021,32167577,557,963.8,521,5649,154,2_back,mst_631_A_foil.png
L,32167602,32167789,188,961.3,586.3,5088,154,2_back,mst_631_A_foil.png
L,32168589,32168857,269,947,539.9,4331,155,2_back,mst_582_A_foil.png
L,32168878,32169874,997,972.9,539.2,4726,155,2_back,mst_582_A_foil.png
L,32169895,32169972,78,1002.2,529.8,4778,155,2_back,mst_582_A_foil.png
L,32170238,32170266,29,980.1,477.3,4188,155,2_back,mst_582_A_foil.png
L,32170274,32171243,970,1000.7,524.7,4353,156,2_back,mst_181_A_foil.png
L,32171263,32172287,1025,964.3,519.4,4847,156,2_back,mst_181_A_foil.png
L,32172302,32172341,40,948.2,477.3,4405,156,2_back,mst_181_A_foil.png
L,32172584,32173596,1013,977.3,501.7,4637,157,2_back,mst_725_A_foil.png
L,32173613,32174283,671,971.6,527.3,4848,157,2_back,mst_725_A_foil.png
L,32174298,32174723,426,936.7,514.9,4897,157,2_back,mst_725_A_foil.png
L,32174753,32175379,627,975.5,510.5,5037,158,2_back,mst_185_A_foil.png
L,32175393,32175622,230,940.9,504.5,5115,158,2_back,mst_185_A_foil.png
L,32175652,32175818,167,975.7,490.3,5159,158,2_back,mst_185_A_foil.png
L,32175851,32177146,1296,954.3,523.7,4850,158,2_back,mst_185_A_foil.png
L,32177177,32177473,297,978.2,519.4,4949,158,2_back,mst_185_A_foil.png
L,32177502,32177922,421,940.9,517.1,5108,158,2_back,mst_185_A_foil.png
