onset	duration	trial_type	stim_onset_tr	fix_onset_tr	response_time	stim_file	corr_resp	resp_key
7.55881135701202	1.5	lure	5.03920757134135	4.01146322597439	NaN	mst_269_B_l4.png	2	NA
10.5254357489757	1.5	new	7.01695716598382	6.05033386001984	NaN	mst_113_A_foil.png	none	NA
14.2087390320376	1.5	new	9.47249268802504	8.02252496398675	0.940564980963245	mst_050_A_foil.png	none	1
17.3170865600696	1.5	new	11.5447243733797	10.4780386333199	NaN	mst_078_A_foil.png	none	NA
20.7753915759968	1.5	new	13.8502610506645	12.5502291359783	NaN	mst_176_A_foil.png	none	NA
23.5503224970307	1.5	lure	15.7002149980205	14.855746254713	NaN	mst_286_B_l4.png	2	NA
25.791912817047	1.5	lure	17.194608544698	16.7057161366877	NaN	mst_247_B_l4.png	2	NA
28.6418303080136	1.5	new	19.0945535386757	18.200181310686	0.655471991980448	mst_053_A_foil.png	none	2
32.2334947050549	1.5	old	21.4889964700366	20.100127177313	NaN	mst_248_A_l4.png	1	NA
34.9501078770263	1.5	lure	23.3000719180175	22.4945541593091	1.28719442500733	mst_241_B_l4.png	2	2
38.3750598829938	1.5	new	25.5833732553292	24.3056071800335	NaN	mst_016_A_foil.png	none	NA
42.0333381560631	1.5	old	28.0222254373754	26.5889236333314	NaN	mst_309_A_l4.png	1	NA
44.2999703220557	1.5	new	29.5333135480372	29.0277603280265	NaN	mst_204_A_foil.png	none	NA
47.0249940040521	1.5	lure	31.3499960027014	30.5388486086546	0.831340659991838	mst_250_B_l4.png	2	1
50.6998650840251	1.5	lure	33.7999100560167	32.3555285659774	NaN	mst_252_B_l4.png	2	NA
54.0581553679658	1.5	old	36.0387702453105	34.8054610173373	0.921147580025718	mst_307_A_l4.png	1	1
57.8080662490102	1.5	old	38.5387108326734	37.0443164926643	0.710235915030353	mst_256_A_l4.png	1	1
61.7247123490088	1.5	new	41.1498082326725	39.5442702353466	NaN	mst_239_A_foil.png	none	NA
63.757962136995	1.5	lure	42.50530809133	42.15535301265	NaN	mst_290_B_l4.png	2	NA
67.4746246959548	1.5	old	44.9830831306366	43.5108820353635	1.24867732310668	mst_294_A_l4.png	1	2
70.7579331949819	1.5	old	47.1719554633213	45.9886293713159	0.916376557084732	mst_318_A_l4.png	1	2
72.7745497389697	1.5	old	48.5163664926464	48.1774873860025	1.30575663305353	mst_255_A_l4.png	1	2
76.107847737032	1.5	new	50.7385651580213	49.5220302693391	NaN	mst_114_A_foil.png	none	NA
79.6911184689961	1.5	lure	53.1274123126641	51.7440973973523	1.22320377198048	mst_287_B_l4.png	2	2
82.8661326280562	1.5	lure	55.2440884187041	54.1329483233082	0.789175843005069	mst_288_B_l4.png	2	1
85.7993677409831	1.5	old	57.1995784939888	56.2495855460099	1.01693926402368	mst_299_A_l4.png	1	1
87.9243304280099	1.5	old	58.6162202853399	58.2052546653431	NaN	mst_244_A_l4.png	1	NA
89.9910490700277	1.5	lure	59.9940327133518	59.6217633646447	NaN	mst_292_B_l4.png	2	NA
92.39926847897	1.5	new	61.5995123193134	60.9995139033223	NaN	mst_127_A_foil.png	none	NA
94.9075657100184	1.5	old	63.2717104733456	62.6050423873433	NaN	mst_320_A_l4.png	1	NA
98.0408557590563	1.5	lure	65.3605705060375	64.2772493226609	NaN	mst_291_B_l4.png	2	NA
101.615790929063	1.5	lure	67.7438606193755	66.366136074687	0.923548383987509	mst_319_B_l4.png	2	1
105.09074526804	1.5	old	70.0604968453602	68.7494079673197	NaN	mst_279_A_l4.png	1	NA
107.31571529503	1.5	old	71.5438101966865	71.0660385373048	NaN	mst_300_A_l4.png	1	NA
110.149052100955	1.5	old	73.4327014006364	72.5493480853426	1.02125014807098	mst_315_A_l4.png	1	2
113.923952918965	1.5	lure	75.9493019459769	74.4382156819726	NaN	mst_249_B_l4.png	2	NA
116.58223995904	1.5	new	77.7214933060265	76.9548403653316	NaN	mst_065_A_foil.png	none	NA
119.390632897033	1.5	lure	79.5937552646889	78.7270555306847	NaN	mst_311_B_l4.png	2	NA
122.94887429697	1.5	old	81.9659161979798	80.5992584093474	0.69746324501466	mst_277_A_l4.png	1	1
126.75711130898	1.5	old	84.5047408726532	82.9714373013315	NaN	mst_308_A_l4.png	1	NA
129.873727508006	1.5	new	86.5824850053371	85.5102747780426	NaN	mst_213_A_foil.png	none	NA
133.365350896027	1.5	lure	88.9102339306846	87.5880431439728	1.26397515193094	mst_281_B_l4.png	2	2
136.823541474063	1.5	old	91.215694316042	89.9157868666419	1.41375880397391	mst_313_A_l4.png	1	2
140.698555898038	1.5	lure	93.7990372653585	92.2213321179928	1.18875040893909	mst_246_B_l4.png	2	1
144.581832227996	1.5	new	96.3878881519971	94.8045757653502	NaN	mst_141_A_foil.png	none	NA
147.723415308981	1.5	old	98.4822768726541	97.3934325673617	0.617888299981132	mst_243_A_l4.png	1	1
151.265074184048	1.5	lure	100.843382789365	99.4878395293684	NaN	mst_283_B_l4.png	2	NA
155.031782838982	1.5	new	103.354521892654	101.848945178014	NaN	mst_166_A_foil.png	none	NA
158.214987304062	1.5	lure	105.476658202708	104.360016377332	1.12132229900453	mst_245_B_l4.png	2	1
160.58992567705	1.5	new	107.059950451367	106.482187574652	NaN	mst_062_A_foil.png	none	NA
163.606561552035	1.5	old	109.07104103469	108.065494521987	NaN	mst_272_A_l4.png	1	NA
167.473195219995	1.5	new	111.64879681333	110.076575199996	NaN	mst_146_A_foil.png	none	NA
169.823143101996	1.5	new	113.215428734664	112.654312669377	NaN	mst_234_A_foil.png	none	NA
173.264748370042	1.5	old	115.509832246695	114.22099135071	0.571563949924894	mst_306_A_l4.png	1	2
176.231420743978	1.5	lure	117.487613829318	116.515368941318	1.04090542800259	mst_267_B_l4.png	2	2
179.006335756974	1.5	lure	119.337557171316	118.49312069267	NaN	mst_285_B_l4.png	2	NA
181.181355459965	1.5	new	120.787570306643	120.34309045334	1.27899912709836	mst_184_A_foil.png	none	2
184.764595385059	1.5	old	123.176396923373	121.793099834661	0.746714536915533	mst_302_A_l4.png	1	2
188.331266455003	1.5	old	125.554177636669	124.181993066644	0.779036313993856	mst_263_A_l4.png	1	1
190.806171611999	1.5	new	127.204114407999	126.559670963325	NaN	mst_140_A_foil.png	none	NA
194.231172194006	1.5	old	129.487448129337	128.209648554679	1.18813011306338	mst_289_A_l4.png	1	2
198.006051057018	1.5	new	132.004034038012	130.492945918658	1.12325594597496	mst_196_A_foil.png	none	2
201.839339039987	1.5	new	134.559559359991	133.009571224684	NaN	mst_104_A_foil.png	none	NA
204.680991942994	1.5	lure	136.453994628663	135.565131839986	0.816310629015788	mst_282_B_l4.png	2	1
208.139322394039	1.5	new	138.759548262693	137.459512484648	NaN	mst_124_A_foil.png	none	NA
210.530891461996	1.5	new	140.353927641331	139.765037289976	NaN	mst_010_A_foil.png	none	NA
213.33915930707	1.5	lure	142.226106204713	141.359449942674	1.45815218891948	mst_295_B_l4.png	2	2
215.647506657057	1.5	new	143.765004438038	143.231645628655	NaN	mst_059_A_foil.png	none	NA
219.372445538058	1.5	old	146.248297025372	144.770514960711	0.610860198969021	mst_310_A_l4.png	1	1
222.980687770993	1.5	new	148.653791847328	147.253808412002	NaN	mst_071_A_foil.png	none	NA
226.580629620003	1.5	lure	151.053753080002	149.659338574701	NaN	mst_242_B_l4.png	2	NA
228.672323907027	1.5	lure	152.448215938018	152.0593274727	NaN	mst_303_B_l4.png	2	NA
230.930523546995	1.5	new	153.953682364663	153.453723524697	NaN	mst_100_A_foil.png	none	NA
233.588876593043	1.5	new	155.725917728695	154.95927394197	NaN	mst_224_A_foil.png	none	NA
236.088895285968	1.5	lure	157.392596857312	156.731460449984	0.869408366037533	mst_312_B_l4.png	2	2
240.047103867051	1.5	old	160.031402578034	158.398103486669	1.03320860501844	mst_261_A_l4.png	1	1
242.713742116001	1.5	old	161.809161410667	161.036942227976	0.964564671041444	mst_259_A_l4.png	1	2
246.247014682973	1.5	old	164.164676455315	162.814700252687	1.05929208104499	mst_297_A_l4.png	1	2
249.355317473994	1.5	new	166.236878315996	165.170245359341	NaN	mst_011_A_foil.png	none	NA
251.730283553014	1.5	lure	167.820189035342	167.242412449326	NaN	mst_274_B_l4.png	2	NA
255.063557659043	1.5	new	170.042371772695	168.825718448032	1.08377499098424	mst_159_A_foil.png	none	2
258.221872266033	1.5	old	172.147914844022	171.047937244643	NaN	mst_304_A_l4.png	1	NA
261.280134067987	1.5	lure	174.186756045325	173.153437053319	NaN	mst_264_B_l4.png	2	NA
264.646740872995	1.5	new	176.431160581997	175.19229546003	NaN	mst_042_A_foil.png	none	NA
268.355034144013	1.5	new	178.903356096009	177.436701436682	0.739273565006442	mst_077_A_foil.png	none	2
271.771645931061	1.5	old	181.181097287374	179.908934809345	0.697659103898332	mst_258_A_l4.png	1	2
273.779891935061	1.5	old	182.519927956707	182.186633187346	1.45641451596748	mst_298_A_l4.png	1	2
277.179891300038	1.5	new	184.786594200026	183.525507124684	NaN	mst_182_A_foil.png	none	NA
279.663249097997	1.5	new	186.442166065332	185.79214384337	NaN	mst_079_A_foil.png	none	NA
283.171488460968	1.5	new	188.780992307312	187.447671365303	NaN	mst_199_A_foil.png	none	NA
285.729780334048	1.5	lure	190.486520222699	189.786578497306	0.612524537020363	mst_314_B_l4.png	2	1
288.388108654064	1.5	lure	192.258739102709	191.492082517361	0.633209247956984	mst_262_B_l4.png	2	1
291.963015994057	1.5	new	194.642010662705	193.264287617368	NaN	mst_228_A_foil.png	none	NA
294.554651733022	1.5	old	196.369767822015	195.647559034638	0.653658446972258	mst_268_A_l4.png	1	2
298.512934798957	1.5	lure	199.008623199305	197.375325929374	0.659371701069176	mst_305_B_l4.png	2	1
300.854486203985	1.5	lure	200.569657469324	200.014186099327	NaN	mst_293_B_l4.png	2	NA
303.146175318048	1.5	old	202.097450212032	201.575239077366	0.671133923926391	mst_253_A_l4.png	1	2
306.862792465021	1.5	new	204.575194976681	203.103028698669	NaN	mst_183_A_foil.png	none	NA
308.996096090064	1.5	lure	205.997397393376	205.580735914642	1.29320826393086	mst_284_B_l4.png	2	1
312.92937332904	1.5	old	208.61958221936	207.002933789976	0.647931550978683	mst_265_A_l4.png	1	1
316.779323606053	1.5	new	211.186215737369	209.625137130031	NaN	mst_174_A_foil.png	none	NA
319.762608646066	1.5	lure	213.175072430711	212.191763817333	NaN	mst_254_B_l4.png	2	NA
323.045884676976	1.5	old	215.363923117984	214.180609971362	0.676423233002424	mst_270_A_l4.png	1	1
326.712543386035	1.5	old	217.808362257356	216.369466340014	NaN	mst_317_A_l4.png	1	NA
329.279151841067	1.5	lure	219.519434560711	218.813901670044	1.28915121895261	mst_251_B_l4.png	2	1
333.254011003999	1.5	old	222.169340669333	220.524987685339	0.800292334984988	mst_276_A_l4.png	1	1
335.612400020007	1.5	lure	223.741600013338	223.174923459999	NaN	mst_257_B_l4.png	2	NA
338.15402649797	1.5	old	225.436017665314	224.747125619324	1.11927595408633	mst_316_A_l4.png	1	2
342.037292551016	1.5	old	228.024861700678	226.441542520653	0.768010669038631	mst_271_A_l4.png	1	1
344.770666591008	1.5	lure	229.847111060672	229.030403501975	1.07367258204613	mst_273_B_l4.png	2	1
347.612219795003	1.5	old	231.741479863335	230.852587882041	0.640084563056007	mst_301_A_l4.png	1	1
351.603850156069	1.5	new	234.402566770713	232.747029749987	NaN	mst_216_A_foil.png	none	NA
354.720432269969	1.5	old	236.480288179979	235.40809319471	0.807868341100402	mst_266_A_l4.png	1	1
358.328708473011	1.5	lure	238.885805648674	237.485865117982	NaN	mst_275_B_l4.png	2	NA
361.737039959989	1.5	old	241.158026639993	239.891394110707	NaN	mst_260_A_l4.png	1	NA
364.636874521966	1.5	new	243.091249681311	242.163543018047	1.03643958107568	mst_036_A_foil.png	none	1
368.353566481965	1.5	lure	245.56904432131	244.096838711373	NaN	mst_280_B_l4.png	2	NA
371.178517410997	1.5	lure	247.452344940665	246.57458578803	NaN	mst_278_B_l4.png	2	NA
374.228481202037	1.5	new	249.485654134691	248.45789521335	NaN	mst_201_A_foil.png	none	NA
377.603466978995	1.5	lure	251.735644652663	250.491191794708	NaN	mst_296_B_l4.png	2	NA
